Ticker,Nama,Grup,Sektor,Syariah,Status,Skor,Flag,Harga,PER,PBV,PERvsSektor,PBVvsSektor,ROE%,LabaYoY%,OmzetYoY%,Dividen%,DER,MarketCap(T),Vol20(jt),Nilai(M),VolSpike,RSI14,MA50,MA200,NetAsing1H(M),NetAsing5H(M),NetAsing20H(M),TglAsing,MarginKotor%,MarginOperasi%,MarginBersih%,ROA%,UtangBersih/EBITDA,CurrentRatio,QuickRatio,InterestCoverage,EV/EBITDA,OCF/Laba,FCFYield%,Payout%,Capex/OCF,SkorValuasi,SkorProfitabilitas,SkorKesehatan,SkorPertumbuhan,SkorArusKas,OmzetCAGR3%,LabaCAGR3%,TahunLabaNaik,SahamYoY%,EPS,BVPS,DPS,Saham,Omzet,LabaBersih,EBITDA,EBIT,TotalUtang,Kas,UtangBersih,TotalAset,Ekuitas,OCF,Capex,FCF,Periode,Basis,MataUang
MDKA,Merdeka Copper Gold Tbk.,LQ45,Basic Materials,Ya,HOLD,31.0,"rugi,FCF-",2920,-4616.6,4.71,,2.52,-0.1,1637.8,23.5,0.42,2.69,71.3,43.87,130.3,0.79,50.2,2896,2905.0,0.5,-102.1,-32.3,2026-10-06,18.7,14.79,-0.04,-0.02,5.25,1.33,0.92,2.17,17.86,-420.36,-3.32,0.0,1.36,16.0,12.0,28.0,73.0,36.0,29.6,,0.0,0.02,-0.6325,619.6295,12.29,24416902071.0,35748699782400.0,-15442764000.0,5655823421760.0,5582488456800.0,40754789925600.0,9675232700160.0,29689987368480.0,107036218629120.0,15129433359840.0,6491559098400.0,-8858369279040.0,-2366810180640.0,2026-03-31,TTM,USD
MGLV,NexAI Digital Infrastruktur ,,Consumer Cyclical,Ya,BOW,35.0,"rugi,OCF-,FCF-,bunga<1.5",13800,-2914.5,206.67,,127.57,-6.85,,,0.0,0.0,26.3,1.19,18.0,0.84,49.2,11956,7000.0,-0.6,-11.4,-14.7,2026-10-06,36.79,-5.65,-7.05,-3.96,,3.6,0.8,-2.26,,3.64,-0.13,0.0,,10.0,34.0,60.0,,50.0,-8.4,,1.0,0.0,-4.7349,66.7743,,1904883411.0,127866478461.0,-9019490202.0,-1748982655.0,-5806928268.0,16361068.0,3156869509.0,-3140508441.0,187913019699.0,127197337830.0,-32858488716.0,-93775600.0,-32952264316.0,,Tahunan,IDR
MINA,Sanurhasta Mitra Tbk.,,Consumer Cyclical,Tidak,JUAL,33.0,"rugi,bunga<1.5,dilusi",216,-2720.4,8.49,,5.24,-0.46,158.7,-9.5,0.0,0.0,2.1,44.76,10.6,1.59,33.9,259,326.0,1.3,-0.2,-2.0,2026-10-06,66.16,-47.73,-8.43,-0.44,1.98,135.3,117.31,1.29,1256.42,-1.29,0.04,0.0,0.19,9.0,3.0,72.0,61.0,38.0,-1.0,,2.0,21.19,-0.0794,25.4503,,9843750000.0,9273467099.0,-781662736.0,1694972886.0,540011455.0,125984075.0,153299169511.0,3349774158.0,253650633212.0,250526701661.0,1010122634.0,-190685942.0,819436692.0,2026-06-30,TTM,IDR
VKTR,VKTR Teknologi Mobilitas Tbk,Bakrie,Consumer Cyclical,Ya,BOW,30.0,"rugi,bunga<1.5,laba-30%",825,-2410.2,34.63,,21.38,-1.43,-170.9,38.3,0.0,0.16,36.1,75.3,60.7,0.71,51.5,829,815.0,0.3,22.6,67.0,2026-10-06,17.39,1.81,-1.13,-0.85,2.75,2.05,1.66,1.47,769.32,-11.48,0.14,0.0,0.71,9.0,5.0,64.0,41.0,53.0,0.6,,1.0,0.0,-0.3423,23.8208,,43750000000.0,1321824000000.0,-14975000000.0,47085000000.0,33382000000.0,171281000000.0,38288000000.0,129715000000.0,1848799000000.0,1042160000000.0,171970000000.0,-121516000000.0,50454000000.0,2026-06-30,TTM-gabungan,IDR
MPRO,Maha Properti Indonesia Tbk.,,Real Estate,Tidak,TIPIS,32.0,"rugi,OCF-,FCF-,bunga<1.5",12000,-2072.0,151.27,,154.36,-7.0,34.8,328.4,0.0,0.32,119.3,0.0,0.0,0.0,49.7,12183,10572.0,0.0,-0.0,-0.0,2026-10-06,31.18,-824.07,-1238.98,-3.44,,0.01,0.01,-1.93,,0.57,-0.03,0.0,,10.0,18.0,41.0,60.0,50.0,-37.4,,1.0,0.0,-5.7915,79.3278,,9942500000.0,4647535000.0,-57582141000.0,-37408907000.0,-37947129000.0,249801000000.0,5008099000.0,244792901000.0,1668369712000.0,788717116000.0,-33095577000.0,-83234000.0,-33142716000.0,2026-06-30,TTM-gabungan,IDR
BMHS,Bundamedik Tbk.,,Healthcare,Ya,TIPIS,33.0,"rugi,FCF-,bunga<1.5,laba-30%",200,-1581.0,0.89,,0.52,-0.06,-1634.3,4.7,0.52,0.77,1.7,0.9,0.2,0.37,60.6,194,189.0,-0.0,0.1,0.1,2026-10-06,46.42,5.85,-0.07,-0.03,6.02,1.71,1.65,1.2,14.98,-201.69,-4.18,63.11,1.33,49.0,7.0,44.0,26.0,50.0,-0.9,-47.0,2.0,0.0,-0.1265,225.7544,1.03,8603416176.0,1624085561243.0,-1088410417.0,192027916278.0,76249969743.0,1497645697167.0,230699944756.0,1156380415655.0,4127237041700.0,1942259408094.0,219522901685.0,-291500519950.0,-71977618265.0,2026-06-30,TTM,IDR
POLU,Golden Flower Tbk.,,Consumer Cyclical,Ya,TIPIS,25.0,"rugi,bunga<1.5",14050,-815.7,86.23,,53.23,-10.06,-29.7,-8.9,0.0,0.39,10.5,0.02,0.3,0.25,39.0,14876,16044.0,0.0,0.0,0.0,2026-10-06,7.22,-8.14,-7.79,-5.69,,1.3,1.1,-5.01,,-2.44,0.27,0.0,0.11,10.0,3.0,52.0,30.0,56.0,7.3,,1.0,0.0,-17.2238,162.9384,,750000000.0,165834317422.0,-12917844747.0,-14988306836.0,-15123930149.0,47807338375.0,106746415244.0,-58939076869.0,261801097552.0,122203807529.0,31501051726.0,-3568887410.0,27934915877.0,2026-06-30,TTM-gabungan,IDR
VISI,Satu Visi Putra Tbk.,,Industrials,Ya,BOW,23.0,"rugi,FCF-,bunga<1.5,laba-30%",1055,-776.2,18.11,,9.1,-2.29,-1547.0,-3.5,0.09,0.44,3.2,3.05,3.7,0.27,45.3,1020,755.0,-0.1,-1.4,3.1,2026-10-06,12.15,3.46,-1.28,-1.47,7.36,1.86,1.12,0.57,330.07,-6.23,-0.0,0.0,1.0,10.0,5.0,45.0,25.0,48.0,0.7,,1.0,0.0,-1.3591,58.2645,1.0,3075000000.0,325941482687.0,-4179269456.0,10052593301.0,4475507682.0,79676754094.0,5729943135.0,73946810959.0,278978689869.0,179163369548.0,26023030317.0,-26044048138.0,-21017821.0,2026-03-31,TTM,IDR
COIN,Indokripto Koin Semesta Tbk.,,Financial Services,Tidak,JUAL,15.0,"rugi,laba-30%",740,-694.4,7.2,,8.18,-1.12,-182.5,-47.0,0.0,0.0,10.9,51.4,41.7,0.32,45.2,757,1465.0,-0.5,-2.8,32.8,2026-10-06,66.35,-1.14,-6.36,-1.03,-3.64,20.86,20.86,33.04,134.97,2.19,-0.4,0.0,,9.0,2.0,,18.0,59.0,,,2.0,0.0,-1.0657,102.7622,,14705882400.0,246243359720.0,-15671573481.0,78509154789.0,12583810944.0,5073538068.0,290821556746.0,-285748018678.0,1530727893240.0,1511208104843.0,-34363392612.0,-8826515313.0,-43189907925.0,2026-06-30,TTM,IDR
SRAJ,Sejahteraraya Anugrahjaya Tb,,Healthcare,Tidak,TIPIS,20.0,"rugi,FCF-,DER>3,bunga<1.5,laba-30%",13000,-420.8,146.07,,84.92,-29.11,-439.7,11.3,0.0,4.55,159.1,0.0,0.0,1.6,46.6,13208,14106.0,-0.0,-0.0,-0.1,2026-10-06,38.09,1.25,-12.98,-4.95,28.44,1.4,1.35,0.04,1350.69,-0.78,-0.36,0.0,2.95,9.0,4.0,20.0,45.0,40.0,10.2,,2.0,0.0,-30.8953,88.9993,,12238959990.0,2912640000000.0,-378126000000.0,120330000000.0,15081000000.0,4958739000000.0,1530185000000.0,3421666000000.0,7621754000000.0,1089259000000.0,293562000000.0,-866062000000.0,-572500000000.0,2026-06-30,TTM-gabungan,IDR
SINI,Singaraja Putra Tbk.,,Basic Materials,Tidak,BUY,31.0,"ekuitas-,rugi,FCF-,bunga<1.5",16625,-404.7,-15.6,,,3.93,124.8,179.0,0.0,-1.25,11.9,7.9,122.5,1.25,58.8,11705,11911.0,-18.6,-108.4,46.3,2026-10-06,18.75,5.09,-4.13,-2.26,24.19,0.41,0.34,0.72,351.49,-0.19,-0.52,0.0,11.87,13.0,14.0,29.0,73.0,39.0,8.9,,0.0,0.0,-41.0803,-1066.0077,,713678861.0,709778208158.0,-29318133817.0,36251701617.0,35698192882.0,953567993741.0,74429360209.0,877071967730.0,1647768740947.0,-760787134214.0,5695891929.0,-67619364467.0,-61923472538.0,2026-03-31,TTM,IDR
FMII,Fortune Mate Indonesia Tbk,,Real Estate,Ya,TIPIS,33.0,"rugi,OCF-,FCF-,bunga<1.5,laba-30%",252,-395.4,2.33,,2.38,-0.59,-96.8,-83.5,0.0,0.07,1.6,0.05,0.0,1.46,53.7,250,256.0,0.0,0.0,0.0,2026-10-06,44.18,-72.51,-77.04,-0.54,,3.23,0.83,-35.67,,3.52,-0.89,0.0,,11.0,36.0,67.0,17.0,47.0,-15.1,-5.6,2.0,0.0,-0.6374,108.3054,,6400000000.0,5295236789.0,-4079367289.0,-3332162427.0,-3795187649.0,45268220063.0,1599289770.0,43126988566.0,747484339593.0,693154275334.0,-14376351050.0,-2545000.0,-14378896050.0,2026-06-30,TTM-gabungan,IDR
EMAS,Merdeka Gold Resources Tbk.,,Basic Materials,Tidak,BOW,26.0,"rugi,OCF-,FCF-,bunga<1.5",7800,-221.5,17.58,,9.4,-9.11,,,0.0,1.0,114.9,16.55,129.8,0.41,49.9,7766,7211.0,-10.2,66.8,271.2,2026-10-06,11.31,-515.7,-1052.01,-4.36,,1.12,0.7,-1.15,,1.22,-3.4,0.0,,12.0,28.0,36.0,,40.0,,,1.0,0.0,-35.2163,443.746,,14731366060.0,49313446080.0,-518783843520.0,-275930602080.0,-275930602080.0,6516323837760.0,859738068000.0,4921106873760.0,14373334020480.0,6536985022560.0,-635413461600.0,-3265847541120.0,-3901261002720.0,2026-03-31,TTM-gabungan,USD
PSKT,Red Planet Indonesia Tbk.,,Consumer Cyclical,Ya,WSE,30.0,"rugi,OCF-,FCF-,bunga<1.5",234,-213.6,7.63,,4.71,-3.52,12.8,-3.8,0.0,0.01,2.4,12.65,3.0,0.97,49.8,232,250.0,0.0,-0.1,0.4,2026-10-06,54.53,-15.23,-21.91,-3.04,,1.11,1.11,-14.7,,0.47,-0.48,0.0,,10.0,15.0,54.0,41.0,49.0,-3.8,,1.0,0.0,-1.0955,30.6761,,10351231636.0,51756442289.0,-11339360737.0,-4863013133.0,-6706444710.0,3973550657.0,19155201199.0,500947076.0,361774523343.0,317535659416.0,-5381217332.0,-6292763178.0,-11673980510.0,2026-06-30,TTM,IDR
TFCO,Tifico Fiber Indonesia Tbk.,,Consumer Cyclical,Ya,TIPIS,54.0,"rugi,OCF-,FCF-",860,-144.6,0.74,,0.46,-0.51,246.1,7.1,0.0,0.0,4.1,0.03,0.0,5.06,52.1,828,744.0,0.0,0.0,0.0,2026-10-06,0.77,-0.88,-0.84,-0.47,-20.33,6.2,3.37,21.77,139.3,12.41,-9.36,0.0,,42.0,34.0,100.0,54.0,37.0,-5.8,,0.0,0.0,-5.9484,1160.8578,,4823076400.0,3433127187360.0,-28689592800.0,25984212000.0,24753923520.0,15605712000.0,543964291200.0,-528358579200.0,6110001482400.0,5598905765280.0,-356003533440.0,-32268836640.0,-388272370080.0,2026-06-30,TTM,USD
NICE,Adhi Kartiko Pratama Tbk.,,Basic Materials,Ya,HOLD,29.0,"rugi,FCF-",340,-108.6,9.9,,5.29,-8.72,14.5,53.2,0.0,1.13,2.1,2.74,1.0,0.61,50.8,314,324.0,-0.0,0.2,0.8,2026-10-06,21.48,3.94,-1.45,-2.98,3.43,0.53,0.33,5.01,44.1,-7.75,-4.0,0.0,1.56,10.0,6.0,42.0,63.0,35.0,10.7,,0.0,0.0,-3.1308,34.3334,,6082020000.0,1309575484692.0,-19041524388.0,50837105695.0,45552686354.0,236800847135.0,62591906389.0,174208940746.0,803295931002.0,208816633528.0,147596902339.0,-230363931636.0,-82767029297.0,2026-03-31,TTM,IDR
NATO,Olympus Strategic Indonesia ,,Consumer Cyclical,Tidak,TIPIS,32.0,"rugi,bunga<1.5,laba-30%",1050,-101.8,4.01,,2.48,-5.71,-3439.4,9678.6,0.0,0.06,8.4,0.77,0.9,0.37,53.5,869,666.0,0.0,0.0,0.0,2026-10-06,-52.78,-65.86,-23.3,-3.22,,0.88,0.73,-64.69,,-11.91,11.69,0.0,0.0,11.0,3.0,47.0,61.0,70.0,50.7,,2.0,0.0,-10.3166,261.5947,,8001111504.0,354328620562.0,-82543881555.0,-175366286626.0,-178578542220.0,116955532000.0,529646607961.0,-412691075961.0,4320822617478.0,2093048146797.0,982859899181.0,-531306900.0,982328592281.0,2026-03-31,TTM,IDR
BINA,Bank Ina Perdana Tbk.,,Financial Services,Tidak,JUAL,21.0,rugi,4030,-75.2,8.32,,9.45,-9.97,-16.3,11.2,0.0,0.01,24.7,0.74,3.1,0.55,46.0,4122,4239.0,-0.0,0.3,-0.1,2026-10-06,,,-45.47,-1.11,,,,,,-15.02,19.13,0.0,0.02,9.0,2.0,,42.0,59.0,4.1,,1.0,0.0,-53.5826,484.3192,,6134716665.0,722972000000.0,-328714000000.0,,,35646000000.0,4824360000000.0,-4788714000000.0,34445349000000.0,2971161000000.0,4937465000000.0,-101538000000.0,4730377000000.0,2026-06-30,TTM-gabungan,IDR
MGRO,Mahkota Group Tbk.,,Consumer Defensive,Tidak,HOLD,25.0,"rugi,DER>3,bunga<1.5",725,-69.1,8.11,,4.06,-10.02,44.6,53.0,0.0,7.1,2.5,4.54,3.2,1.15,62.8,686,700.0,-0.0,0.2,2.1,2026-10-06,4.78,0.73,-0.55,-1.23,36.46,0.61,0.32,0.45,80.97,-7.54,10.7,0.0,0.02,9.0,4.0,6.0,67.0,73.0,-5.5,,1.0,-1.05,-10.4951,89.444,,3488375600.0,6659076413801.0,-36610929066.0,56821167047.0,46357730839.0,2215179137897.0,143291032193.0,2071614630980.0,2858298930212.0,312014430720.0,275883385280.0,-5368705956.0,270514679324.0,2026-06-30,TTM-gabungan,IDR
KMTR,Kirana Megatara Tbk.,,Consumer Cyclical,Tidak,TIPIS,33.0,"rugi,OCF-,FCF-,bunga<1.5,laba-30%",240,-61.7,0.93,,0.57,-1.51,-108.6,-8.2,0.0,1.43,2.0,0.07,0.0,0.4,42.7,242,253.0,0.0,0.0,0.1,2026-10-06,4.86,1.79,-0.27,-0.55,21.12,1.31,0.59,0.87,36.47,5.62,-11.37,0.0,,40.0,35.0,29.0,25.0,37.0,3.8,,1.0,0.0,-3.8908,258.4357,,8215366379.0,11948261438833.0,-31964594098.0,128462203230.0,117874882302.0,3026750342046.0,313619456853.0,2713130885193.0,5472080263841.0,2123144070660.0,-179629649522.0,-44490603341.0,-224120252863.0,2026-06-30,TTM-gabungan,IDR
BKSW,Bank QNB Indonesia Tbk.,,Financial Services,Tidak,TIPIS,38.0,rugi,49,-58.5,0.37,,0.42,-0.62,23.2,-0.3,0.0,0.01,1.7,3.54,0.2,0.26,39.9,52,57.0,-0.0,-0.1,-0.0,2026-10-06,,,-6.56,-0.22,,,,,,-35.8,58.55,0.0,0.04,63.0,2.0,,41.0,59.0,-15.8,,1.0,0.0,-0.8376,133.5589,,35158048365.0,448682000000.0,-29447000000.0,,,68267000000.0,1894194000000.0,-1825927000000.0,14429358000000.0,4695671000000.0,1054091000000.0,-45416000000.0,1008675000000.0,2026-06-30,TTM-gabungan,IDR
SFAN,Surya Fajar Capital Tbk.,,Financial Services,Tidak,TIPIS,21.0,"rugi,bunga<1.5",1990,-56.9,28.33,,32.19,-42.9,66.8,-134.3,0.0,0.0,2.7,0.06,0.1,0.78,39.3,2006,1960.0,-0.0,-0.0,0.1,2026-10-06,14.68,-3635.97,-4061.43,-25.69,,2.42,2.42,-281.07,,0.18,-0.33,0.0,,9.0,2.0,,38.0,59.0,-53.7,,1.0,0.0,-34.9888,70.2365,,1359934021.0,1171568874.0,-47582425384.0,-48344521738.0,-54430950815.0,289040363.0,78916983749.0,-78627943386.0,191491798280.0,95517022832.0,-8583632500.0,-365267678.0,-8948900178.0,2026-06-30,Tahunan,IDR
CMNT,Cemindo Gemilang Tbk.,,Basic Materials,Tidak,JUAL,27.0,"rugi,DER>3,bunga<1.5",740,-53.5,5.61,,3.0,-9.89,42.4,30.3,0.0,4.03,12.7,16.82,12.7,0.73,43.3,768,781.0,-1.4,-4.0,-26.7,2026-10-06,21.21,9.49,-2.5,-1.41,21.07,0.5,0.26,0.59,53.05,-5.2,6.52,0.0,0.33,10.0,9.0,6.0,69.0,73.0,-2.5,,2.0,0.0,-13.8345,131.7917,,17125504000.0,9495268000000.0,-236923000000.0,396311000000.0,331622000000.0,9092816000000.0,509088000000.0,8351311000000.0,16609303000000.0,2256999000000.0,1232502000000.0,-405606000000.0,826896000000.0,2026-06-30,TTM-gabungan,IDR
KIJA,Kawasan Industri Jababeka Tb,,Real Estate,Ya,JUAL,49.0,"rugi,laba-30%",162,-51.6,0.56,,0.57,-1.1,-645.0,-3.6,1.25,0.8,3.4,277.25,49.8,2.19,43.3,168,180.0,-3.1,-21.0,-71.7,2026-10-06,36.16,22.13,-1.34,-0.45,2.22,5.65,2.29,1.8,6.75,-23.29,37.9,8.31,0.16,63.0,13.0,66.0,47.0,77.0,23.3,,3.0,1.29,-3.1416,291.0643,2.03,20796830969.0,4859489000000.0,-65336000000.0,744441000000.0,726716000000.0,4863072000000.0,3205192000000.0,1653209000000.0,14911351000000.0,6053216000000.0,1521497000000.0,-244682000000.0,1276815000000.0,2026-06-30,TTM-gabungan,IDR
CBRE,Cakra Buana Resources Energi,,Industrials,Tidak,WSE,29.0,"rugi,OCF-,FCF-,DER>3,bunga<1.5",725,-50.5,61.49,,30.9,-75.7,393.6,210.5,0.0,3.59,3.3,15.42,11.5,0.55,48.6,712,819.0,2.0,-3.4,5.3,2026-10-06,7.91,-31.12,-64.56,-5.5,,0.11,0.1,-2.34,,0.8,-2.65,0.0,,10.0,21.0,5.0,80.0,44.0,18.7,,0.0,0.0,-14.3437,11.7911,,4538067441.0,100825413526.0,-65092678409.0,-36709883084.0,-44760671638.0,192278401613.0,5724580336.0,180497147228.0,2024817352940.0,53508621219.0,-52256913719.0,-35030513895.0,-87287427614.0,2026-03-31,TTM,IDR
JAWA,Jaya Agra Wattie Tbk.,,Consumer Defensive,Ya,BOW,34.0,"rugi,FCF-,bunga<1.5",155,-48.7,1.84,,0.92,-3.73,195.1,-3.9,0.0,0.73,2.5,50.09,8.5,1.6,48.1,144,154.0,0.1,-2.0,-2.2,2026-10-06,9.66,3.65,-3.22,-1.29,7.13,0.88,0.27,0.81,25.05,-2.64,-2.29,0.0,1.42,32.0,6.0,29.0,75.0,39.0,21.5,,2.0,0.0,-3.1816,84.1216,,16232951842.0,1602591390172.0,-51646175623.0,140383303410.0,139868236169.0,1001152247681.0,167807914.0,1000263328917.0,4064181302440.0,1365541137066.0,136264664711.0,-193868627203.0,-57603962492.0,2026-06-30,TTM,IDR
ELTY,Bakrieland Development Tbk,Bakrie,Real Estate,Ya,JUAL,39.0,"rugi,bunga<1.5,laba-30%",30,-48.6,0.24,,0.24,-0.49,-148.8,-2.9,0.0,0.18,1.3,266.83,9.0,1.31,42.7,36,39.0,-0.3,-2.9,-3.1,2026-10-06,32.71,8.85,-1.85,-0.31,5.23,0.83,0.32,0.61,16.15,-3.75,5.74,0.0,0.26,54.0,8.0,43.0,39.0,71.0,11.6,,2.0,0.0,-0.6173,127.2777,,43521913019.0,1454671000000.0,-26867000000.0,119591000000.0,53619000000.0,1014129000000.0,144457000000.0,625953000000.0,8633886000000.0,5539370000000.0,100651000000.0,-25707000000.0,74944000000.0,2026-06-30,TTM,IDR
FUTR,Futura Energi Global Tbk.,,Utilities,Tidak,JUAL,26.0,"rugi,OCF-,FCF-,bunga<1.5,laba-30%",254,-36.8,9.74,,2.65,-23.39,-264.5,-77.3,0.0,0.03,1.7,33.33,9.3,0.57,40.1,304,327.0,1.8,3.3,2.6,2026-10-06,24.71,-176.12,-208.77,-20.8,,7.07,7.07,-161.84,,0.02,-0.03,0.0,,10.0,6.0,68.0,16.0,50.0,-10.8,,2.0,0.0,-6.8958,26.0804,,6635551959.0,21917368803.0,-45757221609.0,-29284535722.0,-44246500545.0,5512787805.0,30741803730.0,-25229015925.0,201443988832.0,173057545792.0,-881564003.0,294943477.0,-586620526.0,2026-03-31,TTM,IDR
INDR,Indo-Rama Synthetics Tbk.,,Consumer Cyclical,Ya,TIPIS,41.0,"rugi,bunga<1.5",2880,-35.4,0.28,,0.17,-0.78,363.1,16.2,0.0,0.32,1.9,0.06,0.2,0.6,54.3,2617,2612.0,-0.0,0.0,-0.1,2026-10-06,4.01,1.09,-0.36,-0.39,13.28,1.01,0.39,1.22,27.14,-15.66,15.98,0.0,0.64,44.0,4.0,37.0,70.0,73.0,-6.0,,2.0,0.0,-81.315,10270.9035,,654351707.0,14679627686880.0,-53208587040.0,135942694560.0,120722676480.0,2144020446720.0,320228872800.0,1805615989920.0,13960860009600.0,6720783262560.0,833082279360.0,-532011278400.0,301071000960.0,2026-06-30,TTM-gabungan,USD
PSSI,IMC Pelita Logistik Tbk.,,Industrials,Ya,TIPIS,32.0,"rugi,FCF-,bunga<1.5,laba-30%,payout>100",358,-31.7,0.69,,0.35,-2.13,-47.9,-23.1,1.4,0.07,1.8,0.63,0.2,0.67,58.1,340,334.0,-0.0,-0.0,-0.1,2026-10-06,9.11,-2.7,-6.48,-1.82,,6.17,5.82,-3.66,,-3.04,-7.41,491.0,1.77,58.0,3.0,68.0,3.0,28.0,-21.8,-82.0,0.0,-2.23,-11.2985,517.0186,5.0,5121189153.0,893426283840.0,-57861920160.0,-26789752320.0,-37577442720.0,190846828800.0,853558991040.0,-662712162240.0,3040029514080.0,2647749848640.0,175802901120.0,-311641948320.0,-135839047200.0,2026-06-30,TTM-gabungan,USD
FILM,MD Entertainment Tbk.,,Communication Services,Ya,JUAL,36.0,"rugi,FCF-,bunga<1.5",595,-31.6,2.08,,1.09,-7.22,77.8,12.5,0.0,0.12,6.5,23.33,17.8,0.42,31.3,844,4454.0,0.0,-3.3,-33.7,2026-10-06,26.38,-41.33,-42.67,-5.36,,1.54,0.73,-24.81,,-0.18,-1.66,0.0,0.06,33.0,5.0,53.0,61.0,41.0,4.4,,0.0,3.86,-18.8239,286.0471,,10887566758.0,480353184940.0,-204946918210.0,-179528219688.0,-225148098171.0,389220000000.0,268149864505.0,121070135495.0,3774450230739.0,3114357088513.0,37488358753.0,2181443640.0,-107834648176.0,2026-06-30,TTM-gabungan,IDR
GTSI,GTS Internasional Tbk.,,Industrials,Tidak,JUAL,27.0,"rugi,FCF-,bunga<1.5,laba-30%",130,-29.7,2.32,,1.17,-7.44,-163.9,27.6,0.77,0.98,2.1,21.4,3.3,1.18,31.3,163,217.0,-0.1,0.0,1.1,2026-10-06,5.12,-7.66,-11.03,-3.04,,1.28,1.09,-0.24,,-0.52,-24.07,0.0,14.76,33.0,3.0,43.0,34.0,30.0,-5.6,-13.0,2.0,0.0,-4.38,55.964,1.0,15819142767.0,628461362880.0,-69288544320.0,-6914909280.0,-13299309600.0,867214566240.0,336662857920.0,520569753600.0,2541370965120.0,885303090720.0,36142932000.0,-533363418240.0,-495077458080.0,2026-06-30,TTM-gabungan,USD
BBKP,Bank KB Indonesia Tbk.,,Financial Services,Tidak,WSE,39.0,rugi,41,-28.0,0.95,,1.08,-3.43,100.3,293.1,0.0,2.73,7.7,89.17,4.1,1.63,23.0,52,62.0,-0.5,-0.9,-4.1,2026-10-06,,,-18.76,-0.32,,,,,,10.75,-50.89,0.0,,38.0,2.0,,76.0,59.0,-0.5,,1.0,0.0,-1.4662,42.949,,187887539870.0,1468588000000.0,-275490000000.0,,,22015851000000.0,8110880000000.0,13904971000000.0,86588323000000.0,8069588000000.0,-2960302000000.0,-960137000000.0,-3920439000000.0,2026-03-31,TTM-gabungan,IDR
ASLI,Asri Karya Lestari Tbk.,,Industrials,Ya,HOLD,30.0,"rugi,bunga<1.5",486,-28.0,8.2,,4.12,-25.57,44.2,-74.3,0.0,0.06,3.0,131.54,55.0,0.0,75.1,316,351.0,-2.8,-2.8,19.9,2026-10-06,-97.75,-171.01,-184.66,-22.56,,3.32,1.52,-18.4,,-0.41,1.37,0.0,0.08,10.0,4.0,65.0,37.0,58.0,-11.9,,1.0,0.0,-17.3657,59.2533,,6250000000.0,58774500222.0,-108535656417.0,-92769851774.0,-100799006440.0,23843910024.0,5601562125.0,5981844573.0,405645247393.0,370333433577.0,44826273383.0,-3391107779.0,41704723823.0,2026-03-31,TTM,IDR
OASA,Maharaksa Biru Energi Tbk.,,Industrials,Tidak,JUAL,28.0,"rugi,bunga<1.5,laba-30%",246,-26.7,2.9,,1.46,-10.3,-193.5,-88.3,0.0,0.04,1.6,14.2,4.1,0.3,33.4,306,325.0,-0.2,-1.3,0.8,2026-10-06,13.58,-324.31,-402.5,-8.76,,1.9,1.9,-30.71,,-0.87,3.21,0.0,0.01,23.0,3.0,64.0,12.0,59.0,-7.2,,1.0,0.0,-9.2032,84.7845,,6347220000.0,14512909427.0,-58414460849.0,-47100059516.0,-53628666624.0,23805531739.0,2520831457.0,19789261570.0,608807253764.0,538145819515.0,50569088334.0,-496899977.0,50072188357.0,2026-03-31,TTM,IDR
BELI,Global Digital Niaga Tbk.,,Consumer Cyclical,Ya,TIPIS,38.0,"rugi,OCF-,FCF-,bunga<1.5",254,-20.1,3.81,,2.35,-19.19,36.0,49.0,0.0,0.4,34.9,2.49,0.7,1.59,38.8,277,361.0,-0.2,-0.4,-0.8,2026-10-06,16.17,-4.79,-6.3,-9.54,,1.24,0.8,-5.43,,0.66,-4.58,0.0,,12.0,20.0,48.0,88.0,29.0,13.6,,3.0,4.75,-12.6649,66.6747,,137218985689.0,27595756000000.0,-1737867000000.0,-797946000000.0,-1379882000000.0,3702772000000.0,1630052000000.0,1449441000000.0,18751121000000.0,9149030000000.0,-1142944000000.0,-452123000000.0,-1595067000000.0,2026-06-30,TTM-gabungan,IDR
NIRO,City Retail Developments Tbk,,Real Estate,Tidak,TIPIS,34.0,"rugi,OCF-,FCF-,DER>3,bunga<1.5",162,-18.5,2.15,,2.19,-11.02,19.6,16.5,0.0,4.52,3.6,1.9,0.3,0.09,45.4,164,203.0,0.0,-0.0,-0.6,2026-10-06,50.65,23.07,-12.33,-1.35,13.66,0.9,0.88,0.54,21.33,2.9,-15.87,0.0,,13.0,47.0,13.0,66.0,37.0,18.6,,1.0,0.0,-8.7517,75.3387,,22198871804.0,1575531835856.0,-194276817070.0,469025179819.0,382134342381.0,7558725879053.0,1147586687330.0,6407315515083.0,14339431804885.0,1672433565411.0,-563251354762.0,-7491030294.0,-570742385056.0,2026-03-31,TTM,IDR
INPP,Indonesian Paradise Property,,Real Estate,Ya,TIPIS,37.0,"rugi,bunga<1.5,laba-30%,payout>100",690,-15.9,1.35,,1.38,-8.28,-42.2,-9.3,0.65,0.39,7.7,0.05,0.0,2.93,37.9,722,747.0,-0.0,-0.0,-0.0,2026-10-06,57.44,15.91,-28.11,-4.77,,2.84,1.84,-1.26,,-0.54,3.07,187.27,0.09,28.0,11.0,66.0,40.0,54.0,22.1,,2.0,0.0,-43.4084,512.9078,4.5,11181971732.0,1726662000000.0,-485392000000.0,-94393000000.0,-190800000000.0,2262829000000.0,742644000000.0,1485914000000.0,10199705000000.0,5735321000000.0,260467000000.0,-23264319731.0,237203000000.0,2026-06-30,TTM,IDR
OMRE,Indonesia Prima Property Tbk,,Real Estate,Tidak,TIPIS,36.0,"rugi,OCF-,FCF-,bunga<1.5",970,-15.8,0.89,,0.91,-5.48,7.1,-6.4,0.0,0.0,2.9,0.03,0.0,0.03,52.0,975,840.0,0.0,0.0,0.0,2026-10-06,31.63,-288.91,-422.67,-4.5,,0.12,0.1,-103.77,,0.62,-4.14,0.0,,42.0,20.0,46.0,38.0,42.0,-21.4,,2.0,0.0,-61.2611,1088.7126,,2945211000.0,42687000968.0,-180426832102.0,-175707859732.0,-179459968422.0,8257231442.0,18943066481.0,5193376357.0,3990323459694.0,3206488388042.0,-111919950241.0,-6246527777.0,-118217408040.0,2026-06-30,TTM,IDR
GGRP,Gunung Raja Paksi Tbk.,,Basic Materials,Ya,HOLD,50.0,"rugi,bunga<1.5",374,-8.4,0.39,,0.21,-4.55,125.1,6.3,7.49,0.11,4.5,3.23,1.1,0.93,74.2,318,291.0,0.0,0.0,0.0,2026-10-06,-9.35,-18.68,-16.05,-3.86,,4.39,1.85,-9.76,,-0.28,1.16,0.0,0.66,81.0,4.0,66.0,50.0,55.0,-41.7,,1.0,0.0,-44.7471,960.2394,28.0,12111376157.0,3375846054720.0,-541948833120.0,-645366787200.0,-645366787200.0,1242543093120.0,968322583680.0,274220509440.0,13744409689920.0,11629821061920.0,152498388960.0,-99948946560.0,52549442400.0,2026-03-31,TTM,USD
EXCL,XLSMART Telecom Sejahtera Tb,LQ45,Communication Services,Ya,JUAL,42.0,"rugi,bunga<1.5,laba-30%,dilusi",2320,-7.6,1.45,,0.76,-20.3,-286.4,37.4,6.85,2.1,42.2,8.25,20.5,0.56,34.0,2573,2955.0,-2.6,-36.9,-125.8,2026-10-06,59.4,-3.69,-12.11,-5.62,1.02,0.4,0.4,-0.62,3.37,-3.62,24.07,38.27,0.49,69.0,3.0,30.0,54.0,68.0,13.4,,2.0,39.23,-303.7448,1601.2602,159.0,18199862451.0,45664124000000.0,-5528113000000.0,17992707000000.0,-2556252000000.0,61286049000000.0,2701618000000.0,18415894000000.0,111850228000000.0,29142715000000.0,20025876000000.0,-9861198000000.0,10164678000000.0,2026-03-31,TTM,IDR
KAEF,Kimia Farma (Persero) Tbk.,,Healthcare,Tidak,TIPIS,35.0,"rugi,DER>3,bunga<1.5",412,-6.8,1.3,,0.76,-16.3,84.7,23.2,0.0,4.02,2.3,2.0,0.9,0.5,39.9,442,484.0,0.0,0.0,0.4,2026-10-06,32.06,-1.1,-3.51,-2.25,11.64,1.03,0.72,0.25,15.73,-0.7,4.41,0.0,0.57,41.0,3.0,13.0,75.0,65.0,-0.0,,2.0,0.0,-60.1732,316.6619,,5566589678.0,9555670058000.0,-334959336000.0,561076416000.0,148236955000.0,7081424387000.0,445472376000.0,6531783841000.0,14698071465000.0,1762727124000.0,234364426000.0,-133336394000.0,101028032000.0,2026-06-30,Tahunan,IDR
ANJT,Austindo Nusantara Jaya Tbk.,,Consumer Defensive,Tidak,TIPIS,48.0,"rugi,bunga<1.5",1535,-6.7,1.21,,0.6,-14.09,52.5,33.4,0.0,0.49,5.1,0.06,0.1,0.09,44.7,1545,1623.0,-0.0,-0.0,-0.1,2026-10-06,36.17,24.81,-17.5,-9.22,,2.49,2.11,-2.35,,-1.1,12.89,0.0,0.21,49.0,16.0,60.0,61.0,76.0,-1.9,,0.0,0.0,-227.5368,1267.6192,,3354175000.0,4360589571425.852,-763198119398.8713,-141537554885.6931,-143569389519.99634,2094705497053.0,1604370464675.0,490335032378.0,7051871645477.0,4251816571889.0,838446226243.2275,-174864394284.74606,663581831958.4814,2026-06-30,TTM,IDR
AGRO,Bank Raya Indonesia Tbk.,,Financial Services,Tidak,TIPIS,25.0,"rugi,laba-30%",136,-6.5,1.15,,1.31,-16.28,-69.1,8.7,0.0,0.01,3.4,5.12,0.7,0.68,33.9,146,178.0,-0.1,-0.1,-0.8,2026-10-06,,,-55.02,-3.96,,,,,,1.96,-32.09,0.0,,29.0,2.0,,31.0,59.0,-11.9,,2.0,-0.03,-21.0599,118.1791,,24669559394.0,944222737000.0,-519537384000.0,,,32814036000.0,1206894168000.0,-1174080132000.0,12925804016000.0,2915426980000.0,-1018152628000.0,-58451686000.0,-1076604314000.0,2026-06-30,TTM-gabungan,IDR
NETV,MDTV Media Technologies Tbk.,,Communication Services,Tidak,TIPIS,31.0,"rugi,OCF-,FCF-,bunga<1.5",35,-6.2,3.89,,2.04,-47.95,49.5,41.7,0.0,1.06,1.4,15.56,0.6,2.23,15.8,49,86.0,0.0,-0.7,-0.7,2026-10-06,-76.85,-185.12,-282.71,-25.85,,1.12,0.15,-33.33,,0.77,-12.88,0.0,,15.0,20.0,32.0,61.0,37.0,-42.6,,1.0,0.0,-5.6761,8.9924,,41360517722.0,83042385428.0,-234768437143.0,-177609496104.0,-193826718092.0,392576640000.0,10257818373.0,382318821627.0,826753625175.0,371928990004.0,-181593716443.0,-4906818194.0,-186500534637.0,2026-06-30,TTM,IDR
PYFA,Pyridam Farma Tbk,,Healthcare,Tidak,JUAL,28.0,"rugi,OCF-,FCF-,DER>3,bunga<1.5",202,-6.1,3.16,,1.84,-43.74,10.7,11.8,0.0,7.03,2.3,18.95,4.5,0.49,36.7,230,313.0,-1.3,-0.5,1.5,2026-10-06,20.96,-6.04,-13.02,-5.68,,0.86,0.55,-0.62,,1.24,-25.8,0.0,,17.0,28.0,10.0,56.0,37.0,56.8,,0.0,0.0,-32.9236,64.0233,,11236694464.0,2841499289345.0,-369952882815.0,-86890206226.0,-200691201594.0,5060593294847.0,49067364018.0,3768859740316.0,7066339231821.0,719410248387.0,-457777760172.0,-127906514841.0,-585684275013.0,2026-03-31,TTM,IDR
INPC,Bank Artha Graha Internasion,,Financial Services,Tidak,WSE,41.0,rugi,155,-5.9,0.82,,0.93,-12.89,214.0,10.3,0.0,0.05,3.1,8.24,1.3,3.6,56.6,148,158.0,-0.3,-0.4,-1.2,2026-10-06,,,-39.89,-1.74,,,,,,-2.55,40.37,0.0,0.06,44.0,2.0,,75.0,59.0,5.0,,2.0,0.0,-26.0878,189.1489,,20223412907.0,1322453000000.0,-527585000000.0,,,200000000000.0,6152766000000.0,-5952766000000.0,30312535000000.0,3825237000000.0,1343107000000.0,-77624000000.0,1265483000000.0,2026-03-31,TTM,IDR
SDRA,Bank Woori Saudara Indonesia,,Financial Services,Tidak,TIPIS,44.0,rugi,206,-5.5,0.27,,0.31,-4.4,215.7,5.1,3.88,0.67,3.0,0.96,0.2,0.72,40.7,216,243.0,0.0,0.1,0.2,2026-10-06,,,-31.26,-1.03,,,,,,-7.99,143.43,0.0,0.01,73.0,2.0,,54.0,59.0,-5.0,,0.0,0.0,-37.4308,758.6385,8.0,14692189889.0,1759314000000.0,-549940000000.0,,,7493406000000.0,4613699000000.0,2850301000000.0,49130145000000.0,11146061000000.0,4391461000000.0,-50310000000.0,4341151000000.0,2026-06-30,TTM-gabungan,IDR
BCIC,Bank JTrust Indonesia Tbk.,,Financial Services,Tidak,TIPIS,29.0,"rugi,laba-30%",133,-5.2,0.61,,0.69,-11.81,-37.6,-28.6,0.0,0.18,2.4,0.67,0.1,0.48,50.8,131,138.0,-0.0,-0.0,-0.0,2026-10-06,,,-49.97,-1.14,,,,,,1.36,-27.18,,,54.0,2.0,,8.0,78.0,-7.2,,0.0,0.0,-25.4585,216.5041,,18109922009.0,922583000000.0,-461052000000.0,,,693221000000.0,2634648000000.0,-1941427000000.0,39835863000000.0,3920873000000.0,-625098000000.0,-29510000000.0,-654608000000.0,2026-06-30,TTM-gabungan,IDR
MCAS,M Cash Integrasi Tbk.,Salim,Industrials,Ya,TIPIS,30.0,"rugi,OCF-,FCF-,bunga<1.5",228,-4.3,1.33,,0.67,-27.56,-13.0,-40.8,0.0,2.58,0.2,2.93,0.7,0.77,36.7,273,363.0,0.0,-0.2,-0.0,2026-10-06,4.44,-0.02,-1.2,-2.37,,1.57,0.99,-3.13,,1.03,-77.72,0.0,,47.0,26.0,29.0,10.0,37.0,-27.3,,0.0,-0.07,-52.8765,171.6071,,866995200.0,3806234900158.0,-45843686267.0,-28310225830.0,-55233075264.0,383759761423.0,112785686687.0,269917826233.0,1910341721045.0,148782546735.0,-47322569342.0,-106312622722.0,-153635192064.0,2026-06-30,TTM,IDR
GIAA,Garuda Indonesia (Persero) T,,Industrials,Ya,WSE,34.0,"ekuitas-,rugi,FCF-,bunga<1.5,laba-30%,dilusi",47,-3.7,-27.18,,,43.04,-179.4,-10.8,0.0,-92.98,19.1,70.57,4.2,0.63,23.0,62,71.0,-0.0,-1.3,2.0,2026-10-06,17.27,4.85,-8.98,-4.14,2.41,0.98,0.92,0.39,7.17,-1.45,-25.55,0.0,1.65,36.0,34.0,53.0,24.0,12.0,15.3,,0.0,345.0,-12.7598,-1.7289,,407091703837.0,57815806035840.0,-5194402637760.0,4025813321280.0,3614123574240.0,65445067200000.0,15229200000000.0,9715785600000.0,133320412800000.0,-703828800000.0,7548483729120.0,-12436471719360.0,-4887987990240.0,2026-03-31,TTM-gabungan,USD
LINK,Link Net Tbk.,,Communication Services,Tidak,TIPIS,19.0,"rugi,FCF-,bunga<1.5",1540,-2.8,1.35,,0.71,-39.33,-23.1,-18.4,0.0,2.59,4.2,0.03,0.1,0.2,45.7,1536,2061.0,0.0,-0.0,-0.0,2026-10-06,50.68,-34.13,-52.2,-10.98,10.69,0.22,0.22,-2.25,16.63,-0.23,-23.96,0.0,3.84,42.0,5.0,8.0,12.0,30.0,-11.0,,0.0,0.09,-555.9047,1138.3931,,2753953884.0,2932671000000.0,-1530936000000.0,713704000000.0,-1057455000000.0,8125406000000.0,488603000000.0,7630966000000.0,13669601000000.0,3135082000000.0,357234000000.0,-1373483000000.0,-1016249000000.0,2026-03-31,TTM,IDR
FAST,Fast Food Indonesia Tbk,,Consumer Cyclical,Ya,BOW,19.0,"rugi,FCF-,DER>3,bunga<1.5,dilusi",416,-2.4,6.39,,3.94,-465.1,105.6,10.7,0.0,7.96,1.9,21.74,9.5,0.36,48.2,420,387.0,0.3,1.3,-1.0,2026-10-06,58.26,-14.31,-16.34,-18.27,14.45,0.35,0.25,-2.87,28.81,-0.19,-7.23,0.0,1.91,10.0,5.0,4.0,66.0,15.0,0.2,,1.0,13.38,-176.248,65.0905,,4520402492.0,4875792516000.0,-796711869000.0,130986573000.0,-241682788000.0,2342591412000.0,243906769000.0,1892694372000.0,5194225559000.0,294235230000.0,148560138000.0,-284481023000.0,-135920885000.0,2026-03-31,Tahunan,IDR
UCID,Uni-Charm Indonesia Tbk.,,Consumer Defensive,Ya,TIPIS,48.0,"rugi,bunga<1.5",486,-2.0,0.42,,0.21,-19.36,397.7,9.5,1.37,0.2,2.0,1.09,0.5,0.19,49.8,469,418.0,0.0,0.4,3.7,2026-10-06,19.26,-3.01,-12.63,-12.15,,2.29,1.78,-46.76,,-0.5,23.64,2.04,0.08,58.0,3.0,63.0,60.0,75.0,-8.2,,1.0,0.0,-247.8737,1143.7886,6.67,4156572300.0,8159652000000.0,-1030305000000.0,-600777000000.0,-693026000000.0,968475000000.0,2142235000000.0,-1173760000000.0,8385486000000.0,4754240000000.0,516635000000.0,-38991000000.0,477644000000.0,2026-06-30,TTM-gabungan,IDR
TOBA,TBS Energi Utama Tbk.,,Energy,Ya,JUAL,29.0,"rugi,FCF-,bunga<1.5,laba-30%",472,-2.0,1.19,,0.71,-40.74,-42.4,-20.8,3.93,2.17,3.9,8.53,4.5,0.49,38.1,522,575.0,-0.6,-0.7,-1.0,2026-10-06,8.67,-7.41,-28.97,-13.16,,1.27,1.2,-7.3,,-0.16,-10.57,0.0,2.28,64.0,5.0,31.0,13.0,26.0,-16.8,,1.0,1.0,-237.3677,395.918,18.56,8249360331.0,6759948555840.0,-1958131819200.0,-1542014006880.0,-1845583573440.0,7077930504480.0,1563506430720.0,4340406146880.0,13888223154720.0,3266070517920.0,321127440000.0,-732755169120.0,-411627729120.0,2026-03-31,TTM-gabungan,USD
CENT,Centratama Telekomunikasi In,,Communication Services,Tidak,JUAL,30.0,"rugi,DER>3,bunga<1.5,laba-30%",92,-1.2,1.17,,0.61,-76.2,-37.5,-2.9,0.0,9.15,2.9,40.03,4.5,0.07,42.7,95,106.0,0.1,0.1,0.5,2026-10-06,40.89,25.93,-95.54,-8.47,,0.1,0.09,-0.41,,-0.65,31.9,0.0,0.4,49.0,15.0,3.0,29.0,77.0,3.0,,1.0,0.0,-76.2411,78.4825,,31183464900.0,2488412000000.0,-2377461000000.0,-592402000000.0,-613906000000.0,22390878000000.0,651074000000.0,21534732000000.0,28469341000000.0,2447355000000.0,1535019000000.0,-619756000000.0,915263000000.0,2026-06-30,TTM-gabungan,IDR
DOID,BUMA Internasional Grup Tbk.,,Energy,Tidak,JUAL,21.0,"rugi,FCF-,DER>3,bunga<1.5",214,-1.0,20.31,,12.16,-171.2,62.5,6.5,0.0,239.49,1.6,6.08,1.4,0.35,43.9,226,255.0,0.0,-0.1,-2.3,2026-10-06,4.68,-3.93,-6.42,-6.21,,0.98,0.87,-0.64,,-1.02,-21.08,0.0,1.2,12.0,3.0,15.0,56.0,35.0,-1.6,,1.0,-1.19,-223.7568,10.5388,,7357169432.0,25626733392000.0,-1646216597760.0,-677519508960.0,-777242654880.0,18569223495360.0,2814235036800.0,14800650489600.0,25103747230560.0,77535577920.0,1676902379040.0,-2008841964960.0,-331939585920.0,2026-06-30,TTM,USD
KRAS,Krakatau Steel (Persero) Tbk,,Basic Materials,Tidak,TIPIS,66.0,"OCF-,FCF-",238,0.6,0.38,0.05,0.2,83.68,114.0,53.5,0.0,1.74,4.6,3.12,0.7,2.13,56.4,229,275.0,0.1,0.2,-0.9,2026-10-06,7.54,-5.59,39.38,15.43,1.51,0.85,0.53,5.44,1.87,-0.28,-61.99,0.0,,89.0,60.0,54.0,74.0,33.0,-24.6,155.7,1.0,0.0,405.5248,622.8431,,19346396900.0,19922244480000.0,7845444480000.0,12810359040000.0,12564010080000.0,20927531520000.0,1587548640000.0,19288763040000.0,49891036800000.0,12049769280000.0,-2234474400000.0,-619912800000.0,-2854387200000.0,2026-06-30,TTM-gabungan,USD
SRTG,Saratoga Investama Sedaya Tb,,Financial Services,Ya,BOW,92.0,,1730,1.3,0.36,0.1,0.41,32.28,376.0,609.9,5.97,0.01,23.4,2.27,4.1,0.57,42.6,1805,1632.0,-0.6,-4.5,-12.8,2026-10-06,99.35,98.85,90.45,29.59,0.02,29.78,29.78,149.59,1.17,0.09,6.83,42.16,0.01,98.0,98.0,,82.0,84.0,3.4,16.6,2.0,0.04,1381.2847,4739.8147,103.3,13549832900.0,20692605000000.0,18716177000000.0,20455765000000.0,20451022000000.0,795960000000.0,870895000000.0,484105000000.0,68674133000000.0,64223697000000.0,1604910000000.0,-10081000000.0,1601187000000.0,2026-03-31,TTM-gabungan,IDR
MNCN,Media Nusantara Citra Tbk,,Communication Services,Ya,WSE,60.0,"FCF-,laba-30%",123,1.4,0.07,0.09,0.04,5.09,-89.0,-28.8,0.0,0.06,1.6,116.19,18.3,0.43,25.0,188,222.0,-0.5,-4.1,-44.9,2026-10-06,40.62,14.68,15.8,4.48,0.22,8.55,5.59,5.94,1.13,0.7,-29.82,0.0,1.62,90.0,53.0,90.0,17.0,32.0,-5.5,-13.7,2.0,0.0,85.1081,1680.8048,,13227161510.0,7123635000000.0,1125738000000.0,1783579000000.0,1422542000000.0,1224140000000.0,812681000000.0,385327000000.0,25248445000000.0,22232276000000.0,784886000000.0,-1270008000000.0,-485122000000.0,2026-06-30,TTM-gabungan,IDR
LPPF,MDS Retailing Tbk.,,Consumer Cyclical,Ya,JUAL,59.0,"DER>3,laba-30%",1585,2.4,6.17,0.24,3.81,118.33,-106.3,-60.5,15.77,8.29,1.9,2.25,3.5,0.55,48.5,1594,1586.0,-0.0,3.0,-6.7,2026-10-06,34.74,9.88,7.06,13.02,0.04,0.61,0.25,5.24,1.02,2.13,81.71,72.05,0.08,76.0,83.0,42.0,11.0,84.0,-3.7,-19.4,1.0,0.0,660.3125,256.771,250.0,1170221600.0,10940129000000.0,772712000000.0,1896705000000.0,1179374000000.0,2490180000000.0,240076000000.0,84986000000.0,4369056000000.0,300479000000.0,1646485000000.0,-130917000000.0,1515568000000.0,2026-06-30,TTM-gabungan,IDR
PNIN,Paninvest Tbk,,Financial Services,Tidak,TIPIS,50.0,laba-30%,670,2.5,0.12,0.19,0.14,4.95,-109.5,2.0,0.0,0.16,2.7,0.41,0.3,0.31,33.1,712,759.0,-0.0,-0.1,-1.0,2026-10-06,,,9.65,0.44,,,,1.81,,10.1,379.27,0.0,0.05,90.0,31.0,,20.0,59.0,-1.3,-20.4,1.0,0.0,264.7643,5451.0114,,4068323920.0,11160913000000.0,1077147000000.0,,9722323000000.0,3635309000000.0,15786415000000.0,-12151106000000.0,244643100000000.0,22176480000000.0,10882559000000.0,-544533000000.0,10338026000000.0,2026-06-30,TTM-gabungan,IDR
PSAB,J Resources Asia Pasifik Tbk,,Basic Materials,Ya,BOW,89.0,kas<laba,525,2.7,1.29,0.23,0.69,64.0,5259.0,15.2,20.0,0.15,13.9,65.98,35.7,1.0,47.6,516,436.0,-1.4,-6.9,-30.0,2026-10-06,64.37,32.81,99.03,31.43,0.52,2.92,2.6,26.73,2.46,0.46,13.57,0.0,0.21,96.0,83.0,94.0,90.0,78.0,42.3,,3.0,0.0,195.1753,405.9389,105.0,26460000000.0,5214706899840.0,5164337461920.0,7164334449600.0,6863118864480.0,1594675053120.0,7369949038080.0,3710084654880.0,17474083766880.0,10741142736480.0,2374550397120.0,-489430008960.0,1885120388160.0,2026-03-31,TTM-gabungan,USD
GJTL,Gajah Tunggal Tbk,,Consumer Cyclical,Ya,BOW,75.0,FCF-,1290,2.8,0.41,0.28,0.25,15.25,17.6,9.0,6.2,0.53,4.5,3.54,4.7,0.85,48.6,1319,1121.0,-3.4,-7.7,-23.6,2026-10-06,21.31,11.89,8.76,7.05,1.95,1.47,1.03,6.57,3.72,1.53,-3.29,17.51,1.06,98.0,73.0,71.0,65.0,49.0,0.9,,3.0,0.0,456.0493,3159.1373,80.0,3484458600.0,18142596000000.0,1589085000000.0,2541168000000.0,2425778000000.0,5805786000000.0,859070000000.0,4946716000000.0,23591378000000.0,11007883000000.0,2424903000000.0,-2572566000000.0,-147663000000.0,2026-06-30,TTM-gabungan,IDR
TKIM,Pabrik Kertas Tjiwi Kimia Tb,,Basic Materials,Ya,JUAL,63.0,"OCF-,FCF-",7200,2.9,0.39,0.25,0.21,14.7,83.2,4.6,0.42,0.23,22.4,2.32,17.6,0.3,43.3,7501,7423.0,-2.1,-4.1,5.6,2026-10-06,15.31,6.48,43.01,10.9,1.4,1.35,0.82,13.56,3.99,-0.11,-12.38,1.18,,89.0,53.0,78.0,41.0,34.0,-4.9,-15.9,1.0,0.0,2509.6392,18302.1998,30.0,3113223570.0,18166970400000.0,7813068000000.0,8634876480000.0,8617933440000.0,13293484320000.0,1242738240000.0,12048561600000.0,74212717440000.0,56978839680000.0,-828468480000.0,-1946052000000.0,-2774520480000.0,2026-06-30,TTM-gabungan,USD
PNLF,Panin Financial Tbk,,Financial Services,Tidak,JUAL,62.0,,196,3.0,0.2,0.23,0.23,6.94,121.5,-4.0,0.0,0.36,6.3,38.37,8.0,0.26,30.5,221,243.0,-1.2,-3.9,-62.5,2026-10-06,,,18.42,0.85,,,,1.53,,1.66,50.22,0.0,0.1,90.0,42.0,,55.0,59.0,0.5,-4.7,2.0,0.0,66.1154,984.0852,,32022073293.0,11492940000000.0,2117152000000.0,,9787506000000.0,11381528000000.0,20277578000000.0,-8896050000000.0,239275013000000.0,31512448000000.0,3511855000000.0,-359768000000.0,3152087000000.0,2026-03-31,TTM-gabungan,IDR
DEWA,Darma Henwa Tbk,Bakrie,Energy,Ya,JUAL,71.0,kas<laba,346,3.3,1.79,0.17,1.07,68.37,34.6,-2.2,0.43,0.46,14.1,478.16,180.1,0.56,37.1,422,467.0,3.8,9.8,-9.2,2026-10-06,15.48,11.53,68.12,33.76,0.68,0.98,0.88,18.33,3.83,0.23,0.11,0.0,0.98,77.0,73.0,79.0,62.0,47.0,1.8,,3.0,0.0,106.4348,193.6018,1.5,40687434244.0,6357668840000.0,4330559441000.0,4469968816000.0,4443441647000.0,3597592754000.0,486824326000.0,3021728585000.0,15952540404000.0,7877160533000.0,1017270953000.0,-1001952975000.0,15317978000.0,2026-03-31,TTM,IDR
BBTN,Bank Tabungan Negara (Perser,LQ45,Financial Services,Tidak,WSE,70.0,,1065,3.6,0.4,0.27,0.45,11.81,43.2,8.8,5.03,1.63,14.9,14.32,16.5,0.74,28.8,1189,1238.0,-10.7,-32.4,-110.8,2026-10-06,,,20.59,0.83,,,,,,-4.06,-126.34,0.0,,96.0,53.0,,65.0,59.0,9.4,4.8,2.0,0.0,299.0483,2676.1136,53.57,14034444413.0,20386482000000.0,4196977000000.0,,,61379379000000.0,27385200000000.0,33777535000000.0,545161326000000.0,37557768000000.0,-17029561000000.0,-1853416000000.0,-18882977000000.0,2026-06-30,TTM-gabungan,IDR
UNSP,Bakrie Sumatera Plantations ,Bakrie,Consumer Defensive,Tidak,HOLD,56.0,"ekuitas-,FCF-",364,3.7,-0.17,0.38,,-4.52,101.4,12.8,0.0,-0.9,0.9,15.65,5.2,3.01,84.4,228,291.0,-0.2,1.4,1.2,2026-10-06,29.97,15.53,9.28,7.18,11.72,0.1,0.07,10.76,14.04,1.26,-4.26,0.0,1.13,74.0,58.0,51.0,44.0,40.0,-15.2,-57.9,1.0,0.0,97.2681,-2107.5387,,2500162344.0,2620858000000.0,243186000000.0,392531000000.0,374956000000.0,4727053000000.0,120585000000.0,4599120000000.0,3584043000000.0,-5269189000000.0,306122000000.0,-344902000000.0,-38780000000.0,2026-03-31,TTM,IDR
INKP,Indah Kiat Pulp & Paper Tbk.,LQ45,Basic Materials,Ya,JUAL,66.0,FCF-,8150,3.8,0.35,0.33,0.19,9.63,816.5,13.2,0.92,0.72,44.6,4.35,37.4,0.45,42.8,8538,8710.0,1.1,3.7,32.9,2026-10-06,32.78,22.13,20.01,5.18,4.18,2.73,2.53,3.61,6.53,1.21,-0.16,3.46,1.0,88.0,71.0,58.0,48.0,48.0,-7.5,-19.1,2.0,0.0,2148.8855,23347.3831,75.0,5470982941.0,58749866880000.0,11756516160000.0,18916886400000.0,18806152800000.0,92126838720000.0,12909832800000.0,78987777600000.0,235307212800000.0,127733134560000.0,14178145440000.0,-14248705920000.0,-70560480000.0,2026-06-30,TTM,USD
CTRA,Ciputra Development Tbk,,Real Estate,Ya,JUAL,69.0,"FCF-,kas<laba",540,4.0,0.41,0.37,0.42,10.74,-12.4,-3.5,6.67,0.32,10.0,11.46,6.6,0.93,33.5,597,657.0,0.5,-2.9,-15.2,2026-10-06,47.76,29.54,21.17,5.42,-0.18,2.29,1.13,6.39,2.48,0.06,-6.98,26.47,5.71,99.0,51.0,85.0,51.0,43.0,11.4,12.7,2.0,0.0,136.2146,1321.6936,36.0,18535695255.0,11928887000000.0,2524833000000.0,3776443000000.0,3573259000000.0,7940360000000.0,8602401000000.0,-662041000000.0,46623520000000.0,24498510000000.0,148466000000.0,-847085000000.0,-698619000000.0,2026-06-30,TTM-gabungan,IDR
SIMP,Salim Ivomas Pratama Tbk.,Salim,Consumer Defensive,Ya,JUAL,78.0,,575,4.1,0.43,0.42,0.22,10.91,-1.7,-1.3,4.52,0.44,8.9,11.77,7.1,0.5,42.2,603,586.0,-1.9,-3.2,-2.2,2026-10-06,25.32,19.8,10.27,5.41,0.01,1.37,0.95,8.31,1.94,1.38,19.66,18.57,0.42,97.0,72.0,80.0,57.0,84.0,5.8,19.9,2.0,0.0,141.0385,1349.0497,26.0,15501310000.0,21288660000000.0,2186281000000.0,4616934000000.0,4577786000000.0,9120765000000.0,9014405000000.0,60905000000.0,42347028000000.0,20912038000000.0,3008726000000.0,-1256154000000.0,1752572000000.0,2026-06-30,TTM-gabungan,IDR
TBLA,Tunas Baru Lampung Tbk,,Consumer Defensive,Tidak,TIPIS,51.0,"OCF-,FCF-,laba-30%",605,4.1,0.38,0.42,0.19,9.61,-43.7,-1.2,9.92,1.98,3.6,1.4,0.9,0.63,42.1,623,617.0,-0.0,-0.2,-1.6,2026-10-06,16.86,10.62,3.68,2.96,6.86,1.23,0.82,1.77,8.2,-0.61,-56.61,40.82,,95.0,29.0,29.0,42.0,54.0,11.3,4.0,2.0,-0.35,147.1155,1610.3873,60.0,6004151372.0,24010222000000.0,883304000000.0,2705198000000.0,2574640000000.0,19114830000000.0,529194000000.0,18561224000000.0,31759505000000.0,9669009000000.0,-535558000000.0,-1520846000000.0,-2056404000000.0,2026-06-30,TTM-gabungan,IDR
JPFA,Japfa Comfeed Indonesia Tbk.,,Consumer Defensive,Ya,JUAL,85.0,,2010,4.5,1.14,0.46,0.57,28.54,96.8,22.0,6.97,0.4,23.4,11.79,26.1,0.37,32.3,2212,2303.0,-6.4,-33.5,-86.8,2026-10-06,23.43,11.37,8.02,13.89,0.77,1.79,0.53,10.86,3.68,1.23,13.01,31.18,0.52,96.0,80.0,79.0,85.0,86.0,7.4,41.3,2.0,0.0,442.0483,1766.5469,140.0,11627669901.0,64097536000000.0,5139992000000.0,8030386000000.0,7698660000000.0,8207996000000.0,1849630000000.0,6200297000000.0,39333812000000.0,20540824000000.0,6340063000000.0,-3300451000000.0,3039612000000.0,2026-03-31,TTM-gabungan,IDR
BBYB,Bank Neo Commerce Tbk.,,Financial Services,Tidak,JUAL,67.0,,200,4.6,0.6,0.35,0.68,14.34,-1.3,-11.2,0.0,0.01,2.7,42.87,9.6,0.81,30.3,244,312.0,-1.5,-9.0,-32.7,2026-10-06,,,24.58,3.28,,,,,,3.85,82.14,0.0,0.03,83.0,66.0,,53.0,59.0,12.3,,3.0,0.0,43.7806,331.0363,,13350482346.0,2377881000000.0,584492000000.0,,,34885000000.0,2825240000000.0,-2790355000000.0,17453519000000.0,4419494000000.0,2250478000000.0,-57176000000.0,2193302000000.0,2026-06-30,TTM-gabungan,IDR
LPKR,Lippo Karawaci Tbk,,Healthcare,Tidak,JUAL,54.0,"OCF-,FCF-",47,4.6,0.11,0.27,0.06,2.37,64.2,-12.4,0.0,0.33,3.3,213.91,11.2,0.33,33.0,59,76.0,-1.4,-2.9,-46.1,2026-10-06,37.29,9.09,8.59,1.43,2.26,3.79,0.41,2.13,3.79,-1.42,-35.05,0.0,,89.0,23.0,62.0,49.0,37.0,-15.5,,2.0,0.0,10.1171,429.2231,,70877317769.0,8345823000000.0,717070000000.0,2178934000000.0,1701692000000.0,9937421000000.0,1411564000000.0,4932533000000.0,49221347000000.0,30422180000000.0,-1018687000000.0,-148815000000.0,-1167502000000.0,2026-06-30,TTM-gabungan,IDR
BHIT,MNC Asia Holding Tbk.,,Communication Services,Tidak,TIPIS,52.0,"FCF-,laba-30%",21,4.7,0.11,0.3,0.06,2.22,-117.3,-7.6,0.0,0.59,1.8,42.55,0.9,0.45,32.8,25,32.0,0.4,0.3,0.5,2026-10-06,38.78,16.75,2.72,0.51,2.45,1.12,0.97,2.18,3.07,1.99,-9.76,0.0,1.23,89.0,46.0,55.0,17.0,35.0,-7.1,-13.1,1.0,0.0,4.5154,197.0792,,83542741759.0,13881575000000.0,377226000000.0,2822471000000.0,2405821000000.0,9654585000000.0,2709104000000.0,6912625000000.0,71502232000000.0,16464537000000.0,751930000000.0,-923077000000.0,-171147000000.0,2026-06-30,TTM,IDR
VICO,Victoria Investama Tbk.,,Financial Services,Tidak,TIPIS,69.0,bunga<1.5,152,4.8,0.62,0.36,0.7,13.84,32.9,-1.5,0.0,0.9,2.3,2.07,0.3,0.06,48.0,146,156.0,0.0,0.0,0.0,2026-10-06,90.86,73.73,18.61,1.39,0.51,1.02,1.02,1.39,1.46,-3.52,-74.55,0.0,,82.0,59.0,,70.0,59.0,4.7,61.5,2.0,0.0,31.6054,244.9249,,15217075658.0,2584225042000.0,480942093000.0,2424641845000.0,2385932277000.0,3363350011000.0,2098303391000.0,1234839174000.0,35333726750000.0,3727041411000.0,-1694470059000.0,-29931357000.0,-1724401416000.0,2026-03-31,TTM,IDR
ABMM,ABM Investama Tbk.,,Energy,Ya,JUAL,62.0,,2620,4.9,0.46,0.25,0.28,9.4,16.3,13.4,3.7,1.04,7.2,0.71,1.9,0.44,43.6,2691,2690.0,-0.0,-1.1,-0.3,2026-10-06,10.79,4.88,7.93,4.0,3.82,1.14,1.06,2.35,6.22,3.29,45.61,18.19,0.31,93.0,60.0,45.0,34.0,86.0,-10.4,-36.0,1.0,0.0,530.5985,5730.9754,97.0,2753165000.0,18425687388480.0,1460825339040.0,3012947148000.0,2896303836960.0,16380816173280.0,3803830424160.0,11516212082400.0,36528037389120.0,15778320924960.0,4800064073280.0,-1510162565760.0,3289901507520.0,2026-06-30,TTM-gabungan,USD
BJTM,Bank Pembangunan Daerah Jawa,,Financial Services,Tidak,JUAL,72.0,,510,4.9,0.59,0.37,0.67,12.1,14.6,35.9,11.1,0.44,7.7,5.5,2.8,0.48,39.3,519,514.0,-0.0,-0.8,-11.2,2026-10-06,,,16.22,1.12,,,,,,-6.47,-133.69,54.25,,94.0,53.0,,60.0,85.0,14.6,0.1,1.0,0.0,104.3648,867.8961,56.62,15015498082.0,9663482000000.0,1567090000000.0,,,5677666000000.0,18611709000000.0,-12934043000000.0,162057151000000.0,13031892000000.0,-10145718000000.0,-92264000000.0,-10237982000000.0,2026-06-30,TTM-gabungan,IDR
LSIP,PP London Sumatra Indonesia ,Salim,Consumer Defensive,Ya,BOW,88.0,,1480,4.9,0.7,0.51,0.35,15.14,26.7,5.7,5.61,0.0,10.1,13.27,21.5,0.51,40.9,1521,1313.0,-3.5,-12.8,36.7,2026-10-06,37.37,34.8,35.11,13.51,-3.36,7.08,6.44,2214.41,0.69,1.28,21.63,27.39,0.17,96.0,88.0,100.0,68.0,87.0,6.3,22.1,2.0,0.0,302.6825,2100.1243,83.0,6819963965.0,5880175000000.0,2064284000000.0,2493427000000.0,2493427000000.0,329000000.0,8371777000000.0,-8371448000000.0,16294964000000.0,14322772000000.0,2632025000000.0,-448396000000.0,2183629000000.0,2026-06-30,TTM-gabungan,IDR
MERK,Merck Tbk,,Healthcare,Ya,TIPIS,88.0,,3700,5.0,1.72,0.3,1.0,37.14,400.2,31.0,7.43,0.02,1.7,0.03,0.1,0.49,39.7,3882,3471.0,0.0,0.0,-0.0,2026-10-06,49.96,31.92,24.67,29.81,-0.68,5.0,3.38,193.22,2.94,0.93,18.01,37.01,0.06,90.0,93.0,99.0,71.0,85.0,2.2,10.7,1.0,0.0,743.6645,2152.4328,275.0,448000000.0,1350746385000.0,333161699000.0,457846459000.0,450160126000.0,17460400000.0,328000000000.0,-310539600000.0,1227685670000.0,964289915000.0,311050443000.0,-20017631000.0,298606129000.0,2026-06-30,TTM,IDR
NCKL,Trimegah Bangun Persada Tbk.,,Basic Materials,Tidak,JUAL,87.0,kas<laba,845,5.0,1.21,0.43,0.65,27.87,87.2,44.3,5.05,0.2,53.2,43.33,40.2,0.62,35.2,921,1019.0,-6.3,-22.7,-42.6,2026-10-06,28.12,24.01,32.68,16.9,0.28,1.69,0.88,23.36,4.04,0.49,8.07,0.0,0.17,92.0,79.0,88.0,95.0,74.0,45.8,24.2,3.0,-0.12,169.2943,696.521,42.64,62987866700.0,32634946000000.0,10663487000000.0,14181770000000.0,14086999000000.0,8915750000000.0,4885730000000.0,4030020000000.0,70985378000000.0,43872369000000.0,5174942000000.0,-878467000000.0,4296475000000.0,2026-06-30,TTM-gabungan,IDR
BUKA,Bukalapak.com Tbk.,LQ45,Consumer Cyclical,Tidak,JUAL,66.0,"kas<laba,laba-30%",104,5.1,0.39,0.51,0.24,7.76,-456.9,11.4,0.0,0.0,9.6,94.61,10.1,0.55,42.5,111,132.0,-2.0,-6.9,-50.7,2026-10-06,7.63,-0.35,25.04,7.52,-7.06,42.87,42.25,85.84,-2.29,0.19,3.46,0.0,0.06,73.0,43.0,100.0,51.0,67.0,21.6,16.6,1.0,-10.95,20.2199,264.5843,,91833653260.0,7414665894000.0,1856863630000.0,2001979029000.0,1909403929000.0,105978572000.0,14249892611000.0,-14143914039000.0,24879814690000.0,24297741443000.0,351855346000.0,-21273528000.0,330581818000.0,2026-06-30,TTM-gabungan,IDR
ISSP,Steel Pipe Industry of Indon,,Basic Materials,Ya,JUAL,66.0,"OCF-,FCF-",410,5.1,0.5,0.44,0.27,10.31,93.4,26.1,4.88,0.62,2.9,3.19,1.3,2.81,46.9,426,425.0,-1.8,-4.5,-4.6,2026-10-06,19.61,15.58,9.12,5.95,3.39,2.05,0.65,5.9,6.77,-1.05,-42.0,25.14,,93.0,42.0,60.0,80.0,45.0,-1.8,20.4,3.0,-0.2,79.6183,817.7871,20.0,7051478435.0,6155032000000.0,561427000000.0,854841000000.0,852724000000.0,3575790000000.0,680732000000.0,2894231000000.0,10451274000000.0,5766608000000.0,-588056000000.0,-626239000000.0,-1214295000000.0,2026-06-30,TTM-gabungan,IDR
ASSA,Adi Sarana Armada Tbk.,,Industrials,Ya,JUAL,74.0,,585,5.2,0.96,0.49,0.48,19.15,0.7,10.1,8.55,1.94,2.2,9.75,5.9,0.3,44.4,614,810.0,-0.3,-4.0,-34.2,2026-10-06,31.32,15.81,6.65,4.8,2.89,0.99,0.92,3.6,4.82,2.66,34.09,44.64,0.33,96.0,75.0,44.0,69.0,90.0,0.7,59.5,3.0,0.0,112.0035,612.5153,50.0,3691137517.0,6217896056610.0,413420390553.0,1115751291511.0,1023241688452.0,4385387534441.0,1124492275976.0,3219202689859.0,9015923836764.0,2260878191223.0,1097842164724.0,-361704487852.0,736137676872.0,2026-06-30,TTM-gabungan,IDR
ADMF,Adira Dinamika Multi Finance,,Financial Services,Tidak,TIPIS,71.0,dilusi,8400,5.3,0.67,0.4,0.76,14.74,65.8,10.6,7.5,1.26,10.3,0.09,0.8,0.72,41.1,8626,8236.0,-0.1,-1.7,-1.9,2026-10-06,59.04,12.6,17.78,5.54,10.7,1.32,1.32,,16.79,0.6,10.05,42.0,0.13,91.0,68.0,,61.0,46.0,14.8,-1.3,1.0,22.6,1598.6296,12619.6139,630.0,1225986955.0,11022164000000.0,1959899000000.0,1690244000000.0,1389070000000.0,19570063000000.0,1391600000000.0,18081111000000.0,38617652000000.0,15471482000000.0,1183902000000.0,-148926000000.0,1034976000000.0,2026-06-30,TTM-gabungan,IDR
JSMR,Jasa Marga (Persero) Tbk,LQ45,Industrials,Ya,JUAL,57.0,"FCF-,laba-30%",2600,5.4,0.51,0.5,0.26,9.86,-37.3,-22.7,6.01,2.03,18.9,2.93,8.1,2.32,33.8,2796,2994.0,-2.9,-16.4,-9.6,2026-10-06,41.07,32.06,11.96,2.27,6.79,0.58,0.57,2.78,8.64,1.78,-30.28,30.69,1.91,92.0,69.0,24.0,38.0,42.0,21.7,10.0,1.0,0.0,483.1367,5108.2089,156.23,7257871200.0,29318964000000.0,3506544000000.0,10210450000000.0,10093554000000.0,75337011000000.0,5812506000000.0,69352755000000.0,160538245000000.0,37074722000000.0,6257647000000.0,-11971039000000.0,-5713392000000.0,2026-03-31,TTM-gabungan,IDR
WIIM,Wismilak Inti Makmur Tbk.,,Consumer Defensive,Tidak,JUAL,84.0,,1485,5.4,1.35,0.56,0.68,26.85,112.3,19.1,7.03,0.08,3.1,3.39,5.0,0.37,43.1,1630,1669.0,-1.2,-3.0,0.5,2026-10-06,23.27,11.1,8.53,17.34,0.0,2.48,0.58,43.14,3.96,0.85,7.0,37.87,0.56,92.0,75.0,90.0,83.0,81.0,19.9,18.9,2.0,0.54,275.1653,1098.9882,104.4,2086903760.0,6735437680984.0,574243524613.0,782346632397.0,759563775919.0,191637097350.0,199617349150.0,1499076796.0,3395753959222.0,2293482571440.0,490328491484.0,-273493446294.0,216835045190.0,2026-06-30,TTM-gabungan,IDR
NISP,Bank OCBC NISP Tbk,,Financial Services,Tidak,JUAL,71.0,,1235,5.4,0.64,0.41,0.73,12.42,6.1,6.8,3.64,0.05,28.3,4.9,6.2,0.28,40.3,1259,1320.0,0.4,-7.2,-31.6,2026-10-06,,,38.79,1.68,,,,,,3.48,63.2,19.78,0.01,87.0,58.0,,65.0,75.0,7.3,15.0,3.0,0.0,227.561,1933.8588,45.0,22945296972.0,13461249000000.0,5221455000000.0,,,2133423000000.0,17708726000000.0,-15575303000000.0,329494447000000.0,44372965000000.0,18171596000000.0,-261578000000.0,17910018000000.0,2026-06-30,TTM-gabungan,IDR
DKFT,Central Omega Resources Tbk.,,Basic Materials,Ya,WSE,88.0,,670,5.5,2.4,0.48,1.28,53.02,21.7,19.0,10.45,0.34,3.7,4.75,3.2,1.35,54.3,650,699.0,-0.2,-0.6,-1.0,2026-10-06,52.75,38.11,41.02,22.7,0.18,2.74,2.45,417.33,4.63,0.83,13.71,50.08,0.08,82.0,91.0,94.0,87.0,88.0,26.6,114.0,3.0,0.0,121.4482,278.9821,70.0,5513485875.0,1632331515159.0,669602916415.0,829672086845.0,721836738675.0,519153216134.0,659664734928.0,145434374839.0,3219670929659.0,1538163945576.0,552796370694.0,-46295456497.0,506500914197.0,2026-06-30,TTM-gabungan,IDR
BJBR,Bank Pembangunan Daerah Jawa,,Financial Services,Tidak,JUAL,60.0,,760,5.5,0.49,0.42,0.56,8.75,-6.5,1.7,11.26,1.32,8.0,8.0,6.1,0.41,41.2,783,761.0,-0.3,-2.7,-43.7,2026-10-06,,,12.83,0.64,,,,,,18.52,328.24,62.38,0.02,96.0,42.0,,26.0,83.0,2.8,-20.6,0.0,0.0,137.1204,1536.5138,85.54,10521443686.0,11240515000000.0,1442705000000.0,,,21327380000000.0,28372804000000.0,3631209000000.0,228249017000000.0,16166343000000.0,26714266000000.0,-467215000000.0,26247051000000.0,2026-06-30,TTM-gabungan,IDR
PWON,Pakuwon Jati Tbk.,,Real Estate,Tidak,JUAL,84.0,,256,5.6,0.54,0.52,0.55,10.1,104.3,11.1,5.08,0.26,12.3,27.81,7.4,0.48,40.7,266,297.0,3.6,2.0,4.5,2026-10-06,56.05,41.73,31.17,6.01,0.48,3.02,1.7,9.66,4.52,1.39,21.05,28.25,0.16,92.0,78.0,90.0,75.0,87.0,5.9,15.1,2.0,0.0,46.0213,474.3374,13.0,48159602400.0,7111498504000.0,2216369235000.0,3053476156000.0,2988105226000.0,5937497643000.0,4461085075000.0,1476412568000.0,37695717111000.0,22843899845000.0,3074783160000.0,-479866019000.0,2594917141000.0,2026-06-30,TTM-gabungan,IDR
ELSA,Elnusa Tbk,,Energy,Ya,JUAL,84.0,,630,5.6,0.85,0.28,0.51,15.54,31.3,6.5,7.03,0.08,4.6,19.97,13.8,0.56,34.2,697,637.0,-0.8,4.2,-16.9,2026-10-06,9.55,6.0,5.4,7.28,-2.33,1.45,1.36,21.24,2.05,2.2,26.39,39.58,0.32,98.0,68.0,93.0,74.0,91.0,5.6,23.9,3.0,0.0,111.8901,743.169,44.29,7298500000.0,15119072000000.0,816630000000.0,1049287000000.0,1042859000000.0,442210000000.0,2885629000000.0,-2443419000000.0,11401182000000.0,5424019000000.0,1796043000000.0,-582513000000.0,1213530000000.0,2026-06-30,TTM-gabungan,IDR
UNIC,Unggul Indah Cahaya Tbk,,Basic Materials,Ya,TIPIS,85.0,,15075,5.8,1.05,0.5,0.56,18.52,248.7,21.4,14.0,0.02,5.8,0.02,0.3,0.86,54.7,14897,11613.0,0.0,0.0,-1.8,2026-10-06,21.17,16.63,13.47,15.58,-2.12,6.47,4.54,223.81,2.38,1.34,19.42,64.14,0.16,96.0,83.0,100.0,57.0,89.0,-0.9,-1.3,1.0,0.0,2601.4819,14419.348,2110.0,383331363.0,7401534629760.0,997229612160.0,1284455485440.0,1267931918880.0,100319775360.0,2827159290720.0,-2726839515360.0,6612075989760.0,5527388323200.0,1336319107680.0,-214255645440.0,1122063462240.0,2026-06-30,TTM-gabungan,USD
DMAS,Puradelta Lestari Tbk.,,Real Estate,Ya,HOLD,78.0,,191,5.9,1.31,0.55,1.34,21.4,5.2,47.7,8.64,0.0,9.2,179.22,34.3,0.87,55.5,174,138.0,-6.2,-11.7,10.6,2026-10-06,68.61,63.51,62.4,17.97,-1.27,4.12,1.53,106.4,4.33,0.99,15.87,50.99,0.05,78.0,89.0,99.0,41.0,86.0,-12.2,-13.0,1.0,0.0,32.357,145.3753,16.5,48198111100.0,2499179915182.0,1559544915123.0,1646176577032.0,1617418464986.0,1054170512.0,2085029615467.0,-2083975444955.0,8790484116231.0,7006813446025.0,1543458041828.0,-82307605844.0,1461150435984.0,2026-06-30,TTM-gabungan,IDR
BTPS,Bank BTPN Syariah Tbk.,,Financial Services,Ya,JUAL,67.0,,940,6.0,0.71,0.45,0.81,12.2,8.1,0.5,12.79,0.03,7.2,8.06,7.9,0.38,39.8,990,1043.0,-1.5,-9.2,-25.7,2026-10-06,,,25.85,5.39,,,,,,1.09,15.64,54.59,0.14,88.0,64.0,,35.0,85.0,-2.1,-12.3,1.0,0.0,157.4355,1331.6197,120.2,7703700000.0,4691353000000.0,1212836000000.0,,,321130000000.0,1542474000000.0,-1221344000000.0,23301720000000.0,10258399000000.0,1318743000000.0,-186497000000.0,1132246000000.0,2026-06-30,TTM-gabungan,IDR
APLN,Agung Podomoro Land Tbk.,,Real Estate,Ya,JUAL,61.0,,107,6.0,0.21,0.56,0.21,3.55,30.8,-7.0,0.0,0.44,2.4,23.29,2.7,0.76,33.3,127,140.0,0.0,0.1,1.7,2026-10-06,37.31,18.95,7.34,1.63,3.0,1.97,0.74,2.83,4.81,3.6,59.33,0.0,0.02,86.0,60.0,64.0,25.0,71.0,-25.6,-61.6,0.0,0.0,17.9015,516.5313,,22699326779.0,5537710395000.0,406351026000.0,1340894355000.0,1305441580000.0,5143056326000.0,1126866889000.0,4016189437000.0,24154525395000.0,11724913828000.0,1463132670000.0,-22165795000.0,1440966875000.0,2026-06-30,TTM,IDR
BSDE,Bumi Serpong Damai Tbk,,Real Estate,Ya,JUAL,56.0,"OCF-,FCF-",545,6.1,0.25,0.57,0.26,4.34,6.7,-11.8,0.0,0.42,11.4,35.13,20.5,1.69,33.3,605,727.0,7.5,15.9,-52.1,2026-10-06,64.83,28.4,16.83,2.38,2.63,3.56,1.45,2.37,5.56,-0.7,-13.39,0.0,,86.0,35.0,70.0,42.0,37.0,7.7,1.5,1.0,0.0,89.7021,2143.0898,,20913395112.0,11149348949010.0,1875975340821.0,3878533945128.0,3790657553523.0,18691113561104.0,8457918412228.0,10184084186108.0,81942880583837.0,44819283644651.0,-1307120350520.0,-219081733672.0,-1526202084192.0,2026-06-30,TTM-gabungan,IDR
MAHA,Mandiri Herindo Adiperkasa T,,Industrials,Ya,JUAL,83.0,,138,6.1,1.23,0.57,0.62,20.16,399.9,44.6,8.7,0.3,2.3,15.62,2.3,0.24,40.3,144,144.0,-0.1,-0.2,0.0,2026-10-06,20.98,16.5,11.12,13.23,0.53,1.67,1.56,10.71,4.68,1.81,21.77,52.98,0.19,93.0,84.0,86.0,64.0,90.0,21.2,-21.5,1.0,-0.04,22.6752,111.8723,12.0,16394970000.0,3342606831000.0,371759537000.0,544750586000.0,534728379000.0,558743482000.0,270881380000.0,287862102000.0,2840478359000.0,1834142352000.0,672866965000.0,-125786181000.0,492457060000.0,2026-06-30,TTM-gabungan,IDR
BMRI,Bank Mandiri (Persero) Tbk,LQ45,Financial Services,Tidak,JUAL,72.0,,4100,6.1,1.34,0.46,1.52,23.11,13.9,-5.3,11.63,0.79,381.2,126.95,532.1,0.69,45.7,4163,4251.0,-127.3,-381.9,-2709.1,2026-10-06,,,45.01,2.49,,,,,,0.1,-0.1,71.47,1.06,71.0,77.0,,60.0,83.0,6.6,11.0,3.0,-0.39,669.5596,3061.0218,476.96,92973333332.0,138319198000000.0,62251187000000.0,,,225867427000000.0,270161458000000.0,-44294031000000.0,2527568193000000.0,284593401000000.0,6171549000000.0,-6549172000000.0,-377623000000.0,2026-06-30,TTM-gabungan,IDR
BBNI,Bank Negara Indonesia  (Pers,LQ45,Financial Services,Tidak,JUAL,68.0,,3460,6.2,0.79,0.47,0.9,12.47,-5.3,16.9,10.1,0.48,128.8,38.36,139.4,0.7,37.3,3648,3774.0,-13.5,-54.8,-432.9,2026-10-06,,,33.64,1.59,,,,,,0.95,12.99,62.96,0.18,85.0,58.0,,51.0,84.0,0.8,3.1,2.0,-0.1,556.2279,4402.6316,349.41,37219456816.0,61543195000000.0,20702500000000.0,,,79320148000000.0,177448704000000.0,-98128556000000.0,1461001157000000.0,163863555000000.0,19678040000000.0,-3462659000000.0,16723596000000.0,2026-06-30,TTM-gabungan,IDR
TOWR,Sarana Menara Nusantara Tbk.,LQ45,Real Estate,Tidak,JUAL,64.0,dilusi,414,6.2,0.84,0.58,0.86,16.15,14.1,13.8,3.33,1.6,24.1,63.26,27.2,1.02,48.1,422,457.0,-18.8,-33.5,-113.9,2026-10-06,66.42,56.12,27.46,4.82,6.6,0.2,0.17,2.6,10.21,2.28,21.82,20.24,0.4,78.0,85.0,25.0,58.0,66.0,6.5,2.2,2.0,16.34,66.7037,490.1916,13.78,58211582377.0,14139245000000.0,3882929000000.0,6677392000000.0,6677392000000.0,45524849000000.0,941560000000.0,44094647000000.0,81842468000000.0,28534826000000.0,8836275000000.0,-3577863000000.0,5258412000000.0,2026-06-30,TTM-gabungan,IDR
BNGA,Bank CIMB Niaga Tbk.,,Financial Services,Tidak,BOW,71.0,,1690,6.2,0.72,0.47,0.82,12.23,4.3,11.0,9.57,0.19,42.5,3.35,5.8,0.67,43.0,1693,1650.0,0.6,1.8,26.1,2026-10-06,,,34.61,1.88,,,,,,-1.31,-23.14,59.31,,88.0,58.0,,61.0,84.0,1.0,10.9,3.0,0.02,271.9174,2340.3237,161.77,25142043843.0,19751684000000.0,6836560000000.0,,,11454305000000.0,17719257000000.0,-6264952000000.0,368218954000000.0,58840521000000.0,-8977240000000.0,-853080000000.0,-9830320000000.0,2026-03-31,TTM-gabungan,IDR
SMAR,Sinar Mas Agro Resources and,,Consumer Defensive,Ya,HOLD,71.0,,9000,6.3,1.07,0.65,0.54,18.58,1028.3,8.7,3.0,0.74,25.8,0.27,2.0,1.81,76.5,6222,5347.0,-0.2,-0.1,0.6,2026-10-06,14.62,6.42,4.69,8.49,2.58,1.59,0.76,6.7,6.68,1.61,11.81,18.89,0.54,85.0,70.0,64.0,56.0,81.0,5.0,-22.3,2.0,0.0,1428.7464,8397.6292,270.0,2872193366.0,87410098000000.0,4103636000000.0,6308125000000.0,6062281000000.0,17900241000000.0,1586141000000.0,16297748000000.0,50398674000000.0,24119615000000.0,6610969000000.0,-3558045000000.0,3052924000000.0,2026-06-30,TTM-gabungan,IDR
BIRD,Blue Bird Tbk.,,Industrials,Ya,BOW,75.0,FCF-,1560,6.3,0.64,0.59,0.32,10.21,-0.2,16.7,10.64,0.36,3.9,0.66,1.0,0.25,38.1,1609,1529.0,-0.4,-1.8,-4.8,2026-10-06,30.73,11.32,10.34,6.59,0.85,1.14,1.13,7.56,4.9,2.23,-9.96,66.94,1.28,95.0,69.0,76.0,72.0,45.0,16.7,21.1,3.0,0.0,248.1719,2443.3896,166.0,2502100000.0,6006504000000.0,620951000000.0,962164000000.0,925550000000.0,2181901000000.0,1358091000000.0,815088000000.0,10085667000000.0,6113605000000.0,1386968000000.0,-1775827000000.0,-388859000000.0,2026-06-30,TTM-gabungan,IDR
SPTO,Surya Pertiwi Tbk.,,Consumer Cyclical,Ya,TIPIS,79.0,,605,6.3,0.95,0.63,0.59,15.11,2.1,4.4,11.57,0.12,1.6,0.63,0.4,1.61,49.2,607,592.0,-0.2,0.2,-0.1,2026-10-06,28.51,11.96,9.11,7.57,0.15,1.99,1.17,21.28,4.32,1.49,18.72,73.39,0.16,92.0,74.0,92.0,54.0,87.0,3.5,9.4,2.0,0.0,95.3895,635.0077,70.0,2700000000.0,2827568212740.0,257551605977.0,392511462848.0,362778860437.0,200799096147.0,213260340965.0,60715026094.0,3363145425699.0,1714520918189.0,383612222381.0,-62413807414.0,305797681634.0,2026-06-30,TTM-gabungan,IDR
INDF,Indofood Sukses Makmur Tbk,LQ45/Salim,Consumer Defensive,Ya,BOW,75.0,laba-30%,6850,6.3,0.78,0.65,0.39,13.27,-35.2,0.3,4.23,1.04,60.1,5.13,36.2,0.34,41.2,7156,6608.0,3.0,-12.0,-39.0,2026-10-06,33.09,19.07,7.41,4.35,1.07,2.03,1.59,5.54,3.65,2.1,26.26,26.61,0.22,91.0,72.0,73.0,52.0,87.0,3.7,18.9,3.0,0.0,1089.9976,8730.9514,290.0,8780426500.0,129175490000000.0,9570644000000.0,23341801000000.0,22627674000000.0,79417117000000.0,54125470000000.0,25033048000000.0,231245059000000.0,76661477000000.0,20143401000000.0,-4351748000000.0,15791653000000.0,2026-06-30,TTM-gabungan,IDR
CPIN,Charoen Pokphand Indonesia T,LQ45,Consumer Defensive,Ya,JUAL,77.0,,2910,6.4,1.37,0.66,0.68,22.34,-26.5,10.0,6.19,0.28,47.7,27.64,86.5,0.38,36.8,3098,3697.0,0.3,-57.7,-555.6,2026-10-06,19.01,13.12,9.67,15.5,0.38,2.68,0.77,23.98,4.82,0.72,7.0,39.65,0.38,88.0,72.0,88.0,57.0,85.0,7.5,24.4,2.0,0.0,454.4337,2128.1364,180.0,16398000000.0,77061799000000.0,7451803000000.0,10742932000000.0,10441748000000.0,9848829000000.0,5368132000000.0,4070467000000.0,52380933000000.0,34897180000000.0,5366489000000.0,-2025137000000.0,3341352000000.0,2026-06-30,TTM-gabungan,IDR
PBID,Panca Budi Idaman Tbk.,,Consumer Cyclical,Ya,TIPIS,84.0,,525,6.4,1.33,0.64,0.82,20.55,179.4,43.0,10.1,0.07,3.9,0.94,0.5,0.92,51.8,527,478.0,0.1,0.1,0.1,2026-10-06,21.85,13.51,10.72,17.04,0.02,3.79,1.41,56.06,4.63,0.95,13.28,64.37,0.1,88.0,78.0,96.0,73.0,86.0,1.1,4.3,2.0,0.0,82.3387,393.7758,53.0,7500000000.0,5762894648000.0,617540535000.0,853358805000.0,822875279000.0,209911231000.0,183643970000.0,17117465000.0,3686511847000.0,2953318454000.0,583985809000.0,-60925447000.0,523060362000.0,2026-06-30,TTM-gabungan,IDR
ASII,Astra International Tbk,LQ45,Industrials,Tidak,JUAL,74.0,,4750,6.4,0.82,0.6,0.41,13.2,-3.6,-4.9,8.21,0.52,189.6,41.67,198.4,1.43,48.6,4855,5534.0,-1.2,-92.7,-255.0,2026-10-06,21.69,10.65,9.35,5.9,1.56,1.19,0.95,12.32,5.7,1.27,12.6,52.7,0.37,94.0,68.0,74.0,45.0,93.0,2.4,4.2,2.0,-1.39,746.1662,5763.2176,390.0,39920061040.0,318448000000000.0,29787000000000.0,45726000000000.0,45726000000000.0,119198000000000.0,46150000000000.0,71111000000000.0,514517000000000.0,230068000000000.0,37806000000000.0,-13909000000000.0,23897000000000.0,2026-06-30,TTM-gabungan,IDR
DRMA,Dharma Polimetal Tbk.,,Consumer Cyclical,Ya,TIPIS,82.0,,940,6.4,1.62,0.64,1.0,26.75,-3.2,10.2,7.45,0.13,4.4,0.75,0.7,0.89,43.3,974,960.0,-0.1,-0.2,-3.4,2026-10-06,18.03,12.34,11.0,16.41,0.04,1.84,1.29,34.83,4.75,1.26,12.7,47.3,0.36,84.0,83.0,92.0,63.0,90.0,15.0,18.3,2.0,0.0,147.7725,579.9845,70.0,4705882300.0,6323088493470.0,695400197239.0,938685350274.0,912017651027.0,362465292848.0,539468498050.0,34632512016.0,4426846216351.0,2729338967881.0,877576118660.0,-315993816576.0,561582302084.0,2026-06-30,TTM-gabungan,IDR
NOBU,Bank Nationalnobu Tbk.,,Financial Services,Tidak,WSE,72.0,,510,6.5,0.86,0.49,0.98,14.07,50.4,30.4,0.0,0.0,3.8,7.06,3.7,0.2,47.0,507,512.0,-0.2,0.1,1.9,2026-10-06,,,31.76,1.48,,,,,,5.47,71.82,0.0,0.15,72.0,62.0,,93.0,59.0,30.6,66.7,3.0,0.0,78.5185,594.8451,,7478443899.0,1849079000000.0,587196000000.0,,,10193000000.0,4100277000000.0,-4090084000000.0,43160198000000.0,4448516000000.0,3212247000000.0,-472968000000.0,2739279000000.0,2026-06-30,TTM,IDR
TUGU,Asuransi Tugu Pratama Indone,,Financial Services,Tidak,BUY,73.0,,1545,6.6,0.6,0.5,0.68,8.7,94.8,-117.5,6.47,0.08,5.5,3.91,6.0,1.73,57.0,1377,1208.0,-1.3,-2.7,-1.9,2026-10-06,,,29.99,2.69,,,,22.27,,0.94,8.5,38.61,0.41,90.0,52.0,,71.0,84.0,17.7,27.0,2.0,0.0,234.5083,2582.3249,99.99,3555575600.0,2780646175000.0,833811855000.0,,1091679904000.0,707624517000.0,389680741000.0,307641587000.0,29487507699000.0,9181651262000.0,787438898000.0,-320742029000.0,466696869000.0,2026-06-30,TTM,IDR
SCCO,Supreme Cable Manufacturing ,,Industrials,Ya,TIPIS,70.0,,2680,6.6,0.38,0.62,0.19,5.99,21.5,-1.3,3.73,,2.2,0.3,0.9,0.12,56.3,2469,2319.0,0.0,0.3,0.4,2026-10-06,8.86,5.05,4.48,5.59,,6.56,4.6,,,0.64,8.64,24.45,0.12,90.0,41.0,,75.0,82.0,10.7,43.3,3.0,0.0,408.3592,6975.638,100.0,822333600.0,7492755169785.0,335807525629.0,382648121226.0,378268408877.0,,1164324099773.0,,6215057697721.0,5736301540807.0,215919058567.0,-25437768794.0,190481289773.0,2026-06-30,TTM-gabungan,IDR
SMDR,Samudera Indonesia  Tbk,,Industrials,Ya,HOLD,69.0,,398,6.6,0.66,0.62,0.33,10.12,62.3,20.0,3.02,0.95,6.5,35.89,14.1,0.53,66.0,343,333.0,9.5,11.9,43.0,2026-10-06,17.71,10.8,6.55,3.94,1.29,2.31,2.29,3.74,4.29,2.93,15.93,22.73,0.64,90.0,63.0,71.0,44.0,82.0,-11.4,-37.5,1.0,0.0,59.9423,605.957,12.0,16375600000.0,14996157258240.0,981591328320.0,2174152311360.0,2131122530880.0,9377580534720.0,6573056275200.0,2804524259520.0,26319924644640.0,9922909752960.0,2878481108640.0,-1840366005120.0,1038115103520.0,2026-06-30,TTM,USD
SMRA,Summarecon Agung Tbk,LQ45,Real Estate,Ya,WSE,62.0,laba-30%,240,6.7,0.33,0.63,0.34,5.11,-46.2,-18.5,2.08,1.27,4.0,54.05,15.1,0.31,25.1,306,327.0,-2.3,-8.1,-52.6,2026-10-06,100.09,80.01,7.06,1.55,3.71,1.09,0.4,2.26,5.16,2.45,33.06,13.87,0.1,88.0,64.0,41.0,40.0,80.0,15.3,7.0,2.0,0.0,36.0677,720.4474,5.0,16508568358.0,8437629969000.0,595425686000.0,2746663469000.0,2640674435000.0,15076181413000.0,4838796933000.0,10202614575000.0,41303951908000.0,11893555693000.0,1460340581000.0,-150579162000.0,1309761419000.0,2026-06-30,TTM,IDR
WINS,Wintermar Offshore Marine Tb,,Industrials,Ya,HOLD,85.0,,585,6.8,0.85,0.64,0.43,13.1,116.3,50.2,1.52,0.4,2.6,2.73,1.6,0.29,55.3,545,519.0,-0.0,-0.8,-1.2,2026-10-06,46.15,36.09,22.97,6.94,0.77,3.77,3.67,17.83,4.61,2.25,4.69,8.52,0.86,86.0,82.0,92.0,92.0,62.0,10.1,162.3,2.0,1.02,86.1323,691.2991,8.9,4469785110.0,1675764939840.0,384992666400.0,680641734720.0,676144103520.0,1224946716000.0,700939283520.0,524007432480.0,6677189282400.0,3089958326400.0,866259575520.0,-743589444000.0,122670131520.0,2026-06-30,TTM-gabungan,USD
ERAA,Erajaya Swasembada Tbk.,,Consumer Cyclical,Ya,HOLD,72.0,,620,6.9,1.02,0.69,0.63,15.82,63.0,29.0,4.03,0.84,9.7,100.99,61.1,0.6,65.5,522,406.0,-8.6,-15.8,157.7,2026-10-06,10.87,2.09,1.67,4.89,1.13,1.26,0.4,4.41,3.41,4.96,61.38,0.0,0.15,87.0,59.0,62.0,75.0,79.0,15.7,5.7,2.0,-0.89,90.2487,606.0471,25.0,15642296878.0,84456070239000.0,1411697210000.0,4271014760000.0,2767411601000.0,7980815824000.0,1312396735000.0,4845553666000.0,29348807617000.0,9479968966000.0,7000281261000.0,-1047262921000.0,5953018340000.0,2026-06-30,TTM-gabungan,IDR
AUTO,Astra Otoparts Tbk,,Consumer Cyclical,Ya,BUY,79.0,,3450,6.9,1.04,0.69,0.64,15.66,17.2,14.3,6.64,0.04,16.6,2.76,9.2,1.58,66.3,3132,2667.0,-4.2,-11.1,-17.3,2026-10-06,16.64,6.25,11.42,10.53,-1.2,2.03,1.5,87.77,4.19,0.67,6.3,45.71,0.35,89.0,62.0,96.0,70.0,85.0,2.3,18.5,3.0,0.0,501.5815,3317.761,229.0,4819733000.0,21176143000000.0,2417489000000.0,3082629000000.0,2897524000000.0,590363000000.0,4296374000000.0,-3706011000000.0,23881905000000.0,15990722000000.0,1612079000000.0,-564257000000.0,1047822000000.0,2026-06-30,TTM-gabungan,IDR
INTP,Indocement Tunggal Prakarsa ,LQ45,Basic Materials,Ya,JUAL,83.0,,5025,7.0,0.75,0.61,0.4,10.55,77.7,15.9,9.31,0.12,16.5,1.18,6.1,1.04,45.1,5223,5170.0,-1.1,-1.3,-15.4,2026-10-06,32.71,11.18,12.91,7.77,-0.37,1.47,1.09,18.58,4.63,1.57,16.31,66.26,0.27,95.0,70.0,91.0,71.0,93.0,2.8,6.9,3.0,-1.98,713.7219,6732.802,468.0,3283724199.0,18149552000000.0,2343666000000.0,3303385000000.0,3008341000000.0,2701245000000.0,3911459000000.0,-1210214000000.0,30231555000000.0,22108665000000.0,3681716000000.0,-990926000000.0,2690790000000.0,2026-06-30,TTM-gabungan,IDR
MDLA,Medela Potentia Tbk.,,Healthcare,Ya,TIPIS,72.0,"FCF-,kas<laba",208,7.0,0.95,0.41,0.55,13.72,19.0,17.6,6.06,0.02,2.9,1.74,0.4,0.24,52.8,208,214.0,0.1,0.3,0.6,2026-10-06,9.51,3.35,2.65,6.45,-0.27,1.78,1.22,67.97,4.3,0.32,-0.26,42.84,1.06,95.0,41.0,93.0,65.0,59.0,8.4,7.9,2.0,0.0,29.6352,219.444,12.6,14012825000.0,15644515000000.0,415273000000.0,638744000000.0,553428000000.0,72075000000.0,242578000000.0,-170503000000.0,6605424000000.0,3075031000000.0,131388000000.0,-139019000000.0,-7631000000.0,2026-06-30,TTM,IDR
UNVR,Unilever Indonesia Tbk,LQ45,Consumer Defensive,Ya,JUAL,63.0,"laba-30%,payout>100",1575,7.1,19.79,0.73,9.9,264.09,-33.0,3.0,14.48,0.18,59.8,14.09,22.9,0.85,30.3,1706,1840.0,-4.8,-3.1,-38.6,2026-10-06,46.09,14.0,26.51,49.35,0.16,0.57,0.38,76.92,12.7,0.53,5.68,205.1,0.24,61.0,78.0,75.0,37.0,63.0,-8.1,12.5,1.0,-0.44,222.6181,79.5876,228.0,37981233300.0,31893178000000.0,8455310000000.0,4770884000000.0,4558686000000.0,547203000000.0,1736727000000.0,778820000000.0,16454946000000.0,3022835000000.0,4480197000000.0,-1084336000000.0,3395861000000.0,2026-06-30,TTM-gabungan,IDR
TLDN,Teladan Prima Agro Tbk.,,Consumer Defensive,Ya,TIPIS,83.0,,595,7.1,2.09,0.73,1.04,30.87,65.3,5.2,14.31,0.21,7.7,1.09,0.7,1.22,49.9,583,588.0,0.1,-0.0,-0.1,2026-10-06,34.0,22.81,19.49,17.68,0.07,1.24,0.5,32.99,5.39,1.1,15.63,64.37,0.01,81.0,91.0,83.0,77.0,83.0,14.5,24.5,2.0,0.0,84.1135,285.1419,85.15,12946530200.0,5585973861000.0,1088977379000.0,1446591116000.0,1418808736000.0,787400994000.0,258018162000.0,96219476000.0,6342799138000.0,3691598827000.0,1196076050000.0,7636158000.0,1203712208000.0,2026-06-30,TTM-gabungan,IDR
KPIG,MNC Tourism Indonesia Tbk.,,Real Estate,Ya,JUAL,61.0,"FCF-,kas<laba",43,7.2,0.16,0.67,0.16,2.24,375.1,12.8,0.0,0.19,4.6,804.81,55.7,0.21,32.4,68,112.0,-1.7,-3.4,-63.6,2026-10-06,39.33,23.36,23.34,1.78,6.91,1.04,0.53,6.2,12.83,0.37,-8.12,0.0,2.56,77.0,43.0,57.0,93.0,15.0,32.6,59.2,3.0,10.0,6.0122,275.1529,,107312842189.0,2764469991231.0,645186560465.0,779692344905.0,772952306059.0,5551443639810.0,154734799652.0,5385384018429.0,36676489446838.0,29527438807722.0,240486709089.0,-615034511740.0,-374547802651.0,2026-06-30,TTM-gabungan,IDR
GGRM,Gudang Garam Tbk,LQ45,Consumer Defensive,Tidak,BOW,73.0,,17000,7.2,0.51,0.74,0.26,7.17,46466.0,-8.7,4.71,0.01,32.7,1.01,18.0,0.77,35.4,19137,15880.0,-1.2,0.4,22.1,2026-10-06,12.98,7.21,5.24,5.57,0.18,3.64,1.09,98.14,4.87,2.71,31.98,34.86,0.14,89.0,60.0,94.0,43.0,88.0,-10.5,-17.6,2.0,0.0,2347.547,33264.912,800.0,1924088000.0,86178654000000.0,4516887000000.0,6967555000000.0,6220225000000.0,761931000000.0,8719955000000.0,1235157000000.0,77787029000000.0,64004618000000.0,12227339000000.0,-1766701000000.0,10460638000000.0,2026-06-30,TTM-gabungan,IDR
PNBN,Bank Pan Indonesia Tbk,,Financial Services,Tidak,WSE,62.0,,825,7.3,0.37,0.55,0.42,5.13,-9.1,3.5,5.09,0.24,19.9,2.81,2.4,0.36,26.7,888,944.0,-0.1,-1.0,-17.5,2026-10-06,,,26.21,1.19,,,,,,3.52,45.75,73.98,0.06,94.0,41.0,,40.0,80.0,-2.2,-3.3,2.0,-0.04,113.5376,2215.4727,42.0,24071873098.0,10427477000000.0,2733063000000.0,,,12674296000000.0,11213247000000.0,1461049000000.0,229285529000000.0,53330578000000.0,9633965000000.0,-548894000000.0,9085071000000.0,2026-06-30,TTM-gabungan,IDR
ACES,Aspirasi Hidup Indonesia Tbk,LQ45,Consumer Cyclical,Ya,JUAL,80.0,,326,7.3,0.88,0.73,0.54,11.8,60.2,2.3,9.82,0.16,5.6,17.11,5.9,1.28,31.3,351,351.0,-1.2,-6.1,-7.1,2026-10-06,47.65,7.2,8.6,8.87,-0.11,4.94,2.28,11.96,3.33,1.6,18.57,71.71,0.16,91.0,69.0,94.0,61.0,88.0,8.5,0.2,2.0,-0.17,44.7514,371.7251,32.01,17120389700.0,8908461631750.0,766162246072.0,1621458585540.0,1014150493932.0,988865868411.0,1166703195453.0,-177837327042.0,8826928053044.0,6364078418614.0,1228204293854.0,-191704862144.0,1036499431710.0,2026-06-30,TTM-gabungan,IDR
MTDL,Metrodata Electronics Tbk,,Technology,Ya,TIPIS,67.0,"OCF-,FCF-",500,7.4,1.31,0.14,0.64,18.44,0.7,25.2,5.4,0.71,6.1,1.78,0.9,0.21,44.8,508,529.0,-0.0,0.0,-5.0,2026-10-06,8.17,5.35,2.86,6.17,1.28,1.66,0.87,15.84,5.07,-2.06,-28.09,39.71,,93.0,39.0,77.0,69.0,49.0,9.0,11.9,3.0,0.0,67.8844,382.3876,27.0,12276884585.0,29132361000000.0,833409000000.0,1620819000000.0,1620819000000.0,3341596000000.0,1269398000000.0,2072198000000.0,15284097000000.0,4694528000000.0,-1713826000000.0,-10520000000.0,-1724346000000.0,2026-06-30,TTM-gabungan,IDR
AADI,Adaro Andalan Indonesia Tbk.,,Energy,Ya,HOLD,71.0,,11950,7.4,1.51,0.38,0.9,21.85,,,8.38,0.24,93.1,10.64,125.6,0.73,60.8,10532,8923.0,-31.7,-56.1,380.1,2026-10-06,24.46,19.43,14.76,12.01,-0.07,2.1,1.93,26.56,5.05,0.82,4.82,35.6,0.56,89.0,79.0,94.0,12.0,78.0,-14.0,-31.3,1.0,0.0,1613.0008,7924.4183,1001.4,7786891760.0,85070719680000.0,12560262720000.0,18174038880000.0,18150169440000.0,14926036800000.0,16240294560000.0,-1314257760000.0,102662390400000.0,61706587200000.0,10263077760000.0,-5781412800000.0,4481664960000.0,2026-03-31,TTM-gabungan,USD
MSTI,Mastersystem Infotama Tbk.,,Technology,Ya,BOW,80.0,,1325,7.5,1.92,0.14,0.94,25.09,-14.3,-15.6,18.11,0.05,4.2,1.34,1.8,0.74,44.4,1339,1287.0,-0.1,-0.3,2.1,2026-10-06,17.97,12.18,10.17,17.37,-1.13,3.42,2.51,81.1,4.53,1.13,15.46,68.67,0.02,86.0,82.0,99.0,50.0,84.0,15.8,11.2,3.0,0.0,177.6595,691.0077,240.0,3139416200.0,5485756068930.0,557746997487.0,734120756297.0,723792619810.0,99923497110.0,932278996083.0,-832355498973.0,3160161962664.0,2169360617053.0,628296088529.0,14720169200.0,643016257729.0,2026-06-30,TTM-gabungan,IDR
CPRO,Central Proteina Prima Tbk.,,Consumer Defensive,Ya,WSE,61.0,laba-30%,41,7.6,0.61,0.78,0.3,8.38,-42.2,8.2,0.0,0.4,2.4,66.12,2.6,3.69,29.3,49,56.0,-0.0,0.3,-0.4,2026-10-06,19.2,7.53,3.15,4.61,1.98,1.19,0.47,4.66,5.43,0.91,4.82,0.0,0.6,79.0,50.0,64.0,44.0,66.0,6.5,4.3,2.0,0.0,5.419,66.8189,,59572382787.0,10253318000000.0,322822000000.0,706989000000.0,650967000000.0,1575296000000.0,83880000000.0,1396324000000.0,7198718000000.0,3980562000000.0,294413000000.0,-176647000000.0,117766000000.0,2026-06-30,TTM-gabungan,IDR
PBSA,Paramita Bangun Sarana Tbk.,,Industrials,Tidak,JUAL,79.0,"kas<laba,laba-30%",755,7.6,2.47,0.71,1.24,34.53,-94.5,46.8,7.95,0.0,2.3,1.92,1.5,0.46,46.1,783,1048.0,0.2,0.3,-0.2,2026-10-06,19.25,15.66,17.16,23.63,-0.18,2.44,2.32,219.03,6.31,0.45,5.01,0.0,0.14,77.0,76.0,98.0,73.0,70.0,29.6,33.7,3.0,-0.5,98.993,305.106,60.0,2984886300.0,1722166992724.0,295482781026.0,346758505971.0,339485648783.0,359243304.0,64427107916.0,-64067864612.0,1403748608050.0,910706628306.0,132131014395.0,-19135282487.0,112995731908.0,2026-03-31,TTM,IDR
HRTA,Hartadinata Abadi Tbk.,Logam,Consumer Cyclical,Ya,WSE,69.0,,2200,7.6,2.71,0.76,1.67,42.04,34.1,65.2,1.82,1.12,10.1,8.11,17.9,1.58,50.0,2161,2250.0,-5.5,-31.2,-53.4,2026-10-06,3.83,3.21,2.1,14.65,1.56,1.69,0.45,6.62,6.5,0.52,4.48,13.85,0.35,64.0,56.0,63.0,94.0,74.0,86.0,56.9,3.0,0.0,288.7995,811.1909,40.0,4605262400.0,63303233662381.0,1329997259504.0,2050416067991.0,2010186800309.0,4189281732944.0,983698277704.0,3189473023358.0,11350876052356.0,3735746835279.0,694811034043.0,-240938914845.0,453872119198.0,2026-06-30,TTM,IDR
AMAG,Asuransi Multi Artha Guna Tb,,Financial Services,Tidak,TIPIS,68.0,,386,7.7,0.88,0.58,1.0,12.56,366.9,-8.5,7.77,,1.9,0.09,0.0,0.47,46.9,388,391.0,0.0,-0.0,0.0,2026-10-06,,,10.78,4.6,,,,,,0.39,13.96,66.87,0.06,80.0,57.0,,58.0,83.0,30.1,-2.7,1.0,-0.12,50.3889,439.2137,30.0,4945746416.0,2310939847000.0,249210552000.0,,,,724884369000.0,,5687738682000.0,2172239539000.0,96719293000.0,-5353382000.0,266562487000.0,2026-06-30,TTM,IDR
TPMA,Trans Power Marine Tbk.,,Industrials,Ya,TIPIS,62.0,"FCF-,laba-30%",452,7.7,0.71,0.72,0.36,8.8,-58.6,37.6,9.29,0.93,1.6,1.13,0.5,1.22,40.1,465,521.0,0.1,0.1,-0.1,2026-10-06,22.62,15.85,9.42,4.33,5.08,0.96,0.88,2.71,9.34,2.54,-29.59,71.08,1.9,88.0,67.0,41.0,57.0,42.0,21.8,7.7,2.0,0.0,58.4063,634.6938,42.0,3496480134.0,2167281713280.0,204216592320.0,371315157600.0,361343521440.0,2070218553600.0,176968560960.0,1887177617760.0,4928177822400.0,2219194211040.0,519449399520.0,-987103286400.0,-467653886880.0,2026-06-30,TTM-gabungan,USD
PALM,Provident Investasi Bersama ,,Financial Services,Ya,TIPIS,64.0,laba-30%,278,7.8,0.87,0.59,0.99,11.74,-275.2,-98.6,1.15,0.66,4.4,0.27,0.1,0.02,40.0,291,339.0,0.0,0.0,-0.2,2026-10-06,98.79,48.11,27.43,6.38,3.56,6.2,6.2,2.84,8.63,1.19,15.19,9.02,0.0,72.0,65.0,,51.0,67.0,147.7,97.6,2.0,0.0,35.4719,318.2984,3.2,15732874458.0,2034171474000.0,558074549000.0,863012480000.0,861398009000.0,3324526838000.0,251255830000.0,3073271008000.0,8410160188000.0,5007748686000.0,665518271000.0,-714200000.0,664230208000.0,2026-06-30,TTM,IDR
CBDK,Bangun Kosambi Sukses Tbk.,Salim,Real Estate,Tidak,JUAL,73.0,"FCF-,kas<laba",3500,7.8,1.87,0.73,1.91,28.02,778.3,242.3,0.14,0.02,19.8,2.37,8.8,0.58,43.6,3726,4957.0,-0.2,-1.2,0.1,2026-10-06,79.12,72.77,72.08,11.49,-1.21,1.51,0.59,119.57,6.24,0.07,-0.3,1.12,1.33,56.0,67.0,89.0,100.0,45.0,63.4,70.3,3.0,-0.46,448.3475,1872.4068,5.0,5643069200.0,3509992744000.0,2530055766000.0,2649569808000.0,2642854684000.0,217454371000.0,3425899867000.0,-3208445496000.0,22220999185000.0,10566121186000.0,178408810000.0,-236731505000.0,-58322695000.0,2026-06-30,TTM-gabungan,IDR
IPCC,Indonesia Kendaraan Terminal,,Industrials,Tidak,TIPIS,83.0,,1055,7.8,1.47,0.73,0.74,18.67,-1.4,3.9,10.7,0.36,1.9,0.82,0.9,0.96,33.7,1134,1182.0,0.0,-1.4,-1.4,2026-10-06,42.01,31.55,26.51,12.47,-1.8,3.83,3.83,9.82,3.64,1.49,18.96,83.43,0.02,87.0,90.0,93.0,63.0,79.0,8.6,16.6,3.0,0.0,135.2566,718.4661,112.85,1818384820.0,927910580000.0,245948590000.0,352315792000.0,350242223000.0,475727236000.0,1110986539000.0,-635259303000.0,2045844272000.0,1306447831000.0,366779466000.0,-6346572000.0,363752218000.0,2026-06-30,TTM-gabungan,IDR
BLES,Superior Prima Sukses Tbk.,,Basic Materials,Ya,BOW,79.0,,198,7.9,1.41,0.69,0.75,19.21,9153.6,63.5,0.95,0.43,1.8,12.24,2.4,0.9,53.1,198,161.0,0.1,0.2,0.3,2026-10-06,33.44,18.61,13.0,11.11,0.92,1.11,0.89,7.27,5.8,1.78,12.79,7.54,0.67,77.0,84.0,74.0,80.0,77.0,10.5,8.6,2.0,0.0,25.0765,140.669,1.89,8890206400.0,1715181453068.0,222935434198.0,361176078639.0,330565318808.0,533689446787.0,162205830991.0,333679239736.0,2133306736804.0,1250576310854.0,396491505120.0,-264125516324.0,225071402699.0,2026-06-30,TTM-gabungan,IDR
DGWG,Delta Giri Wacana Tbk.,,Basic Materials,Ya,WSE,67.0,"FCF-,kas<laba",324,7.9,1.71,0.69,0.91,25.88,,,7.41,1.08,1.9,9.76,3.2,1.0,49.1,323,347.0,0.1,-0.6,-0.4,2026-10-06,25.75,9.94,5.45,7.03,2.39,1.14,0.53,4.51,6.57,0.39,-0.64,32.61,1.13,81.0,58.0,54.0,80.0,54.0,35.0,15.4,2.0,0.0,41.1975,189.4334,24.0,5882353000.0,4447580000000.0,242338000000.0,456530000000.0,418972000000.0,1201471000000.0,53846000000.0,1092284000000.0,3987401000000.0,1114314000000.0,95679000000.0,-107854000000.0,-12175000000.0,2026-03-31,TTM-gabungan,IDR
PGAS,Perusahaan Gas Negara (Perse,LQ45,Utilities,Ya,JUAL,73.0,payout>100,1410,7.9,0.68,0.31,0.19,8.62,18.9,-4.4,8.91,0.38,34.2,30.14,44.5,0.81,38.3,1496,1690.0,-0.4,-9.9,-2.6,2026-10-06,18.17,13.66,6.19,3.86,-0.48,2.01,1.9,11.17,2.85,2.05,15.67,112.1,0.4,99.0,62.0,89.0,39.0,77.0,3.7,-12.9,1.0,0.0,178.6122,2073.0017,125.61,24241508196.0,69955154464800.0,4329829480800.0,10279274134080.0,10124931706560.0,19237329618240.0,24152514047040.0,-4915184428800.0,110153446884960.0,50252688439680.0,8871960367680.0,-3517199546400.0,5354760821280.0,2026-03-31,TTM-gabungan,USD
CASS,Cahaya Aero Services Tbk.,,Industrials,Ya,TIPIS,86.0,,1820,7.9,2.16,0.74,1.09,32.73,38.8,14.7,0.0,0.08,3.8,0.17,0.3,0.37,46.8,1858,2030.0,0.0,-0.7,-2.8,2026-10-06,29.88,29.04,14.47,16.24,-1.24,3.61,3.54,80.41,2.05,1.99,22.41,0.0,0.11,71.0,95.0,99.0,87.0,75.0,23.6,53.4,3.0,0.0,230.7985,844.5291,,2086950000.0,3329044000000.0,481665000000.0,1154153000000.0,1154153000000.0,147720000000.0,1584592000000.0,-1436872000000.0,3185475000000.0,1762490000000.0,957319000000.0,-106016000000.0,851303000000.0,2026-06-30,TTM-gabungan,IDR
PNGO,AEP Pinago Plantations Tbk.,,Consumer Defensive,Ya,TIPIS,79.0,,3340,7.9,2.07,0.81,1.03,28.46,37.0,-24.7,6.59,0.19,2.6,0.0,0.0,4.12,40.8,3526,3366.0,0.0,-0.0,-0.0,2026-10-06,28.69,18.14,14.93,19.67,0.47,1.58,0.24,19.39,6.23,1.16,10.09,52.01,0.31,77.0,88.0,82.0,64.0,89.0,4.2,22.9,3.0,0.0,422.2676,1617.3247,220.0,781250000.0,2209046168949.0,329896533939.0,453283798885.0,441693529105.0,236970712999.0,23206649839.0,212754658248.0,1714967584206.0,1263534907162.0,383812764487.0,-120621661297.0,263191103190.0,2026-06-30,TTM-gabungan,IDR
BBRI,Bank Rakyat Indonesia (Perse,LQ45,Financial Services,Tidak,JUAL,65.0,,3120,8.0,1.39,0.6,1.58,17.86,2.7,15.2,13.4,0.61,469.8,165.24,536.9,0.82,42.1,3180,3211.0,45.8,-318.6,-1040.7,2026-10-06,,,30.53,2.76,,,,,,-0.15,-2.94,85.01,,67.0,71.0,,51.0,74.0,6.7,3.5,1.0,-0.05,388.6673,2246.0813,418.0,150574927704.0,191720211000000.0,58523545000000.0,,,206869633000000.0,181084610000000.0,25434090000000.0,2249833632000000.0,338203528000000.0,-8726810000000.0,-5106725000000.0,-13833535000000.0,2026-03-31,TTM-gabungan,IDR
TOTO,Surya Toto Indonesia Tbk,,Industrials,Ya,TIPIS,75.0,laba-30%,240,8.0,0.95,0.75,0.48,12.24,-61.0,-19.7,10.83,0.08,2.5,0.5,0.1,1.32,50.4,238,246.0,0.0,0.0,-0.1,2026-10-06,25.59,15.47,13.73,9.05,-0.26,6.28,3.08,25.11,5.31,1.03,9.57,88.02,0.26,89.0,72.0,98.0,33.0,82.0,4.1,3.9,2.0,0.0,30.0997,253.2802,26.0,10320000000.0,2261906931336.0,310628495615.0,444332697019.0,402864202472.0,204138706728.0,319538640559.0,-115399933831.0,3411741735558.0,2613851626407.0,320489288558.0,-83531588389.0,236957700169.0,2026-03-31,TTM-gabungan,IDR
BNII,Bank Maybank Indonesia Tbk.,,Financial Services,Tidak,TIPIS,63.0,,188,8.1,0.45,0.61,0.51,5.69,5.9,3.4,4.05,0.64,14.3,1.81,0.3,0.36,39.6,192,197.0,-0.4,-1.0,-3.2,2026-10-06,,,18.74,0.88,,,,,,1.22,12.41,32.6,0.18,89.0,39.0,,51.0,82.0,1.8,4.1,2.0,0.0,23.3465,414.8697,7.61,76215195821.0,9495293000000.0,1779361000000.0,,,20240958000000.0,23013530000000.0,4387843000000.0,213807986000000.0,31619377000000.0,2166409000000.0,-388888000000.0,1777521000000.0,2026-06-30,TTM-gabungan,IDR
TSPC,Tempo Scan Pacific Tbk,,Industrials,Ya,BOW,76.0,kas<laba,2650,8.1,1.23,0.76,0.62,15.7,3.3,12.9,5.66,0.12,12.0,0.51,1.4,0.88,39.9,2748,2632.0,-0.6,-1.5,-6.3,2026-10-06,38.15,12.27,10.19,10.79,-1.93,2.91,2.2,30.93,3.62,0.35,10.43,45.73,1.03,87.0,59.0,98.0,59.0,79.0,4.6,12.0,2.0,0.0,328.0225,2159.209,150.0,4509864300.0,14516249062463.0,1479336826164.0,2155918719007.0,1948955287334.0,1214533541243.0,5367042204715.0,-4152508663472.0,14198435026984.0,9737739799932.0,523944046029.0,-538088902080.0,1246581937255.0,2026-06-30,TTM-gabungan,IDR
ASRI,Alam Sutera Realty Tbk.,,Real Estate,Ya,TIPIS,56.0,"bunga<1.5,laba-30%",117,8.1,0.2,0.76,0.2,2.5,-118.1,17.9,1.28,0.52,2.3,6.6,0.8,0.49,42.3,123,134.0,-0.2,-1.0,-1.6,2026-10-06,49.06,32.35,9.06,1.25,5.16,0.77,0.38,1.46,7.48,3.28,36.99,10.37,0.09,82.0,61.0,40.0,21.0,78.0,-13.2,-33.9,1.0,0.0,14.469,585.8605,1.5,19649411888.0,3138165287000.0,284306929000.0,989289769000.0,959914813000.0,5982703163000.0,880138005000.0,5102565158000.0,23274438386000.0,11511814962000.0,933552071000.0,-83233193000.0,850318878000.0,2026-06-30,TTM-gabungan,IDR
BWPT,Eagle High Plantations Tbk.,,Consumer Defensive,Ya,JUAL,71.0,,105,8.1,1.09,0.84,0.55,14.61,96.1,46.7,0.0,1.56,3.3,203.73,24.9,0.24,43.8,106,115.0,-1.5,-3.6,-5.8,2026-10-06,25.81,19.3,6.43,4.06,3.58,0.77,0.48,2.94,6.24,2.56,20.6,0.0,0.33,75.0,73.0,37.0,94.0,77.0,8.0,174.6,3.0,0.0,12.8855,96.3861,,31122368200.0,6237928000000.0,401026000000.0,1227973000000.0,1217913000000.0,4666313000000.0,199759000000.0,4396156000000.0,9943233000000.0,2999763000000.0,1026293000000.0,-338219000000.0,673072000000.0,2026-06-30,TTM-gabungan,IDR
ERAL,Sinar Eka Selaras Tbk.,,Consumer Cyclical,Ya,HOLD,74.0,,312,8.1,0.89,0.81,0.55,11.5,35.3,41.0,2.56,0.17,1.6,5.85,1.9,0.45,51.0,309,306.0,0.1,-0.2,2.3,2026-10-06,17.59,4.06,2.52,6.94,0.46,1.95,0.76,11.27,3.35,2.5,14.51,24.29,0.53,83.0,60.0,84.0,66.0,84.0,28.8,-2.9,1.0,0.0,38.3873,349.0622,8.0,5187500000.0,7896947834690.0,199133907028.0,559764167184.0,323188671762.0,314745265058.0,297737498003.0,256820366806.0,3148220708043.0,1810760188133.0,498142014602.0,-263317726966.0,234824287636.0,2026-06-30,TTM,IDR
JSPT,Jakarta Setiabudi Internasio,,Real Estate,Tidak,TIPIS,79.0,,1340,8.2,1.21,0.77,1.23,15.86,174.1,29.8,1.87,0.92,3.1,0.04,0.1,0.23,39.2,1410,1772.0,-0.0,0.0,-0.0,2026-10-06,69.02,28.54,14.74,5.86,0.17,1.73,1.55,4.16,3.22,2.65,29.2,12.82,0.1,69.0,83.0,73.0,94.0,80.0,20.6,,3.0,0.0,163.6266,1104.1575,25.0,2318736000.0,2573134418000.0,379406929000.0,1017952769000.0,788358722000.0,2362143143000.0,1848001503000.0,172384983000.0,6585961826000.0,2560249635000.0,1005909523000.0,-98711176000.0,907198347000.0,2026-03-31,TTM,IDR
MYOH,Samindo Resources Tbk.,,Energy,Ya,TIPIS,79.0,,1000,8.3,0.69,0.42,0.41,8.48,262.7,-6.8,6.55,0.09,2.2,0.18,0.2,0.16,35.6,1073,1186.0,-0.0,-0.0,-1.3,2026-10-06,15.32,8.41,9.1,6.67,-2.11,5.78,4.94,12.37,3.65,1.97,18.9,56.43,0.2,97.0,64.0,97.0,52.0,91.0,5.0,2.0,1.0,0.0,120.0379,1449.9998,65.48,2206312500.0,2911867297920.0,264841080480.0,382999301760.0,356257199520.0,283182365280.0,1090022166720.0,-806839801440.0,3957187278240.0,3199152596160.0,522891767040.0,-105991502400.0,416900264640.0,2026-03-31,TTM-gabungan,USD
BSSR,Baramulti Suksessarana Tbk.,,Energy,Ya,HOLD,72.0,payout>100,5050,8.3,2.49,0.42,1.49,31.96,25.5,-26.9,16.56,0.0,13.2,2.57,12.7,0.72,63.6,4391,3612.0,4.1,2.5,-6.2,2026-10-06,29.89,15.14,12.52,23.17,-0.54,2.78,2.34,1513.44,6.14,1.69,17.69,129.27,0.14,78.0,90.0,98.0,17.0,74.0,-11.9,-29.5,0.0,0.0,610.5355,2028.1788,836.13,2616500000.0,12757946278560.0,1597466196960.0,1979678979360.0,1977310274880.0,22880580960.0,1082615163360.0,-1059734582400.0,6987283393440.0,5306729700480.0,2704112380800.0,-366916378560.0,2337196002240.0,2026-03-31,TTM-gabungan,USD
MCOR,Bank China Construction Bank,,Financial Services,Tidak,TIPIS,62.0,,66,8.3,0.34,0.63,0.39,4.27,2.0,4.1,0.0,0.04,2.5,3.55,0.2,1.8,40.3,68,71.0,-0.0,0.1,-0.2,2026-10-06,,,27.77,0.82,,,,,,11.64,137.61,0.0,0.02,84.0,37.0,,67.0,59.0,5.7,30.5,3.0,0.0,7.9917,191.8667,,37919730514.0,1091280000000.0,303045000000.0,,,307893000000.0,3243663000000.0,-2935770000000.0,39235203000000.0,7275533000000.0,3526331000000.0,-82320000000.0,3444011000000.0,2026-06-30,TTM-gabungan,IDR
MPMX,Mitra Pinasthika Mustika Tbk,,Consumer Cyclical,Ya,BUY,68.0,payout>100,1020,8.3,0.8,0.83,0.49,9.09,1.4,-11.0,16.67,0.01,4.5,2.72,2.8,1.56,50.6,1015,906.0,0.3,-0.8,-6.9,2026-10-06,8.67,2.8,3.33,6.27,-1.64,1.61,1.42,13.04,3.59,1.77,18.84,144.07,0.12,89.0,56.0,92.0,34.0,69.0,8.2,-11.3,1.0,0.16,123.4953,1269.1751,170.0,4386142591.0,16254272000000.0,541668000000.0,856176000000.0,764643000000.0,50956000000.0,1451680000000.0,-1400724000000.0,7868387000000.0,5566783000000.0,957999000000.0,-115290000000.0,842709000000.0,2026-06-30,TTM-gabungan,IDR
HMSP,H.M. Sampoerna Tbk.,,Consumer Defensive,Tidak,WSE,73.0,,620,8.3,2.77,0.86,1.38,30.8,11.5,1.7,9.08,0.01,72.1,23.21,15.2,0.68,28.2,710,705.0,0.6,2.2,37.3,2026-10-06,19.02,9.12,7.64,17.0,-0.55,1.65,0.78,444.54,5.77,1.28,14.74,75.07,0.04,72.0,80.0,90.0,45.0,82.0,0.3,1.5,1.0,0.0,74.5825,223.844,56.3,116318076900.0,113494073000000.0,8675292000000.0,11401889000000.0,11109164000000.0,317936000000.0,6605359000000.0,-6287423000000.0,49897097000000.0,26037106000000.0,11105557000000.0,-475825000000.0,10629732000000.0,2026-06-30,TTM-gabungan,IDR
BRIS,Bank Syariah Indonesia (Pers,LQ45,Financial Services,Ya,WSE,68.0,,1415,8.3,1.29,0.63,1.47,16.47,15.9,16.9,2.32,0.21,65.3,24.73,38.7,1.41,17.8,1714,1945.0,-9.1,-15.6,-107.9,2026-10-06,,,31.54,1.82,,,,,,1.85,18.21,18.96,0.19,62.0,67.0,,75.0,74.0,10.6,21.1,3.0,0.0,171.0156,1100.5845,32.81,46129260138.0,25009100000000.0,7888825000000.0,,,10578378000000.0,62326078000000.0,-51747700000000.0,460131020000000.0,50769149000000.0,14619868000000.0,-2736093000000.0,11883775000000.0,2026-03-31,TTM-gabungan,IDR
BFIN,BFI Finance  Indonesia Tbk,,Financial Services,Tidak,BOW,67.0,,930,8.3,1.25,0.63,1.42,15.26,17.0,3.8,7.53,1.18,13.7,21.08,20.2,0.95,47.9,929,762.0,-2.1,-3.4,-29.9,2026-10-06,66.92,34.74,24.99,6.5,4.69,2.97,2.97,11.0,10.25,1.5,16.9,64.81,0.06,69.0,73.0,,47.0,90.0,8.0,-4.3,1.0,-1.93,111.7688,742.0625,70.0,14749383620.0,6597843000000.0,1648521000000.0,2465587000000.0,2260256000000.0,12953463000000.0,1392586000000.0,11560877000000.0,25060166000000.0,10944964000000.0,2474911000000.0,-156185000000.0,2318726000000.0,2026-06-30,TTM-gabungan,IDR
RDTX,Roda Vivatex Tbk,,Real Estate,Tidak,TIPIS,81.0,,13050,8.4,1.02,0.79,1.04,12.72,54.1,21.9,4.51,0.0,3.5,0.0,0.0,1.01,43.6,13456,14422.0,0.0,0.0,-0.1,2026-10-06,67.16,61.67,69.5,11.39,-1.84,5.01,4.99,,6.54,1.22,13.86,37.78,0.04,73.0,83.0,100.0,70.0,84.0,3.8,9.0,2.0,0.0,1552.2475,12849.7929,588.0,268800000.0,600368044093.0,417244128617.0,418761306307.0,418572436230.0,0.0,770906195811.0,-770906195811.0,3843123443309.0,3454024331958.0,508016215191.0,-21831564229.0,486184650962.0,2026-06-30,TTM-gabungan,IDR
ADRO,Alamtri Resources Indonesia ,LQ45,Energy,Ya,HOLD,73.0,"FCF-,laba-30%",2590,8.4,0.86,0.43,0.51,10.16,-35.0,119.8,9.13,0.22,74.6,40.2,104.0,0.85,51.3,2583,2306.0,-10.0,-36.4,-387.5,2026-10-06,35.91,30.38,25.43,7.19,-0.14,4.32,4.1,79.15,5.86,1.42,-2.3,76.93,1.14,95.0,78.0,97.0,25.0,53.0,-38.6,-43.6,0.0,-4.78,307.794,3019.0995,236.52,28800494200.0,34859576640000.0,8864619840000.0,12430188480000.0,12355152480000.0,18817874400000.0,20575830240000.0,-1757955840000.0,127612384320000.0,86951556960000.0,12580562400000.0,-14295024000000.0,-1714461600000.0,2026-03-31,TTM-gabungan,USD
BISI,BISI International Tbk,,Basic Materials,Ya,TIPIS,66.0,"OCF-,FCF-",695,8.5,0.6,0.74,0.32,7.07,27.6,76.7,3.74,0.0,2.1,0.37,0.3,0.11,46.6,698,754.0,0.0,0.0,-0.7,2026-10-06,36.78,14.35,12.13,6.57,-1.02,11.15,3.68,3197.64,5.52,-0.44,-8.38,31.93,,86.0,40.0,100.0,48.0,48.0,-11.1,-28.6,2.0,0.0,81.5543,1166.842,26.0,3000000000.0,2017444000000.0,244663000000.0,319147000000.0,303776000000.0,16806000000.0,341461000000.0,-324655000000.0,3811412000000.0,3500526000000.0,-108860000000.0,-65771000000.0,-174631000000.0,2026-06-30,TTM-gabungan,IDR
STAA,Sumber Tani Agung Resources ,,Consumer Defensive,Ya,HOLD,81.0,laba-30%,1250,8.5,2.01,0.88,1.0,26.07,-34.9,23.1,6.0,0.23,13.6,5.05,6.1,1.18,62.7,1163,1125.0,-0.8,1.2,10.1,2026-10-06,31.74,22.16,15.21,17.56,0.23,2.95,2.15,23.22,5.84,1.26,11.23,37.67,0.24,75.0,89.0,95.0,58.0,88.0,16.9,13.0,2.0,-0.02,146.3364,621.0905,75.0,10901428700.0,10488483000000.0,1595276000000.0,2427928000000.0,2415918000000.0,1574773000000.0,2517534000000.0,564315000000.0,10091054000000.0,6770774000000.0,2007640000000.0,-477894000000.0,1529746000000.0,2026-03-31,TTM-gabungan,IDR
SMSM,Selamat Sempurna Tbk,,Consumer Cyclical,Ya,JUAL,82.0,,1685,8.5,2.42,0.85,1.49,29.52,14.2,13.0,9.5,0.04,9.7,2.13,3.6,0.54,44.4,1718,1699.0,-1.9,-9.2,-36.0,2026-10-06,37.5,28.31,21.08,21.02,-0.66,4.39,2.74,112.55,5.31,0.95,8.97,70.35,0.2,71.0,90.0,99.0,65.0,85.0,2.9,9.9,3.0,0.0,198.8166,696.1101,160.0,5758675440.0,5432118000000.0,1144920000000.0,1625365000000.0,1579998000000.0,162075000000.0,1239077000000.0,-1077002000000.0,5716543000000.0,4008672000000.0,1092567000000.0,-222239000000.0,870328000000.0,2026-06-30,TTM-gabungan,IDR
EPMT,Enseval Putera Megatrading T,,Healthcare,Ya,TIPIS,67.0,laba-30%,2650,8.6,0.87,0.51,0.51,10.33,-40.7,10.9,6.75,0.0,7.2,0.11,0.3,0.8,69.5,2451,2354.0,0.1,0.7,1.6,2026-10-06,10.03,3.23,2.36,6.16,-0.33,2.12,1.24,82.75,5.23,0.54,2.94,0.0,0.53,93.0,41.0,95.0,41.0,63.0,5.6,-2.3,2.0,0.0,306.4488,3048.4188,179.0,2708640000.0,35175639243769.0,830059505174.0,1290845182400.0,1091745278020.0,16882464449.0,442588599550.0,-425706135101.0,14269725478746.0,8257069074059.0,449550957356.0,-238876730761.0,210674226595.0,2026-06-30,TTM-gabungan,IDR
AALI,Astra Agro Lestari Tbk.,,Consumer Defensive,Ya,HOLD,79.0,,8400,8.7,0.67,0.9,0.34,7.97,161.9,10.4,5.45,0.0,16.2,2.37,19.3,0.96,59.3,7834,7253.0,0.3,-4.8,58.0,2026-10-06,16.67,10.61,6.34,6.38,-1.74,3.33,2.17,68.78,3.72,1.98,17.54,47.18,0.23,86.0,64.0,99.0,65.0,90.0,9.5,-5.2,2.0,0.0,970.7972,12468.559,458.0,1924688333.0,29466906000000.0,1868482000000.0,2965405000000.0,2798650000000.0,0.0,5149236000000.0,-5149236000000.0,28854423000000.0,23998090000000.0,3703202000000.0,-866751000000.0,2836451000000.0,2026-06-30,TTM-gabungan,IDR
DSNG,Dharma Satya Nusantara Tbk.,,Consumer Defensive,Ya,HOLD,78.0,,1575,8.7,1.39,0.9,0.7,17.45,55.1,27.1,2.98,0.29,16.7,4.54,7.3,0.5,51.7,1498,1407.0,-0.2,-5.3,-7.0,2026-10-06,30.74,22.7,15.38,10.87,0.91,1.34,0.67,8.78,6.46,1.34,4.47,25.86,0.71,76.0,84.0,76.0,77.0,73.0,8.5,15.1,2.0,0.0,181.7199,1130.5908,47.0,10599842400.0,12524098000000.0,1926202000000.0,3009241000000.0,2930428000000.0,3434109000000.0,676925000000.0,2734139000000.0,17814315000000.0,11984084000000.0,2589835000000.0,-1842811000000.0,747024000000.0,2026-06-30,TTM-gabungan,IDR
SSMS,Sawit Sumbermas Sarana Tbk.,,Consumer Defensive,Tidak,WSE,64.0,DER>3,1055,8.8,3.85,0.91,1.92,43.49,51.3,12.0,7.96,3.2,10.0,10.74,12.0,0.79,48.9,1022,1174.0,-0.6,-4.2,-21.3,2026-10-06,35.2,16.14,7.72,8.86,2.74,1.36,0.99,4.02,6.58,0.87,4.39,51.16,0.55,65.0,76.0,44.0,58.0,79.0,9.6,-14.2,2.0,0.0,119.3996,273.7751,83.99,9525000000.0,14738182492000.0,1137281020000.0,2619576732000.0,2537480185000.0,8356820271000.0,909513461000.0,7188031911000.0,13789765557000.0,2607707791000.0,988684514000.0,-547843503000.0,440841011000.0,2026-03-31,TTM-gabungan,IDR
KINO,Kino Indonesia Tbk.,,Consumer Defensive,Ya,TIPIS,71.0,,1405,8.8,1.05,0.91,0.52,12.54,128.4,21.8,3.2,0.77,1.9,0.07,0.1,0.75,60.0,1333,1203.0,0.0,0.4,1.1,2026-10-06,42.99,6.34,4.52,4.74,2.65,0.69,0.52,3.18,7.16,3.94,36.6,27.95,0.19,78.0,63.0,48.0,86.0,87.0,6.8,,3.0,0.0,160.3248,1332.0514,45.0,1378818900.0,4890551260506.0,221058872944.0,429891961474.0,378230114223.0,1417037095916.0,183955663951.0,1140414200335.0,4668790441323.0,1836657649506.0,870158858225.0,-161144493062.0,709014365163.0,2026-06-30,TTM-gabungan,IDR
CMNP,Citra Marga Nusaphala Persad,,Industrials,Ya,TIPIS,61.0,"FCF-,dilusi",1425,8.8,0.63,0.82,0.32,7.68,133.6,-26.5,0.0,0.45,9.5,0.27,0.4,4.01,54.3,1389,1427.0,-0.1,-0.9,-1.6,2026-10-06,33.65,29.13,18.87,4.28,3.57,1.0,1.0,4.02,8.85,1.31,-12.96,0.0,1.87,75.0,70.0,57.0,59.0,14.0,9.1,4.3,2.0,11.35,161.7748,2260.2985,,6696354391.0,5740574615000.0,1083301400000.0,1806610034000.0,1793791690000.0,6831723351000.0,377412152000.0,6454311199000.0,26666007932000.0,15135759684000.0,1419491248000.0,-2656500750000.0,-1237009502000.0,2026-03-31,TTM-gabungan,IDR
MCOL,Prima Andalan Mandiri Tbk.,,Energy,Ya,TIPIS,79.0,,3590,8.9,1.3,0.45,0.78,14.46,152.1,47.2,7.8,0.11,12.8,0.03,0.1,0.39,45.4,3688,3655.0,-0.5,-0.6,-1.4,2026-10-06,22.03,14.61,10.9,10.69,-0.75,2.59,2.46,23.44,5.05,2.09,21.78,70.87,0.07,90.0,78.0,98.0,42.0,86.0,-14.4,-42.6,0.0,0.0,401.2274,2763.1063,280.0,3555560000.0,13089981182400.0,1426587948480.0,2201798752800.0,2041164330240.0,1032183867360.0,2683050068640.0,-1650866201280.0,13203889240320.0,9824390220000.0,2982623866080.0,-218511864960.0,2780641606080.0,2026-06-30,TTM-gabungan,USD
ITMG,Indo Tambangraya Megah Tbk,LQ45,Energy,Ya,BOW,73.0,,25500,8.9,0.83,0.45,0.5,9.25,-15.8,3.1,6.78,0.04,28.4,1.33,34.4,0.77,49.9,25402,23772.0,-4.7,-39.8,-227.7,2026-10-06,25.33,13.83,9.53,7.44,-2.01,3.61,3.36,32.44,2.82,1.69,12.95,53.42,0.32,96.0,68.0,100.0,15.0,94.0,-19.7,-45.8,0.0,-1.33,2877.6512,30541.5855,1730.0,1114899100.0,33675943680000.0,3208290720000.0,5880780000000.0,5193219360000.0,1448434560000.0,13269721440000.0,-11821286880000.0,42712125120000.0,34050786240000.0,5412306720000.0,-1729486560000.0,3682820160000.0,2026-03-31,TTM,USD
ARNA,Arwana Citramulia Tbk,,Industrials,Ya,HOLD,78.0,,525,8.9,2.07,0.83,1.04,22.48,30.9,30.1,8.57,0.01,3.7,5.18,2.7,0.95,61.6,504,482.0,-0.3,-7.9,-18.5,2026-10-06,30.6,18.61,13.8,15.0,-0.2,1.64,1.45,112.5,6.42,1.88,11.48,76.19,0.46,77.0,88.0,94.0,48.0,86.0,4.1,-11.4,0.0,-0.51,59.3173,253.0283,45.0,7029976876.0,3021123223358.0,416998910396.0,557712009883.0,553918465727.0,14153474812.0,125038474878.0,-110885000066.0,2780293040761.0,1778782909748.0,782699738783.0,-359037329208.0,423662409575.0,2026-06-30,TTM-gabungan,IDR
CSAP,Catur Sentosa Adiprana Tbk.,,Industrials,Ya,TIPIS,58.0,,286,8.9,0.45,0.83,0.23,5.15,1708.4,20.4,1.4,1.22,1.6,0.1,0.0,1.29,48.1,290,292.0,0.0,0.0,0.0,2026-10-06,16.02,3.15,0.99,1.49,2.93,0.99,0.38,1.86,4.51,5.04,32.28,12.43,0.43,81.0,44.0,39.0,54.0,82.0,4.3,-22.2,1.0,0.0,32.1892,640.587,4.0,5683175151.0,18389723287000.0,182936860000.0,1029842729000.0,552754223000.0,4427173868000.0,116546896000.0,3021361111000.0,12415985698000.0,3640568278000.0,922141837000.0,-397495490000.0,524646347000.0,2026-06-30,TTM-gabungan,IDR
SUNI,Sunindo Pratama Tbk.,,Energy,Ya,TIPIS,73.0,"FCF-,laba-30%",600,9.0,1.64,0.46,0.98,18.72,-39.7,-46.0,1.73,0.19,1.4,0.49,0.3,2.61,16.1,695,709.0,0.1,0.3,1.8,2026-10-06,32.37,23.74,18.57,13.89,0.04,3.22,2.06,824.39,6.85,0.69,-3.47,15.52,1.45,77.0,77.0,96.0,56.0,46.0,45.7,102.4,2.0,-3.74,67.0279,366.497,10.39,2406400000.0,868503730328.0,161296033954.0,211952200658.0,207552463123.0,168641806668.0,159644592788.0,8997213880.0,1191919072427.0,881938317564.0,111458906701.0,-161599248118.0,-50140341417.0,2026-06-30,TTM-gabungan,IDR
MYOR,Mayora Indah Tbk,,Consumer Defensive,Ya,WSE,76.0,,1390,9.0,1.69,0.93,0.84,19.1,10.8,-13.5,4.32,0.25,30.6,13.83,20.5,0.28,27.9,1574,1817.0,-3.7,-12.4,-47.8,2026-10-06,24.04,10.83,8.78,11.83,0.49,3.32,2.37,9.34,6.64,1.93,18.44,39.11,0.14,74.0,79.0,90.0,50.0,92.0,8.0,13.8,1.0,-1.48,154.7214,824.7243,60.0,22026684225.0,38806610838784.0,3407998958713.0,4976752156527.0,4837363903393.0,4550814628149.0,5600378690795.0,2417546422717.0,28525086827392.0,18165942046370.0,6564553147793.0,-919621341438.0,5644931806355.0,2026-06-30,TTM-gabungan,IDR
PSGO,Palma Serasih Tbk.,,Consumer Defensive,Ya,TIPIS,81.0,,194,9.1,1.31,0.94,0.66,15.04,1.9,16.6,3.09,0.05,3.7,0.19,0.0,0.46,50.7,195,196.0,0.0,-0.0,-0.0,2026-10-06,33.08,22.97,16.18,11.04,0.11,2.91,2.16,10.99,6.59,1.82,15.44,28.28,0.23,76.0,85.0,94.0,65.0,88.0,9.0,19.8,2.0,0.0,21.2201,147.7974,6.0,18850000000.0,2472103641056.0,399999350719.0,564600126123.0,553023189361.0,139852173747.0,559379327402.0,62009749974.0,3203027103620.0,2785980595460.0,728829210281.0,-164138774953.0,564690435328.0,2026-06-30,TTM-gabungan,IDR
DWGL,Dwi Guna Laksana Tbk.,,Energy,Ya,JUAL,74.0,,218,9.1,3.75,0.46,2.25,54.81,52.7,-9.1,0.0,0.56,2.0,4.62,1.1,0.4,39.7,280,271.0,-0.1,-0.1,-0.2,2026-10-06,11.44,9.71,6.51,14.01,0.02,1.63,1.58,6.86,6.13,0.98,10.81,0.0,0.0,60.0,79.0,83.0,75.0,71.0,7.9,304.3,3.0,0.0,24.086,58.1652,,9252820991.0,3423931555000.0,222863468000.0,330299636000.0,326686821000.0,299965880000.0,422659881000.0,6641294000.0,1581400249000.0,538192098000.0,219164592000.0,-1018486000.0,218146106000.0,2026-03-31,TTM-gabungan,IDR
ANTM,ANTAM (Persero) Tbk.,LQ45,Basic Materials,Ya,WSE,74.0,"OCF-,FCF-",3200,9.1,1.98,0.79,1.06,24.14,135.6,12.8,6.56,0.22,76.9,105.21,339.1,0.37,51.7,3120,3256.0,35.6,110.7,661.1,2026-10-06,17.84,9.98,9.66,15.74,-0.03,1.98,0.97,89.02,6.44,-0.05,-1.16,56.69,,75.0,59.0,91.0,83.0,59.0,22.6,23.6,2.0,0.0,353.0653,1616.5529,209.99,24030764724.0,87814076000000.0,8484428000000.0,11897150000000.0,11726483000000.0,8731397000000.0,9038508000000.0,-307111000000.0,63295662000000.0,38847003000000.0,-382963000000.0,-511986000000.0,-894949000000.0,2026-03-31,TTM-gabungan,IDR
TINS,TIMAH (Persero) Tbk.,Logam,Basic Materials,Ya,HOLD,80.0,,4630,9.2,3.27,0.8,1.75,41.0,938.8,136.2,1.9,0.11,34.5,43.37,202.7,0.82,55.0,4216,3648.0,38.2,44.2,78.7,2026-10-06,33.67,27.11,21.0,25.77,0.01,2.62,1.81,52.54,6.86,1.02,10.23,17.64,0.08,59.0,94.0,96.0,73.0,81.0,-2.6,8.0,2.0,0.0,500.586,1416.1618,88.19,7447753454.0,17752588000000.0,3728241000000.0,5036226000000.0,4991561000000.0,1189095000000.0,4483933000000.0,53760000000.0,16448966000000.0,10547224000000.0,3816688000000.0,-289147000000.0,3527541000000.0,2026-06-30,TTM-gabungan,IDR
TRIM,Trimegah Sekuritas Indonesia,,Financial Services,Tidak,HOLD,72.0,,795,9.2,2.56,0.69,2.91,32.37,18.6,47.8,0.13,1.55,5.7,1.42,1.1,0.13,57.7,682,607.0,-0.0,0.0,0.2,2026-10-06,84.17,6.67,63.52,9.28,2.69,2.09,2.09,4.52,8.61,-2.06,-22.74,0.99,,45.0,93.0,,85.0,60.0,23.0,49.5,2.0,0.0,86.6383,311.0766,1.0,7109300000.0,969642139000.0,615937824000.0,955169638000.0,936991968000.0,3430930411000.0,823312820000.0,2572573305000.0,8844879492000.0,2211537084000.0,-1269643434000.0,-15558575000.0,-1285202009000.0,2026-03-31,TTM,IDR
DNAR,Bank Oke Indonesia Tbk.,,Financial Services,Tidak,TIPIS,69.0,,123,9.3,0.53,0.7,0.6,5.89,93.9,23.1,0.0,0.1,2.1,0.87,0.1,0.33,42.6,127,141.0,0.0,0.0,0.0,2026-10-06,,,27.72,1.68,,,,,,1.61,16.2,0.0,0.06,78.0,44.0,,93.0,59.0,16.4,129.6,3.0,0.0,13.2017,231.4483,,16892391185.0,804456442843.0,223007495392.0,,,407954033186.0,991003444556.0,-583049411370.0,14381163362028.0,3909714671294.0,359096155133.0,-22479487609.0,336616667524.0,2026-06-30,TTM-gabungan,IDR
IMJS,Indomobil Multi Jasa Tbk.,Salim,Industrials,Tidak,TIPIS,45.0,"FCF-,DER>3,dilusi",166,9.3,0.33,0.87,0.17,3.83,52.5,21.2,0.21,4.9,1.8,2.74,0.5,0.59,41.9,171,192.0,-0.0,0.1,0.3,2026-10-06,37.94,19.53,3.06,0.6,17.48,0.75,0.75,1.76,18.72,7.52,-59.03,0.0,1.73,67.0,51.0,15.0,58.0,15.0,6.2,-5.4,1.0,11.9,17.8206,507.051,0.35,10849262500.0,6326435000000.0,193340000000.0,1446145146000.0,1352413146000.0,26948708000000.0,1551543000000.0,25277321000000.0,34052672000000.0,5501129000000.0,1453454000000.0,-2516492000000.0,-1063038000000.0,2026-06-30,TTM,IDR
STTP,Siantar Top Tbk.,,Consumer Defensive,Ya,TIPIS,80.0,,8900,9.4,1.48,0.97,0.74,17.29,17.4,20.2,0.0,0.0,11.7,0.0,0.0,0.15,31.8,9448,9761.0,0.0,0.0,0.0,2026-10-06,31.13,21.26,22.64,15.53,-3.02,9.59,8.78,,5.54,1.09,11.12,0.0,0.04,69.0,85.0,100.0,69.0,71.0,2.0,23.6,2.0,0.0,944.5152,6026.1066,,1310000000.0,5464203414185.0,1237314856067.0,1361803354680.0,1343638359346.0,0.0,4114792575851.0,-4114792575851.0,8757125693051.0,7894199621895.0,1350925472106.0,-54794573202.0,1296130898904.0,2026-06-30,TTM-gabungan,IDR
KLBF,Kalbe Farma Tbk,LQ45,Healthcare,Ya,JUAL,75.0,,750,9.4,1.39,0.56,0.81,15.09,-17.3,11.5,2.67,0.03,33.9,63.7,47.8,0.52,50.0,764,895.0,1.4,-10.5,-121.1,2026-10-06,37.97,12.15,9.55,11.34,-0.79,3.15,1.96,176.03,5.91,0.89,6.76,25.13,0.29,81.0,70.0,98.0,48.0,84.0,6.9,2.7,2.0,-0.87,79.7705,537.6733,20.0,45248860110.0,37781234787212.0,3609522416132.0,5064445900399.0,4726913742838.0,825354000000.0,4831831000000.0,-4006477000000.0,33078098000000.0,24329106000000.0,3224023111714.0,-930776206287.0,2293246905427.0,2026-06-30,TTM-gabungan,IDR
BULL,Buana Lintas Lautan Tbk.,,Industrials,Ya,JUAL,69.0,,354,9.4,1.44,0.88,0.72,17.23,142.3,11.8,0.0,0.59,5.5,338.84,131.5,1.03,36.0,419,426.0,-6.8,14.2,4.0,2026-10-06,31.8,27.05,21.8,8.66,2.57,0.6,0.56,4.69,9.95,2.35,1.42,0.0,0.62,68.0,87.0,54.0,78.0,41.0,8.5,,2.0,10.0,37.491,246.3141,,15494436593.0,2664107963040.0,580901432640.0,743840996640.0,739046826720.0,2264068243200.0,348819347040.0,1915248896160.0,7242196669440.0,3816498685440.0,1362779003520.0,-838206625440.0,77908378080.0,2026-03-31,TTM,USD
MAPA,Map Aktif Adiperkasa Tbk.,,Consumer Cyclical,Ya,JUAL,76.0,,640,9.5,1.91,0.95,1.18,22.69,15.8,19.6,0.62,0.27,18.2,12.71,8.4,0.33,44.3,663,646.0,-0.4,-17.0,-47.4,2026-10-06,47.22,13.35,9.33,13.3,0.33,2.12,0.65,18.36,4.65,1.56,10.99,11.76,0.33,64.0,82.0,86.0,72.0,81.0,25.3,13.5,2.0,0.0,67.4593,335.6901,4.0,28504000000.0,20608043000000.0,1922861000000.0,4219530000000.0,2665917000000.0,2546173000000.0,1160435000000.0,1385738000000.0,15743440000000.0,9568511000000.0,3000372000000.0,-995431000000.0,2004941000000.0,2026-06-30,TTM-gabungan,IDR
PTSN,Sat Nusapersada Tbk,,Technology,Ya,HOLD,74.0,FCF-,382,9.6,0.88,0.18,0.43,9.72,105.6,213.3,1.84,0.22,2.0,12.84,5.5,0.08,53.3,327,314.0,0.0,0.1,-0.2,2026-10-06,8.2,3.28,3.8,5.67,1.29,1.16,0.74,10.62,7.07,2.53,-6.8,10.96,1.26,93.0,57.0,76.0,87.0,42.0,19.9,12.2,2.0,0.0,39.952,433.8607,7.04,5314344000.0,5589954423360.0,212318473440.0,351064921440.0,302989915680.0,505352808000.0,51851261280.0,453501546720.0,4537125639360.0,2305685038080.0,537496880640.0,-675552304800.0,-138055424160.0,2026-06-30,TTM-gabungan,USD
ISAT,Indosat Tbk,LQ45,Communication Services,Ya,BOW,74.0,,2220,9.6,1.93,0.6,1.01,20.83,114.9,13.7,5.0,1.91,71.6,59.95,142.0,0.33,39.9,2323,2115.0,-13.6,-111.9,-379.0,2026-10-06,58.56,20.89,12.46,5.94,0.09,0.67,0.66,3.35,2.47,3.17,14.12,47.84,0.57,82.0,83.0,50.0,71.0,88.0,6.5,5.3,2.0,0.0,232.0361,1148.8036,111.0,32250810957.0,60061700000000.0,7483353000000.0,30148848000000.0,13983574000000.0,70718320000000.0,15781626000000.0,2724939000000.0,138306488000000.0,37049849000000.0,23738631000000.0,-13626061000000.0,10112570000000.0,2026-06-30,TTM-gabungan,IDR
MIDI,Midi Utama Indonesia Tbk.,,Consumer Defensive,Tidak,JUAL,74.0,,254,9.6,1.83,0.99,0.92,19.84,15.8,-2.9,4.67,0.13,8.5,8.36,2.2,0.89,34.1,272,299.0,0.0,0.7,-6.6,2026-10-06,26.31,4.07,4.13,9.44,0.04,0.99,0.3,25.42,4.0,1.97,6.66,44.63,0.68,74.0,69.0,79.0,70.0,80.0,9.7,25.7,3.0,0.0,26.5531,138.5259,11.85,33435294800.0,21518673000000.0,887811000000.0,2146997000000.0,1154397000000.0,622707000000.0,533369000000.0,89338000000.0,9272359000000.0,4631655000000.0,1749985000000.0,-1184740000000.0,565245000000.0,2026-06-30,TTM-gabungan,IDR
TAPG,Triputra Agro Persada Tbk.,,Consumer Defensive,Ya,BOW,80.0,,1980,9.7,3.44,1.0,1.72,35.12,61.5,28.4,10.15,0.09,39.3,20.26,44.0,0.4,44.6,1989,1613.0,-10.2,-14.0,107.7,2026-10-06,41.48,34.19,34.45,27.26,-0.12,2.36,1.47,84.46,7.47,0.92,7.65,88.24,0.19,63.0,92.0,95.0,73.0,79.0,6.9,7.5,2.0,0.0,203.9294,576.3316,201.0,19852540000.0,11750959000000.0,4048517000000.0,5179327000000.0,5159326000000.0,1078230000000.0,1706296000000.0,-628066000000.0,14823740000000.0,11441646000000.0,3708726000000.0,-699703000000.0,3009023000000.0,2026-06-30,TTM-gabungan,IDR
GMFI,Garuda Maintenance Facility ,,Industrials,Tidak,JUAL,58.0,dilusi,51,9.7,2.55,0.91,1.28,-65.21,77.9,20.5,0.0,2.8,6.4,99.2,5.5,0.83,33.2,57,64.0,-0.7,-1.2,-2.2,2026-10-06,20.99,14.18,7.22,5.58,4.9,1.07,0.87,3.2,10.53,1.85,17.78,0.0,0.07,56.0,53.0,32.0,93.0,54.0,27.3,111.8,3.0,117.67,5.2504,19.9728,,124835258434.0,9083538302400.0,655439832960.0,1130355606240.0,1130355606240.0,6974128437120.0,995110027200.0,5539585464960.0,16164953052480.0,2493309581280.0,1212243076800.0,-80393179680.0,1131849897120.0,2026-03-31,TTM,USD
RALS,Ramayana Lestari Sentosa Tbk,,Consumer Cyclical,Ya,TIPIS,65.0,"laba-30%,payout>100",380,9.7,0.67,0.97,0.41,6.61,-94.7,-71.4,13.16,0.12,2.3,1.83,0.7,0.39,45.4,383,393.0,-0.2,-1.1,-1.8,2026-10-06,53.63,2.21,11.03,4.67,-1.09,4.4,3.9,10.13,2.53,2.55,10.4,125.53,0.6,86.0,61.0,95.0,13.0,61.0,-7.6,-9.0,1.0,3.43,39.0932,565.2174,50.0,6134777300.0,2175205000000.0,239828000000.0,644811000000.0,288615000000.0,420727000000.0,1121563000000.0,-700836000000.0,4531442000000.0,3467483000000.0,610366000000.0,-367997000000.0,242369000000.0,2026-06-30,TTM-gabungan,IDR
CITA,Cita Mineral Investindo Tbk,,Basic Materials,Ya,TIPIS,75.0,"kas<laba,laba-30%,payout>100",3380,9.8,1.65,0.85,0.88,16.34,-67.3,57.8,10.38,0.0,13.4,0.11,0.4,0.54,48.2,3344,3586.0,0.0,-0.1,-0.6,2026-10-06,36.26,20.62,42.87,15.59,-0.37,5.54,3.17,,5.91,0.42,3.47,101.15,0.19,79.0,70.0,99.0,54.0,69.0,-22.1,36.2,1.0,0.0,346.4824,2046.1324,351.0,3960361250.0,3200635766925.0,1372195605140.0,2131088653842.0,2114434007934.0,0.0,795417176377.0,-795417176377.0,8544332333936.0,8103423347320.0,571323836866.0,-106608294973.0,464715541893.0,2026-06-30,TTM-gabungan,IDR
FPNI,Lotte Chemical Titan Tbk.,,Basic Materials,Ya,WSE,73.0,,520,9.8,1.47,0.85,0.79,16.11,394.6,41.9,0.0,0.0,2.9,12.37,6.9,0.51,50.3,505,533.0,-0.3,-0.7,0.1,2026-10-06,5.1,2.18,4.81,10.55,-1.52,1.53,0.79,265.03,7.09,1.5,13.36,0.0,0.12,68.0,67.0,91.0,65.0,77.0,-12.2,13.7,1.0,0.0,52.8325,353.8878,,5566414000.0,6108818400000.0,294087840000.0,336090240000.0,329483520000.0,2610720000.0,514240800000.0,-511630080000.0,3222747360000.0,1969885920000.0,441780000000.0,-55127040000.0,386652960000.0,2026-06-30,TTM,USD
CARS,Industri dan Perdagangan Bin,,Consumer Cyclical,Tidak,BOW,53.0,,105,9.9,1.43,0.99,0.88,16.26,-29.6,-12.7,0.0,1.05,1.6,11.24,1.3,0.27,40.8,104,101.0,0.1,-0.1,-1.3,2026-10-06,12.98,3.72,3.37,4.86,2.19,0.96,0.77,8.52,6.88,0.57,3.58,0.0,0.38,65.0,46.0,60.0,32.0,66.0,-4.9,2.7,2.0,0.0,10.5847,73.4274,,15000000000.0,4711522469475.0,158770363601.0,335694955408.0,293316314188.0,1153062002227.0,416889107625.0,736172894602.0,3132039195975.0,1101411318803.0,90432408743.0,-34057241262.0,56375167481.0,2026-06-30,TTM-gabungan,IDR
BDMN,Bank Danamon Indonesia Tbk.,,Financial Services,Tidak,BUY,66.0,,4740,10.0,0.85,0.75,0.97,8.84,50.1,34.6,3.0,0.38,46.3,2.45,11.0,1.85,68.6,4346,3487.0,3.2,12.1,-12.3,2026-10-06,,,18.16,1.68,,,,,,-0.27,-4.04,30.45,,71.0,48.0,,73.0,82.0,8.4,6.3,2.0,0.0,475.1147,5557.8022,142.19,9773552870.0,25573439000000.0,4643559000000.0,,,20406072000000.0,20640901000000.0,5835467000000.0,301303963000000.0,54319474000000.0,-1237075000000.0,-634939000000.0,-1872014000000.0,2026-06-30,TTM-gabungan,IDR
MAPI,Mitra Adiperkasa Tbk,LQ45,Consumer Cyclical,Ya,BOW,71.0,,1490,10.0,1.62,1.01,1.0,17.99,24.4,23.8,0.67,0.58,24.7,7.64,11.2,0.17,51.4,1498,1361.0,10.5,18.8,35.7,2026-10-06,38.08,9.3,4.88,7.45,0.01,1.64,0.79,8.04,3.15,2.63,18.06,13.42,0.32,66.0,72.0,78.0,62.0,82.0,16.0,1.8,1.0,0.37,149.7428,921.2323,10.0,16600000000.0,50897695000000.0,2485730000000.0,7898924000000.0,4469829000000.0,8922017000000.0,4421056000000.0,113672000000.0,35416597000000.0,15292457000000.0,6537628000000.0,-2070834000000.0,4466794000000.0,2026-06-30,TTM-gabungan,IDR
BUKK,Bukaka Teknik Utama Tbk.,,Industrials,Tidak,TIPIS,49.0,FCF-,990,10.2,0.35,0.95,0.18,4.08,-13.8,105.7,0.0,2.07,2.6,0.07,0.1,0.14,48.3,1004,1268.0,-0.0,-0.0,0.0,2026-10-06,46.97,39.86,5.08,1.45,12.51,1.56,1.38,1.53,14.78,1.74,-14.44,0.0,1.85,67.0,56.0,33.0,44.0,31.0,-1.7,-4.3,1.0,0.0,97.0314,2789.2076,,2640452000.0,5048241442000.0,256206697000.0,1149594290000.0,1134411389000.0,15276119614000.0,847934264000.0,14381612521000.0,26046792800000.0,7364768914000.0,445187767000.0,-822661748000.0,-377473981000.0,2026-06-30,TTM-gabungan,IDR
TOTL,Total Bangun Persada Tbk,,Industrials,Ya,HOLD,77.0,,1540,10.3,4.28,0.96,2.15,40.89,118.6,44.0,7.14,0.0,5.3,3.52,5.5,0.38,53.4,1434,1110.0,-2.5,-3.7,24.5,2026-10-06,17.47,10.34,11.89,12.83,-1.91,1.12,1.1,,9.7,0.5,3.44,73.61,0.29,58.0,72.0,86.0,97.0,76.0,19.7,65.3,3.0,0.0,149.4345,359.7817,110.0,3410000000.0,4284180500000.0,509571562000.0,452009205000.0,442983388000.0,0.0,864911414000.0,-864911414000.0,4195416440000.0,1226855465000.0,255921108000.0,-75064943000.0,180856165000.0,2026-06-30,TTM-gabungan,IDR
BKSL,Sentul City Tbk.,,Real Estate,Ya,JUAL,67.0,kas<laba,57,10.6,0.62,0.99,0.63,6.09,6450.7,37.7,0.0,0.18,9.6,153.68,9.7,0.46,32.1,70,100.0,0.1,-4.0,7.9,2026-10-06,55.82,37.73,30.0,4.21,2.18,2.12,1.12,4.61,10.23,0.09,0.23,0.0,0.73,67.0,46.0,77.0,92.0,53.0,60.0,,2.0,0.0,5.3995,91.3989,,167708902705.0,3018101611317.0,905550594420.0,1187310432861.0,1165438585602.0,2819981444518.0,234834974477.0,2584502030041.0,21820632062927.0,15328405464885.0,81314639254.0,-59440773517.0,21873865737.0,2026-06-30,TTM-gabungan,IDR
TGKA,Tigaraksa Satria Tbk,,Consumer Defensive,Ya,TIPIS,67.0,,4880,10.6,1.98,1.09,0.99,18.48,-13.4,9.7,6.45,0.08,4.5,0.0,0.0,0.13,45.3,4959,4760.0,0.0,0.0,0.0,2026-10-06,9.13,3.22,3.04,8.52,-0.51,1.88,1.23,33.65,6.92,1.7,14.72,68.33,0.09,69.0,65.0,93.0,32.0,85.0,0.2,-5.1,0.0,0.0,461.9198,2467.7451,315.0,918492750.0,13969186000000.0,424270000000.0,603112000000.0,531016000000.0,184114000000.0,493038000000.0,-308924000000.0,4991385000000.0,2266606000000.0,721942000000.0,-62002000000.0,659940000000.0,2026-06-30,TTM-gabungan,IDR
JRPT,Jaya Real Property Tbk,,Real Estate,Ya,TIPIS,72.0,,1160,10.7,1.36,1.0,1.39,13.2,12.0,12.2,2.67,0.0,14.9,0.58,0.7,1.14,77.5,1104,1072.0,-0.8,-2.7,-11.0,2026-10-06,55.41,41.44,39.93,9.1,-1.21,1.26,0.45,1270.36,9.02,0.77,7.05,28.76,0.01,57.0,73.0,87.0,71.0,78.0,13.2,14.8,3.0,-0.47,107.9703,853.8246,31.0,12829358600.0,3468654486000.0,1385190051000.0,1454752474000.0,1444631847000.0,3198553000.0,1769993551000.0,-1766794998000.0,15776746686000.0,10954021915000.0,1064711281000.0,-14921716000.0,1049789565000.0,2026-06-30,TTM,IDR
ICBP,Indofood CBP Sukses Makmur T,LQ45/Salim,Consumer Defensive,Ya,JUAL,72.0,laba-30%,6825,10.8,1.51,1.11,0.76,14.7,-57.5,-0.2,3.88,0.95,79.6,4.71,32.5,0.42,44.4,7214,7140.0,-3.5,-16.6,-48.1,2026-10-06,34.89,20.41,9.34,5.38,1.15,3.58,3.1,6.23,6.76,1.75,13.32,41.86,0.18,71.0,76.0,78.0,54.0,89.0,4.9,26.2,3.0,0.0,633.8031,4524.6466,265.0,11661908000.0,79113383000000.0,7391353000000.0,14200486000000.0,13844990000000.0,50171691000000.0,33537992000000.0,16383859000000.0,143985924000000.0,52766012000000.0,12933186000000.0,-2330029000000.0,10603157000000.0,2026-06-30,TTM-gabungan,IDR
SIDO,Industri Jamu dan Farmasi Si,LQ45,Consumer Defensive,Ya,JUAL,75.0,payout>100,352,10.8,3.46,1.11,1.73,28.71,-20.0,4.7,10.51,0.0,10.4,19.69,6.9,0.74,50.7,353,439.0,-1.7,-5.9,-35.7,2026-10-06,55.54,31.9,25.89,26.16,-0.37,7.52,4.93,881.5,7.8,1.25,11.03,113.53,0.05,60.0,95.0,99.0,43.0,75.0,1.8,3.6,2.0,-1.88,32.6951,101.7546,37.0,29435200000.0,3717612000000.0,962387000000.0,1267392000000.0,1240274000000.0,1591000000.0,475644000000.0,-474053000000.0,3260699000000.0,2995167000000.0,1205337000000.0,-62047000000.0,1143290000000.0,2026-06-30,TTM-gabungan,IDR
EMTK,Elang Mahkota Teknologi Tbk,,Communication Services,Tidak,WSE,75.0,laba-30%,396,10.8,0.66,0.68,0.35,5.89,-99.6,26.9,2.53,0.09,24.2,39.93,17.9,1.13,27.3,493,738.0,-2.0,-14.4,-85.9,2026-10-06,25.92,6.28,10.62,3.71,-3.14,4.84,4.58,26.27,1.45,1.44,10.47,27.23,0.21,87.0,57.0,99.0,55.0,86.0,24.7,7.6,2.0,0.06,36.6604,598.6442,10.0,61182504933.0,21123322000000.0,2242973000000.0,5274847000000.0,4538200000000.0,3273417000000.0,19853466000000.0,-16580049000000.0,59875434000000.0,36626553000000.0,3221573000000.0,-684754000000.0,2536819000000.0,2026-06-30,TTM-gabungan,IDR
BGTG,Bank Ganesha Tbk.,,Financial Services,Tidak,TIPIS,60.0,,105,10.8,0.67,0.82,0.76,6.43,3.7,-12.3,0.0,0.0,2.5,6.35,0.7,0.56,36.1,114,120.0,-0.0,0.3,0.0,2026-10-06,,,47.6,2.23,,,,,,5.15,47.46,0.0,0.01,70.0,46.0,,66.0,59.0,11.8,70.2,3.0,0.0,9.7377,156.9418,,23970997103.0,490342000000.0,233423000000.0,,,3321000000.0,1182447000000.0,-1179126000000.0,11126456000000.0,3762052000000.0,1201323000000.0,-6766000000.0,1194557000000.0,2026-06-30,TTM-gabungan,IDR
AKRA,AKR Corporindo Tbk,LQ45,Energy,Ya,HOLD,75.0,,1500,10.9,2.29,0.55,1.37,21.7,37.0,74.6,6.67,0.42,29.7,17.83,26.5,0.47,59.5,1436,1298.0,-9.8,-37.4,-164.8,2026-10-06,7.99,5.93,4.91,7.57,0.24,1.33,1.04,51.78,8.28,2.85,22.74,72.6,0.13,73.0,73.0,86.0,65.0,87.0,-1.1,1.0,2.0,0.24,137.544,654.4711,100.0,19799769600.0,55443442886000.0,2723338865000.0,3691958523000.0,3640446573000.0,5454476951000.0,8866238987000.0,875908678000.0,39295481702000.0,12958376732000.0,7757177689000.0,-1002622794000.0,6754554895000.0,2026-06-30,TTM-gabungan,IDR
LPCK,Lippo Cikarang Tbk,,Real Estate,Ya,TIPIS,48.0,"OCF-,FCF-,dilusi",505,11.0,0.38,1.03,0.39,3.63,4.5,-21.0,0.0,0.11,2.6,0.38,0.2,0.9,27.7,576,612.0,0.0,0.1,0.1,2026-10-06,19.15,6.78,6.17,2.01,1.39,2.95,0.26,5.56,8.24,-2.35,-22.1,0.0,,72.0,21.0,78.0,38.0,12.0,52.6,-11.3,1.0,89.64,45.944,1338.9277,,5134685692.0,3820755000000.0,235908000000.0,378704000000.0,335326000000.0,790000000000.0,264084000000.0,525916000000.0,10774989000000.0,6874973000000.0,-554783000000.0,-18289000000.0,-573072000000.0,2026-06-30,TTM-gabungan,IDR
ESSA,ESSA Industries Indonesia Tb,LQ45,Basic Materials,Ya,JUAL,77.0,,585,11.1,1.22,0.97,0.65,11.55,61.5,33.6,8.89,0.0,10.1,73.59,45.9,0.46,41.5,634,631.0,-2.4,-20.7,-77.6,2026-10-06,37.5,28.19,15.88,7.4,-1.72,11.46,9.57,123.59,4.21,2.58,21.74,20.23,0.06,82.0,79.0,100.0,42.0,82.0,-26.1,-33.8,1.0,0.0,52.4938,479.7571,52.0,17226975700.0,5693970125760.0,904310197920.0,1701736897440.0,1641505597920.0,2389146240.0,2922561766080.0,-2920172619840.0,12126491130240.0,8264763194880.0,2330105393280.0,-139690161120.0,2190415232160.0,2026-03-31,TTM-gabungan,USD
TMAS,Temas Tbk.,,Industrials,Ya,JUAL,66.0,FCF-,128,11.1,2.25,1.04,1.13,21.4,109.6,48.4,3.12,0.6,7.3,7.52,1.0,0.74,43.5,134,128.0,-0.0,0.2,0.3,2026-10-06,20.76,17.26,13.21,12.24,1.68,1.17,0.94,8.5,10.31,1.54,-4.76,33.33,1.34,61.0,86.0,70.0,51.0,49.0,-3.8,-28.5,0.0,0.0,11.5105,56.9645,4.0,56868856000.0,4956549000000.0,654588000000.0,843157000000.0,827144000000.0,1941504000000.0,381401000000.0,1413633000000.0,5996884000000.0,3239504000000.0,1005580000000.0,-1352389000000.0,-346809000000.0,2026-06-30,TTM-gabungan,IDR
MLBI,Multi Bintang Indonesia Tbk,,Consumer Defensive,Tidak,TIPIS,78.0,,6825,11.2,13.02,1.15,6.51,98.38,54.1,43.5,8.22,0.09,14.4,0.09,0.6,0.17,50.2,6839,5871.0,0.0,0.1,7.0,2026-10-06,64.87,43.96,33.95,34.27,-0.7,0.86,0.76,209.47,7.81,1.11,8.38,91.82,0.15,54.0,95.0,83.0,78.0,79.0,4.4,8.6,3.0,0.0,610.6844,524.3246,561.0,2107000000.0,3790443000000.0,1286712000000.0,1688122000000.0,1674097000000.0,102549000000.0,1290928000000.0,-1188379000000.0,4014827000000.0,1104752000000.0,1421945000000.0,-216849000000.0,1205096000000.0,2026-06-30,TTM-gabungan,IDR
AVIA,Avia Avian Tbk.,,Basic Materials,Ya,JUAL,80.0,,342,11.2,2.04,0.97,1.09,18.46,-0.2,14.1,6.73,0.0,20.2,12.25,4.2,1.09,50.5,342,377.0,-1.0,-3.3,-17.0,2026-10-06,43.87,23.57,21.31,15.91,-0.88,5.15,4.09,940.69,7.24,1.12,7.46,71.63,0.25,69.0,86.0,100.0,63.0,87.0,6.7,7.7,3.0,-2.74,30.5037,167.6481,23.0,59125458700.0,8462968000000.0,1803546000000.0,2490850000000.0,2252016000000.0,23180000000.0,2214410000000.0,-2191230000000.0,11612427000000.0,9912270000000.0,2011082000000.0,-501803000000.0,1509279000000.0,2026-03-31,TTM-gabungan,IDR
PTBA,Bukit Asam (Persero) Tbk.,LQ45,Energy,Ya,HOLD,64.0,"laba-30%,payout>100",3270,11.3,1.6,0.57,0.96,14.51,-57.2,-18.0,3.5,0.12,37.7,42.12,130.7,1.29,70.0,2715,2574.0,26.6,14.8,203.5,2026-10-06,15.85,8.04,7.84,7.86,-0.31,1.27,0.94,21.38,7.55,2.13,8.77,114.63,0.54,77.0,71.0,89.0,11.0,73.0,0.0,-38.5,0.0,0.0,290.0963,2043.8109,114.51,11514357245.0,42623005000000.0,3340272000000.0,4794162000000.0,4498807000000.0,2719627000000.0,4192245000000.0,-1472618000000.0,43228243000000.0,23533169000000.0,7108016000000.0,-3804452000000.0,3303564000000.0,2026-03-31,TTM-gabungan,IDR
ASGR,Astra Graphia Tbk,,Industrials,Ya,HOLD,81.0,payout>100,2540,11.3,1.76,1.06,0.88,15.46,46.3,10.4,9.49,0.01,3.4,2.19,5.2,1.72,75.8,2030,1596.0,-2.9,-9.6,-7.9,2026-10-06,24.68,10.05,10.02,10.46,-4.36,2.68,2.47,136.32,4.69,1.65,14.09,107.34,0.04,75.0,76.0,99.0,79.0,73.0,0.9,40.7,3.0,0.0,224.551,1442.77,241.0,1348780500.0,3021185000000.0,302870000000.0,378437000000.0,378437000000.0,25367000000.0,1676345000000.0,-1650978000000.0,2928267000000.0,1945980000000.0,500368000000.0,-17762000000.0,482606000000.0,2026-06-30,TTM-gabungan,IDR
MSIN,MNC Digital Entertainment Tb,,Communication Services,Ya,WSE,71.0,FCF-,180,11.4,1.6,0.72,0.84,14.18,13.8,3.7,0.0,0.04,10.9,68.85,17.3,0.44,23.8,316,497.0,0.2,-4.1,-22.8,2026-10-06,25.88,15.09,23.69,11.76,-0.43,2.97,2.24,101.42,8.3,0.63,-3.1,0.0,1.56,69.0,69.0,98.0,67.0,38.0,2.9,42.1,2.0,0.0,15.7912,112.7774,,60676178205.0,4043989000000.0,958151000000.0,1251846000000.0,1028561000000.0,259041000000.0,795098000000.0,-536057000000.0,8598549000000.0,6842901000000.0,605960000000.0,-944596000000.0,-338636000000.0,2026-06-30,TTM-gabungan,IDR
ADMR,Alamtri Minerals Indonesia T,,Basic Materials,Ya,JUAL,62.0,FCF-,1465,11.5,2.04,1.0,1.09,19.18,-15.4,-14.6,3.46,0.58,59.9,26.78,41.6,0.49,38.5,1584,1669.0,-2.3,-25.3,-53.3,2026-10-06,42.08,34.16,28.2,11.12,1.22,2.0,1.76,2898.78,10.21,0.71,-14.12,41.46,3.29,62.0,80.0,85.0,28.0,40.0,2.3,-6.5,1.0,0.0,127.4885,716.4192,50.62,40882331500.0,18479315520000.0,5212027200000.0,6655897440000.0,6641227680000.0,17064234240000.0,8954520960000.0,8088170400000.0,56929502400000.0,29288886240000.0,3695554080000.0,-12149562720000.0,-8454008640000.0,2026-03-31,TTM-gabungan,USD
SCMA,Surya Citra Media Tbk,,Communication Services,Tidak,JUAL,75.0,payout>100,179,11.5,1.8,0.72,0.94,14.14,48.9,-3.2,11.73,0.12,11.4,67.91,12.4,0.75,41.8,196,241.0,1.0,-1.4,-56.0,2026-10-06,40.71,17.03,13.87,9.13,-0.22,2.45,1.97,87.2,7.14,1.31,10.04,135.05,0.11,79.0,77.0,96.0,52.0,68.0,-1.2,-3.1,2.0,0.06,15.5381,99.438,21.0,63504703280.0,7111725920000.0,986745252000.0,1543642571000.0,1287598458000.0,760262857000.0,1104003864000.0,-343741007000.0,10415521811000.0,6314778627000.0,1288050321000.0,-146795264000.0,1141255057000.0,2026-06-30,TTM-gabungan,IDR
UNTR,United Tractors Tbk,LQ45,Basic Materials,Ya,WSE,63.0,laba-30%,25600,11.7,0.93,1.02,0.5,7.88,-90.2,-13.2,8.56,0.29,89.4,3.85,98.7,0.99,53.2,24702,26492.0,-19.1,33.5,62.5,2026-10-06,20.97,13.39,6.31,4.24,0.65,1.24,0.93,9.01,7.76,2.43,8.33,78.67,0.6,79.0,62.0,80.0,17.0,85.0,2.0,-11.0,0.0,-3.82,2186.2163,27647.0017,2192.0,3493093536.0,121064935000000.0,7636658000000.0,12574761000000.0,12574761000000.0,28076396000000.0,18153571000000.0,8180504000000.0,179058512000000.0,96573563000000.0,18528755000000.0,-11082831000000.0,7445924000000.0,2026-06-30,TTM-gabungan,IDR
JTPE,Jasuindo Tiga Perkasa Tbk,,Industrials,Ya,TIPIS,76.0,laba-30%,575,11.9,2.82,1.11,1.42,25.79,-76.9,-73.3,5.39,0.01,3.9,1.26,0.8,0.46,37.6,604,580.0,0.0,-0.7,-2.3,2026-10-06,25.09,18.79,12.14,13.97,-1.81,1.67,1.17,182.18,6.61,1.87,12.65,60.56,0.19,61.0,88.0,93.0,54.0,91.0,25.0,40.3,3.0,-0.84,48.2146,204.2257,31.0,6794330000.0,2699371153868.0,327586051267.0,464027598028.0,460069477197.0,8000509798.0,847978712260.0,-839978202462.0,2632434598352.0,1387576942535.0,611739723237.0,-117687732464.0,494051990773.0,2026-03-31,TTM-gabungan,IDR
PRDA,Prodia Widyahusada Tbk.,,Healthcare,Ya,BUY,78.0,,2880,11.9,1.1,0.7,0.64,8.88,773.2,27.0,5.65,0.01,2.6,0.72,2.0,1.23,65.8,2615,2425.0,-1.8,-1.2,-3.8,2026-10-06,57.52,10.57,9.06,7.88,-1.1,5.35,5.1,155.8,4.31,2.12,12.39,68.21,0.3,86.0,67.0,100.0,55.0,93.0,1.5,-17.8,1.0,-5.09,241.2856,2629.325,162.68,889775500.0,2369031000000.0,214690000000.0,473106000000.0,278566000000.0,20978000000.0,542734000000.0,-521756000000.0,2642712000000.0,2339509000000.0,454973000000.0,-137499000000.0,317474000000.0,2026-06-30,TTM-gabungan,IDR
HEXA,Hexindo Adiperkasa Tbk,,Industrials,Ya,WSE,55.0,payout>100,3540,12.0,0.99,1.12,0.5,8.05,-28.7,-8.1,12.12,0.52,3.0,1.37,5.2,0.33,27.8,4044,4117.0,-0.4,-1.5,-36.9,2026-10-06,14.8,4.15,2.77,3.16,2.37,1.65,0.59,3.84,7.95,7.33,59.93,152.26,0.02,77.0,52.0,63.0,17.0,65.0,-6.5,-32.3,1.0,0.0,296.0516,3592.4924,429.07,840000000.0,8975464297920.0,248683369920.0,532529532960.0,432557835840.0,1574160264000.0,308973934560.0,1262356380000.0,7277161349760.0,3017693632320.0,1823765964000.0,-41677463040.0,1782088500960.0,2026-06-30,TTM,USD
ULTJ,Ultrajaya Milk Industry & Tr,,Consumer Defensive,Ya,HOLD,79.0,,2080,12.0,2.73,1.24,1.36,23.01,51.7,18.7,6.25,0.01,21.6,27.47,54.5,0.79,79.4,1651,1535.0,6.6,69.8,71.5,2026-10-06,33.37,20.9,17.67,20.31,-1.01,5.56,3.67,19508.05,8.11,1.17,7.71,75.14,0.21,59.0,88.0,100.0,71.0,83.0,4.6,12.1,2.0,0.0,172.9596,762.3023,130.0,10398175200.0,10180057000000.0,1798464000000.0,2370183000000.0,2301950000000.0,40611000000.0,2435024000000.0,-2394413000000.0,9066914000000.0,7926553000000.0,2098609000000.0,-432212000000.0,1667443000000.0,2026-06-30,TTM-gabungan,IDR
DMND,Diamond Food Indonesia Tbk.,,Consumer Defensive,Ya,TIPIS,67.0,FCF-,615,12.0,0.87,1.24,0.44,7.5,126.0,24.0,1.22,0.01,5.8,0.11,0.1,0.24,48.3,620,654.0,0.0,0.0,0.0,2026-10-06,20.4,4.86,3.95,5.92,-0.61,3.35,1.86,259.81,7.82,0.79,-2.9,14.42,1.44,67.0,47.0,98.0,74.0,44.0,9.5,4.5,2.0,0.0,51.0393,703.4755,7.5,9468359000.0,12248396000000.0,483258000000.0,691105000000.0,616272000000.0,42014000000.0,460513000000.0,-418499000000.0,8474495000000.0,6660759000000.0,380344000000.0,-549175000000.0,-168831000000.0,2026-06-30,TTM-gabungan,IDR
POWR,Cikarang Listrindo Tbk.,,Utilities,Ya,HOLD,75.0,,975,12.5,1.23,0.49,0.34,9.72,15.7,8.2,7.56,0.49,15.5,10.99,10.8,0.44,57.3,877,732.0,-0.2,-5.4,-5.7,2026-10-06,44.3,20.49,12.49,4.82,1.2,7.11,6.02,5.91,5.97,2.02,8.96,96.09,0.45,93.0,71.0,82.0,48.0,78.0,0.2,-0.2,1.0,0.14,77.9238,790.4784,73.73,15851499100.0,9891263422080.0,1235208372960.0,3239807562720.0,2100652569120.0,6120678421440.0,2201384340960.0,3900452532000.0,21166137244320.0,12530267642880.0,2496836042400.0,-1112787343200.0,1384048699200.0,2026-06-30,TTM-gabungan,USD
GEMS,Golden Energy Mines Tbk.,,Energy,Ya,HOLD,62.0,,8500,12.5,3.6,0.63,2.16,29.06,-29.4,-10.1,2.8,0.17,50.0,0.23,1.8,2.03,77.4,7048,7539.0,-0.2,-1.7,-7.3,2026-10-06,30.59,13.81,9.58,17.88,0.06,1.77,1.64,52.3,8.49,0.71,4.95,92.34,0.12,60.0,77.0,93.0,11.0,73.0,-6.1,-27.6,0.0,0.0,679.1632,2362.3236,237.95,5882353000.0,41706000802560.0,3995077456800.0,5936509920960.0,5661087148320.0,2328115687200.0,2504182253280.0,385462169760.0,21777116533440.0,13896021446400.0,2827665663840.0,-352527191040.0,2475138472800.0,2026-03-31,TTM,USD
CNMA,Nusantara Sejahtera Raya Tbk,,Communication Services,Ya,JUAL,80.0,payout>100,90,12.7,2.01,0.8,1.05,15.28,361.0,65.0,13.22,0.44,7.5,17.74,1.6,0.52,45.9,92,98.0,0.0,1.5,0.7,2026-10-06,60.57,16.36,10.5,9.06,0.15,2.64,2.47,6.57,4.39,2.56,12.12,168.81,0.4,77.0,79.0,86.0,85.0,72.0,10.0,15.2,2.0,-1.2,7.0755,44.8807,11.9,83279924292.0,5613000000000.0,589249000000.0,1766093000000.0,972359000000.0,1650525000000.0,1389479000000.0,261046000000.0,6209444000000.0,3737664000000.0,1511193000000.0,-602428000000.0,908765000000.0,2026-06-30,TTM-gabungan,IDR
IFII,Indonesia Fibreboard Industr,,Basic Materials,Ya,TIPIS,73.0,laba-30%,208,12.8,1.39,1.11,0.74,10.94,-57.0,-35.2,5.77,0.14,2.0,2.16,0.5,0.04,53.0,203,218.0,-0.0,0.0,-0.0,2026-10-06,31.36,17.14,12.72,8.63,0.2,2.56,1.13,11.24,9.19,2.35,15.25,80.0,0.17,70.0,75.0,90.0,52.0,87.0,13.9,23.6,3.0,0.0,16.2107,149.4588,12.0,9412000000.0,1199278457467.0,152574694698.0,217644619329.0,214260021589.0,193328284440.0,149332779100.0,42970201100.0,1743270460347.0,1406706303195.0,359113820129.0,-60622115721.0,298491704408.0,2026-06-30,TTM-gabungan,IDR
SAMF,Saraswanti Anugerah Makmur T,,Basic Materials,Ya,TIPIS,55.0,"OCF-,FCF-",348,13.0,1.93,1.13,1.03,16.15,90.3,90.7,3.02,0.82,3.6,0.99,0.3,2.43,65.3,299,300.0,0.1,1.4,1.8,2026-10-06,20.92,10.62,6.25,7.42,3.02,1.47,0.81,5.95,10.93,-0.52,-5.1,39.25,,58.0,45.0,58.0,60.0,52.0,3.4,-8.6,1.0,0.0,26.7509,180.0356,10.5,10250000000.0,4389531216651.0,274196784407.0,450610921706.0,442678428841.0,1509985297476.0,150556640197.0,1359428657279.0,4461386195252.0,1845365287877.0,-143672776264.0,-38189265776.0,-181862042040.0,2026-06-30,TTM-gabungan,IDR
BOLT,Garuda Metalindo Tbk.,,Industrials,Ya,TIPIS,73.0,,770,13.0,2.14,1.21,1.08,16.48,27.5,23.7,6.49,0.43,1.8,0.02,0.0,0.44,42.1,795,862.0,0.0,-0.0,-0.0,2026-10-06,24.23,12.98,8.03,9.42,1.26,1.56,0.75,10.74,8.88,2.34,16.83,78.44,0.07,63.0,77.0,77.0,72.0,82.0,5.4,18.5,2.0,0.0,59.3961,360.1899,50.0,2343750000.0,1733840965113.0,139209675175.0,237003495864.0,230209658770.0,359579005587.0,44035298327.0,298948765601.0,1616593517066.0,844195024103.0,325327567442.0,-21556002319.0,303771565123.0,2026-06-30,TTM-gabungan,IDR
MEDC,Medco Energi Internasional T,LQ45,Energy,Ya,JUAL,60.0,,1405,13.0,0.89,0.66,0.53,6.98,-28.4,8.5,4.59,1.71,34.7,59.31,88.9,0.3,44.6,1410,1427.0,14.3,26.2,-87.5,2026-10-06,37.5,27.62,6.02,1.86,3.75,1.12,1.02,2.42,6.2,6.43,22.84,53.25,0.54,85.0,62.0,40.0,28.0,92.0,1.2,-42.5,1.0,-1.53,108.4324,1580.492,64.5,24680621344.0,44451072716160.0,2676178600320.0,14140624420800.0,13997587369920.0,66581571105120.0,9482072027520.0,53036865813120.0,146926325481120.0,39007524060480.0,17204670019200.0,-9285951633120.0,7918718386080.0,2026-03-31,TTM-gabungan,USD
DVLA,Darya-Varia Laboratoria Tbk,,Healthcare,Ya,TIPIS,71.0,laba-30%,1585,13.0,1.18,0.77,0.69,9.01,-51.3,12.8,8.08,0.0,1.8,0.04,0.1,0.38,51.1,1586,1560.0,-0.0,-0.1,-0.8,2026-10-06,52.15,6.9,5.79,5.45,-2.1,2.15,1.55,10934.81,5.8,1.63,6.5,86.07,0.48,83.0,59.0,97.0,43.0,77.0,5.2,3.2,2.0,0.0,121.63,1339.3585,128.0,1120000000.0,2354247520000.0,136225561000.0,224723285000.0,182294229000.0,119394000.0,471021298000.0,-470901904000.0,2606430632000.0,1500081542000.0,222642312000.0,-107244627000.0,115397685000.0,2026-06-30,TTM-gabungan,IDR
BBCA,Bank Central Asia Tbk,LQ45,Financial Services,Tidak,JUAL,64.0,,6175,13.1,2.8,0.99,3.18,22.47,5.0,4.4,6.17,0.01,758.5,127.94,805.6,0.7,44.6,6353,6562.0,-15.4,-164.4,-2771.6,2026-10-06,,,50.48,3.63,,,,,,1.19,8.67,75.42,0.04,45.0,78.0,,63.0,81.0,8.5,12.2,3.0,-0.35,472.6025,2201.5116,381.0,122841751300.0,114998536000000.0,58055319000000.0,,,2187729000000.0,95713174000000.0,-93525445000000.0,1660579336000000.0,270437543000000.0,68847541000000.0,-3073189000000.0,65774352000000.0,2026-06-30,TTM-gabungan,IDR
TLKM,Telkom Indonesia (Persero) T,LQ45,Communication Services,Ya,WSE,69.0,payout>100,2290,13.2,1.91,0.83,1.0,13.68,21.6,6.4,9.75,0.68,225.8,146.12,359.3,0.74,28.0,2570,2830.0,-73.2,-282.9,-1093.3,2026-10-06,66.88,23.04,11.45,5.74,0.03,0.79,0.78,7.72,3.06,3.86,17.96,125.16,0.39,78.0,77.0,69.0,45.0,75.0,-0.1,-5.5,1.0,-0.49,173.8064,1200.3639,223.17,98580940800.0,149616000000000.0,17134000000000.0,74468000000000.0,35810000000000.0,80885000000000.0,54579000000000.0,2336000000000.0,303087000000000.0,118333000000000.0,66131000000000.0,-25589000000000.0,40542000000000.0,2026-06-30,TTM,IDR
OMED,Jayamas Medica Industri Tbk.,,Healthcare,Ya,JUAL,79.0,,212,13.2,2.02,0.78,1.17,16.13,66.4,36.3,1.92,0.09,5.7,13.14,2.8,1.05,43.8,223,225.0,-0.2,0.2,2.5,2026-10-06,35.75,19.81,18.77,13.63,-1.71,8.29,5.89,27.88,8.06,0.86,4.28,47.78,0.34,65.0,78.0,99.0,74.0,82.0,5.9,8.7,2.0,-0.19,16.0196,104.7645,4.08,27008119900.0,2304764243821.0,432658133716.0,586376042441.0,562426820838.0,262643945729.0,1264486619840.0,-1001842674111.0,3412388491400.0,2829491182510.0,373885512373.0,-128859128610.0,245026383763.0,2026-06-30,TTM-gabungan,IDR
MTLA,Metropolitan Land Tbk.,,Real Estate,Ya,TIPIS,53.0,"FCF-,kas<laba,laba-30%",700,13.4,0.97,1.25,0.99,7.47,-60.0,-49.4,1.39,0.22,5.4,0.8,0.5,0.1,74.5,543,537.0,0.0,0.0,0.0,2026-10-06,51.02,29.02,22.5,5.12,1.62,3.26,0.74,501.56,12.9,0.09,-1.6,19.89,3.31,54.0,48.0,86.0,31.0,45.0,8.7,1.5,2.0,0.0,52.2247,724.6763,9.7,7655126330.0,1777119000000.0,399787000000.0,475015000000.0,464449000000.0,1222979000000.0,441098000000.0,771401000000.0,8185659000000.0,5547489000000.0,37100000000.0,-122658000000.0,-85558000000.0,2026-03-31,TTM-gabungan,IDR
LPGI,Lippo General Insurance Tbk,,Financial Services,Tidak,TIPIS,61.0,,645,13.4,1.73,1.01,1.97,14.1,314.8,30.2,1.55,0.0,1.9,0.01,0.0,1.4,52.5,638,661.0,0.0,-0.0,-0.0,2026-10-06,,,3.97,4.03,,,,175.74,,3.49,24.83,18.87,0.08,43.0,52.0,,88.0,74.0,17.8,25.1,2.0,0.0,48.2438,372.1276,10.0,3000000000.0,3644617534967.0,144731453092.0,,99162437471.0,264471501.0,15585204627.0,-15320733126.0,3550815818181.0,1116382932707.0,505352898014.0,-41495407323.0,480418634574.0,2025-12-31,TTM,IDR
DUTI,Duta Pertiwi Tbk,,Real Estate,Ya,TIPIS,64.0,"kas<laba,payout>100",4560,13.4,0.82,1.25,0.84,6.06,239.6,72.4,10.53,0.0,8.4,0.0,0.0,9.37,23.7,4629,4002.0,0.0,0.0,0.0,2026-10-06,69.22,27.59,21.26,4.03,-3.72,2.76,1.5,8.22,4.94,0.06,0.4,140.84,0.13,71.0,44.0,93.0,57.0,52.0,-3.2,-17.4,1.0,0.0,340.8186,5562.3613,480.0,1850000000.0,2965607361576.0,630514353699.0,974342941408.0,954263294652.0,3005514836.0,3629033995782.0,-3626028480946.0,16849864468616.0,10290368327825.0,38872760457.0,-5030233779.0,33842526678.0,2026-06-30,TTM-gabungan,IDR
MARK,Mark Dynamics Indonesia Tbk.,,Healthcare,Ya,BUY,78.0,payout>100,1200,13.6,5.11,0.8,2.97,36.98,43.5,58.3,7.5,0.0,4.6,15.87,18.3,1.23,61.5,1098,869.0,-0.0,0.6,13.8,2026-10-06,47.27,39.57,32.71,32.94,-0.09,4.2,2.6,390.57,10.1,0.98,6.49,101.64,0.1,58.0,94.0,99.0,65.0,72.0,0.5,5.3,1.0,0.0,88.5547,234.6719,90.0,3800000310.0,1028702898530.0,336508039121.0,447657803271.0,435408217142.0,3366350000.0,43210400397.0,-39844050397.0,1024525000893.0,891753183643.0,329822235614.0,-33797824245.0,296024411369.0,2026-06-30,TTM-gabungan,IDR
FISH,FKS Multi Agro Tbk,,Consumer Defensive,Ya,TIPIS,53.0,payout>100,590,13.7,0.91,1.41,0.46,6.81,4424.1,-6.6,2.37,0.89,2.8,0.35,0.2,0.14,41.4,620,771.0,0.0,0.0,-0.0,2026-10-06,5.78,2.77,1.01,2.31,2.0,1.42,0.74,3.74,7.18,1.45,4.02,130.0,0.62,66.0,46.0,60.0,34.0,59.0,-9.1,-35.3,0.0,0.0,43.0763,649.5362,14.0,4800000000.0,20502436098720.0,206766306720.0,546281971200.0,526623462720.0,2759750322720.0,1605823200480.0,1091691837600.0,8657508811680.0,3117773807520.0,299056040160.0,-185087136480.0,113968903680.0,2026-03-31,TTM-gabungan,USD
MEGA,Bank Mega Tbk,,Financial Services,Tidak,TIPIS,56.0,,1945,13.8,2.02,1.04,2.3,14.88,17.5,9.5,4.42,0.15,45.2,0.05,0.1,0.97,46.7,1969,1953.0,-0.0,-0.0,-0.5,2026-10-06,,,46.02,2.36,,,,,,3.82,27.29,61.63,0.01,44.0,65.0,,44.0,90.0,-2.7,-6.0,1.0,-1.0,141.0807,962.1149,85.97,23247028262.0,7126323000000.0,3279706000000.0,,,3279213000000.0,9367741000000.0,-6088528000000.0,144896195000000.0,22366313000000.0,12514649000000.0,-173235000000.0,12341414000000.0,2026-06-30,TTM-gabungan,IDR
HRUM,Harum Energy Tbk.,LQ45,Basic Materials,Ya,JUAL,57.0,FCF-,835,14.0,0.64,1.22,0.34,4.75,394.8,145.6,0.0,0.6,11.0,11.41,10.3,0.47,39.6,880,948.0,0.5,-2.9,-9.0,2026-10-06,18.76,13.29,2.49,1.32,2.18,1.85,1.32,5.11,5.31,4.96,-60.48,0.0,2.71,67.0,50.0,70.0,55.0,30.0,14.0,-50.1,0.0,-0.77,59.6545,1299.6253,,13148556400.0,31493639919360.0,784371074880.0,3508961090880.0,3517404621120.0,10218894218880.0,2574069078720.0,7644825140160.0,68015856308640.0,17088195907680.0,3891698308320.0,-10531919813280.0,-6640221504960.0,2026-06-30,TTM-gabungan,USD
PMJS,Putra Mandiri Jembar Tbk.,,Consumer Cyclical,Ya,TIPIS,62.0,,138,14.3,0.69,1.44,0.43,4.93,47.3,-10.4,2.54,0.18,1.9,1.12,0.2,0.55,50.9,131,118.0,0.0,0.0,0.0,2026-10-06,6.48,1.87,1.23,2.1,-3.23,1.26,0.53,26.91,2.81,4.47,24.83,24.51,0.21,70.0,46.0,85.0,35.0,86.0,-3.5,-24.9,1.0,0.0,9.6683,199.9414,3.5,13755600000.0,10851265929741.0,132992834397.0,314509536920.0,229321499044.0,497440057533.0,1513236143457.0,-1015796085924.0,8086389919046.0,2750314439491.0,594703646270.0,-123434755612.0,471268890658.0,2026-03-31,TTM-gabungan,IDR
AMRT,Sumber Alfaria Trijaya Tbk,LQ45,Consumer Defensive,Tidak,JUAL,64.0,,1260,14.6,2.91,1.51,1.46,20.22,-2.6,-0.2,3.29,0.15,51.8,33.84,44.0,0.58,39.3,1335,1495.0,-18.8,-27.9,16.8,2026-10-06,22.1,2.67,2.71,7.96,-0.15,1.04,0.39,28.53,5.3,2.31,6.36,48.24,0.6,52.0,66.0,81.0,52.0,85.0,9.4,6.1,2.0,-1.04,86.4454,433.1946,41.5,41091832700.0,130880167000000.0,3552199000000.0,9510989000000.0,4846546000000.0,2703086000000.0,4097782000000.0,-1394696000000.0,42788957000000.0,17800758000000.0,8190841000000.0,-4896958000000.0,3293883000000.0,2026-06-30,TTM-gabungan,IDR
ARCI,Archi Indonesia Tbk.,,Basic Materials,Ya,WSE,68.0,,1285,15.0,4.66,1.3,2.49,36.51,107.6,89.3,3.15,1.23,32.4,27.46,36.1,0.61,50.2,1264,1398.0,0.3,9.0,75.1,2026-10-06,44.76,43.07,22.37,12.6,1.9,1.02,0.48,6.54,9.78,0.66,0.25,39.71,0.94,41.0,84.0,57.0,95.0,56.0,31.9,91.3,2.0,1.61,85.3897,275.7496,40.5,25235000000.0,9632317684800.0,2154809540160.0,4111018430880.0,4111018430880.0,8583552477600.0,700860624480.0,7792901910720.0,18846768286080.0,6958540378560.0,1414313373120.0,-1334283811680.0,80029561440.0,2026-03-31,TTM-gabungan,USD
AMAR,Bank Amar Indonesia Tbk.,,Financial Services,Tidak,TIPIS,62.0,,230,15.1,1.21,1.14,1.38,8.04,7.3,24.4,5.02,0.0,4.1,0.94,0.2,0.16,52.2,226,205.0,0.0,0.0,-0.0,2026-10-06,,,14.25,4.68,,,,,,0.6,3.37,67.81,0.15,53.0,50.0,,77.0,82.0,29.2,,3.0,0.0,15.2768,190.8562,11.55,18013673305.0,1930738000000.0,275191000000.0,,,10336000000.0,681081000000.0,-670745000000.0,6611755000000.0,3438022000000.0,164586000000.0,-24859000000.0,139727000000.0,2026-06-30,TTM-gabungan,IDR
WIFI,Solusi Sinergi Digital Tbk.,,Communication Services,Ya,WSE,59.0,"OCF-,FCF-,dilusi",1455,15.1,1.01,0.95,0.53,10.41,14.7,179.3,0.14,1.32,7.7,23.45,40.4,1.75,20.4,1941,2278.0,-7.6,10.3,0.9,2026-10-06,62.02,50.92,18.84,3.91,1.12,2.12,1.53,3.04,6.51,-5.21,-77.99,0.0,,70.0,47.0,65.0,76.0,12.0,,,2.0,125.0,96.4107,1437.4773,2.0,5308549015.0,2716828723769.0,511800853211.0,1433085681490.0,1415034969106.0,10057971475866.0,8285838461863.0,1609312908111.0,20949132568978.0,7630918521915.0,-2668441892192.0,-3355609925459.0,-6024051817651.0,2026-06-30,TTM,IDR
BACA,Bank Capital Indonesia Tbk.,,Financial Services,Tidak,TIPIS,60.0,,110,15.4,0.32,1.16,0.36,2.11,45.0,30.4,0.0,0.0,2.2,1.36,0.2,0.46,37.2,116,138.0,0.0,0.0,-0.1,2026-10-06,,,10.95,0.59,,,,,,7.28,45.48,0.0,0.04,70.0,24.0,,92.0,59.0,31.1,57.7,3.0,0.0,7.1454,341.32,,19953024885.0,1302320000000.0,142572000000.0,,,33576000000.0,2045754000000.0,-2012178000000.0,25605800000000.0,6810367000000.0,1037219000000.0,-38991000000.0,998228000000.0,2026-06-30,TTM-gabungan,IDR
PGEO,Pertamina Geothermal Energy ,LQ45,Utilities,Tidak,JUAL,76.0,,975,15.5,1.15,0.6,0.31,7.33,13.8,16.7,5.07,0.37,40.9,14.13,14.6,0.51,40.8,1035,1015.0,0.0,1.4,30.2,2026-10-06,52.22,45.08,32.05,4.95,0.33,4.36,4.22,7.95,9.63,2.17,9.89,81.37,0.29,84.0,74.0,89.0,53.0,82.0,3.9,2.6,1.0,0.94,62.8864,850.3502,49.44,41899535623.0,8221157280000.0,2634909120000.0,4390929120000.0,4354059360000.0,13164884160000.0,11661819840000.0,1429804320000.0,52691700000000.0,35629277280000.0,5716588800000.0,-1674945600000.0,4041643200000.0,2026-06-30,TTM-gabungan,USD
SKRN,Superkrane Mitra Utama Tbk.,,Industrials,Ya,TIPIS,71.0,,390,15.5,4.06,1.45,2.04,25.7,15.3,-17.8,14.87,0.36,2.8,0.39,0.2,1.02,40.8,403,431.0,0.0,0.0,0.1,2026-10-06,31.19,22.6,22.5,11.66,0.39,1.33,1.33,8.3,11.33,2.41,14.64,71.54,0.06,47.0,93.0,81.0,56.0,84.0,7.3,31.3,1.0,0.0,25.1043,96.0197,58.0,7117999826.0,794130955602.0,178692236739.0,253604116470.0,246613773681.0,245112797157.0,147381739694.0,97731057463.0,1461652046411.0,683468068376.0,431023867260.0,-24602218283.0,406421648977.0,2026-03-31,TTM-gabungan,IDR
AGRS,Bank IBK Indonesia Tbk.,,Financial Services,Tidak,TIPIS,58.0,,59,15.7,0.48,1.18,0.55,3.15,,,0.0,0.91,2.8,5.38,0.3,0.15,49.1,60,68.0,0.0,0.1,-0.1,2026-10-06,,,25.76,0.82,,,,,,2.83,16.65,0.0,0.08,66.0,34.0,,79.0,59.0,10.0,24.0,2.0,0.0,3.7609,122.1991,,47864384874.0,698882000000.0,180014000000.0,,,5312770000000.0,2317666000000.0,2950629000000.0,23638002000000.0,5848986000000.0,509461000000.0,-39329000000.0,470132000000.0,2026-03-31,TTM-gabungan,IDR
KETR,Ketrosden Triasmitra Tbk.,,Technology,Ya,BUY,80.0,,930,15.8,2.18,0.29,1.06,14.93,,,0.0,0.48,2.6,49.73,47.3,1.26,54.6,775,690.0,1.7,2.5,-50.3,2026-10-06,47.29,32.0,19.32,7.88,2.04,2.33,1.0,4.22,11.7,2.0,8.39,0.0,0.34,73.0,84.0,71.0,95.0,76.0,28.6,27.0,3.0,0.0,58.7955,426.0901,,2841262838.0,864452876063.0,167053394744.0,273494220114.0,253144531183.0,585049191923.0,25531833088.0,556777051282.0,2170821930422.0,1210633960367.0,333798489543.0,-112101405489.0,221697084054.0,2026-03-31,TTM-gabungan,IDR
CMRY,Cisarua Mountain Dairy Tbk.,,Consumer Defensive,Ya,JUAL,76.0,,4430,15.9,4.91,1.64,2.46,30.71,28.5,37.2,7.9,0.0,35.2,3.05,13.6,0.21,47.6,4527,4659.0,-0.3,2.9,-27.0,2026-10-06,44.38,42.91,18.37,24.55,-0.19,2.03,1.35,639.92,12.07,0.87,2.96,71.78,0.46,42.0,88.0,95.0,86.0,75.0,18.9,24.2,3.0,0.0,278.5994,902.7029,350.0,7934683000.0,12036789000000.0,2210598000000.0,2866150000000.0,2793247000000.0,449000000.0,558058000000.0,-557609000000.0,9247647000000.0,7162661000000.0,1917419000000.0,-878203000000.0,1039216000000.0,2026-06-30,TTM-gabungan,IDR
GOOD,Garudafood Putra Putri Jaya ,,Consumer Defensive,Ya,TIPIS,64.0,,304,16.0,2.87,1.65,1.44,18.32,-5.6,19.6,3.12,0.62,11.2,0.14,0.0,1.06,43.3,307,328.0,0.0,-0.0,-0.1,2026-10-06,27.23,7.37,4.89,7.82,1.13,1.27,0.69,7.72,10.05,1.56,3.38,49.97,0.65,45.0,70.0,71.0,66.0,76.0,7.7,17.4,3.0,-0.0,19.0181,105.9112,9.5,36877600855.0,14343919795778.0,701342008855.0,1256745206596.0,1136890386360.0,2409738154351.0,912625466839.0,1420398424624.0,9383726690103.0,3905750606875.0,1093074730460.0,-714450367102.0,378624363358.0,2026-06-30,TTM-gabungan,IDR
ENRG,Energi Mega Persada Tbk,Bakrie,Energy,Ya,JUAL,60.0,,1030,16.6,1.67,0.84,1.0,11.18,-24.0,-7.3,0.0,0.47,27.1,100.27,126.1,1.09,35.1,1260,1440.0,20.6,113.6,123.9,2026-10-06,39.0,33.66,17.74,5.33,1.43,0.57,0.48,6.53,10.46,3.49,0.39,0.0,0.98,59.0,77.0,63.0,50.0,37.0,3.3,11.1,3.0,6.14,61.9485,616.3185,,26346230250.0,9200017866240.0,1632109225920.0,3003592032480.0,3003592032480.0,7593188526240.0,1592543906400.0,4290998288640.0,33123675310080.0,16237669720800.0,5700790480800.0,-5595001460160.0,105789020640.0,2026-03-31,TTM-gabungan,USD
YUPI,Yupi Indo Jelly Gum Tbk.,,Consumer Defensive,Ya,TIPIS,68.0,,1215,16.7,5.97,1.72,2.98,26.13,-13.1,0.3,5.65,0.44,10.4,0.03,0.0,0.54,29.5,1302,1428.0,0.0,0.0,-0.1,2026-10-06,38.92,27.49,20.93,18.73,-0.13,3.19,2.41,17.74,11.94,1.01,5.78,70.8,0.05,38.0,90.0,93.0,49.0,77.0,0.7,14.9,2.0,0.0,72.7176,203.648,68.7,8544488700.0,2968730975175.0,621334474492.0,860582995284.0,855102980758.0,772130862254.0,880531045455.0,-108400183201.0,3149880337977.0,1740068031795.0,629476387394.0,-29933347802.0,599543039592.0,2026-06-30,TTM-gabungan,IDR
INCO,Vale Indonesia Tbk.,LQ45,Basic Materials,Tidak,JUAL,63.0,FCF-,4300,16.7,0.9,1.45,0.48,5.45,178.8,40.6,1.81,0.0,45.3,15.99,74.4,0.58,37.1,4933,5386.0,-13.4,-5.3,37.8,2026-10-06,21.06,13.45,13.77,4.64,-0.55,1.58,0.77,37.49,12.41,1.18,-13.17,29.54,2.87,58.0,61.0,91.0,54.0,38.0,-5.7,-27.6,2.0,0.0,256.7788,4770.9458,77.9,10539784534.0,19651866240000.0,2706393120000.0,3495008160000.0,3495008160000.0,28096320000.0,1965357120000.0,-1937260800000.0,60088260480000.0,50284740480000.0,3196018560000.0,-9166362240000.0,-5970343680000.0,2026-06-30,TTM-gabungan,USD
MTEL,Dayamitra Telekomunikasi Tbk,,Communication Services,Ya,JUAL,63.0,,442,16.7,1.11,1.05,0.58,6.48,7.6,6.0,5.8,0.65,35.7,19.74,9.6,0.2,35.4,462,499.0,0.0,-3.5,5.2,2026-10-06,49.45,42.55,22.18,3.59,4.74,0.41,0.41,2.85,14.97,3.12,12.6,94.98,0.33,68.0,71.0,38.0,60.0,84.0,7.2,5.9,3.0,-0.9,26.4368,396.6804,25.65,80798831544.0,9629066000000.0,2136061000000.0,3492212000000.0,3492212000000.0,20990518000000.0,1952092000000.0,16552274000000.0,60105879000000.0,32051309000000.0,6670152000000.0,-2171742000000.0,4498410000000.0,2026-06-30,TTM-gabungan,IDR
ROTI,Nippon Indosari Corpindo Tbk,,Consumer Defensive,Ya,TIPIS,53.0,"laba-30%,payout>100",565,16.7,1.99,1.72,1.0,9.79,-92.4,4.8,14.17,0.62,3.2,0.54,0.3,0.33,37.4,583,636.0,0.1,0.5,-0.1,2026-10-06,52.83,7.95,5.07,5.31,2.23,0.86,0.66,5.13,11.17,2.48,11.65,236.8,0.22,55.0,62.0,59.0,23.0,69.0,-1.5,-15.7,1.0,-0.75,33.918,283.7427,80.04,5622275488.0,3758776254508.0,190696149628.0,355576167515.0,307926169624.0,994998377395.0,168660100381.0,794332087119.0,3471188331300.0,1595279769447.0,472600038424.0,-102535200085.0,370064838339.0,2026-06-30,TTM-gabungan,IDR
MIKA,Mitra Keluarga Karyasehat Tb,,Healthcare,Ya,JUAL,76.0,,1710,16.9,3.25,1.0,1.89,19.97,15.2,11.0,2.51,0.0,23.8,2.9,5.2,0.1,42.2,1797,1954.0,-0.2,-1.5,5.7,2026-10-06,54.12,30.57,25.28,15.06,-1.35,2.78,2.74,106.45,9.96,1.48,3.64,42.41,0.58,50.0,92.0,99.0,64.0,76.0,9.9,10.6,2.0,-0.01,101.328,525.3996,43.0,13906650800.0,5573825619611.0,1409133398526.0,2102874808408.0,1887986954545.0,9294010627.0,2852486747389.0,-2843192736762.0,9983144487218.0,7306548427693.0,2079519261437.0,-1213365996853.0,866153264584.0,2026-06-30,TTM-gabungan,IDR
PORT,Nusantara Pelabuhan Handal T,,Industrials,Ya,TIPIS,69.0,,950,17.1,2.14,1.6,1.08,13.66,99.6,13.3,0.0,0.72,2.7,0.04,0.0,0.07,57.1,912,945.0,0.0,0.0,0.0,2026-10-06,30.93,24.01,12.39,6.66,1.12,3.83,3.5,4.08,9.37,2.19,12.51,0.0,0.02,46.0,78.0,77.0,80.0,71.0,-0.3,84.4,2.0,0.0,55.5153,444.1213,,2813941985.0,1260791109000.0,156216965000.0,323664200000.0,312951832000.0,895913536000.0,534951920000.0,360961616000.0,2402156513000.0,1249731511000.0,341619422000.0,-7179927000.0,334439495000.0,2026-06-30,TTM,IDR
DATA,Remala Abadi Tbk.,,Communication Services,Ya,JUAL,67.0,FCF-,1570,17.1,5.21,1.08,2.73,37.24,137.4,50.4,0.0,1.14,2.2,1.61,2.7,0.44,36.0,1815,2735.0,0.2,-0.5,-0.4,2026-10-06,74.04,43.05,26.65,15.95,2.13,0.38,0.26,8.03,12.09,1.56,-8.03,0.0,1.88,39.0,98.0,51.0,100.0,32.0,27.1,57.8,3.0,0.0,91.9865,301.3748,,1375000000.0,474690868218.0,126481411985.0,216640870646.0,207646664610.0,473500726261.0,9786961354.0,460842040597.0,1111678383877.0,414390341969.0,197714873853.0,-371016208067.0,-173301334214.0,2026-06-30,TTM,IDR
MKPI,Metropolitan Kentjana Tbk,,Real Estate,Ya,TIPIS,71.0,,21000,17.1,2.47,1.6,2.52,15.16,-2.0,-0.8,4.52,0.0,19.9,0.04,0.9,1.01,23.6,21800,21925.0,-0.9,-0.9,-0.2,2026-10-06,54.43,37.68,44.14,12.4,-2.64,2.51,2.5,19424.8,13.9,1.4,6.64,59.19,0.19,35.0,87.0,99.0,62.0,84.0,10.1,17.0,3.0,0.0,1229.8966,8496.1665,950.0,948194000.0,2641773789307.0,1166180585410.0,1204099792132.0,1202395044120.0,2195456847.0,3175760511173.0,-3173565054326.0,9872185873877.0,8056014062870.0,1627078993691.0,-305609963768.0,1321469029923.0,2026-03-31,TTM-gabungan,IDR
KEJU,Mulia Boga Raya Tbk.,,Consumer Defensive,Ya,TIPIS,64.0,FCF-,595,17.3,3.92,1.78,1.96,23.48,-10.3,31.4,2.69,0.12,3.3,0.1,0.1,0.23,50.9,589,573.0,0.0,-0.0,-0.0,2026-10-06,27.75,13.0,10.84,16.02,-0.27,1.77,0.99,178.67,13.26,0.79,-4.13,46.48,1.9,35.0,75.0,91.0,64.0,49.0,13.0,15.2,2.0,-0.1,34.4314,151.8316,16.0,5619216099.0,1785035822928.0,193477297396.0,247075851208.0,246936186657.0,100000000000.0,166673078923.0,-66673078923.0,1338082633118.0,853174480968.0,153186891796.0,-291291192895.0,-138104301099.0,2026-06-30,TTM-gabungan,IDR
DAAZ,Daaz Bara Lestari Tbk.,,Basic Materials,Tidak,WSE,43.0,"FCF-,kas<laba",2200,17.5,2.62,1.52,1.4,15.39,,,1.77,1.73,4.4,0.7,1.3,4.03,83.2,1685,2252.0,0.1,-0.1,-0.2,2026-10-06,6.29,4.39,1.8,4.29,3.96,1.63,1.33,2.57,11.83,0.45,-5.17,28.47,3.01,42.0,43.0,44.0,44.0,42.0,27.4,-11.5,1.0,0.0,125.5795,839.8855,39.0,1997000000.0,13894201971300.0,250782248123.0,558126408443.0,552980978545.0,2909200288487.0,701016306291.0,2208183982196.0,6554482086832.0,1677251342479.0,113294051067.0,-340574268831.0,-227280217764.0,2026-03-31,TTM-gabungan,IDR
BNLI,Bank Permata Tbk,,Financial Services,Tidak,TIPIS,52.0,,1925,19.0,1.54,1.43,1.75,8.26,1.3,-3.6,1.82,0.27,69.6,0.05,0.1,0.96,31.7,2124,3177.0,0.0,-0.0,-0.1,2026-10-06,,,29.67,1.36,,,,,,-2.13,-11.79,34.31,,36.0,48.0,,61.0,83.0,4.9,21.2,3.0,0.0,101.1931,1247.8795,35.0,36181312782.0,12338621000000.0,3661299000000.0,,,12226421000000.0,23112912000000.0,-10886491000000.0,272625732000000.0,45149918000000.0,-7813292000000.0,-400427000000.0,-8213719000000.0,2026-06-30,TTM-gabungan,IDR
MMLP,Mega Manunggal Property Tbk.,,Real Estate,Ya,TIPIS,59.0,,292,19.3,0.43,1.8,0.44,2.23,125.5,9.0,3.98,0.34,2.0,1.5,0.5,1.23,41.6,300,373.0,-0.0,0.0,-0.6,2026-10-06,96.06,53.6,28.2,1.58,5.29,1.62,1.62,1.83,13.11,1.17,6.05,0.0,0.0,60.0,62.0,58.0,51.0,65.0,2.1,-16.2,1.0,0.0,15.1577,686.8514,11.61,6889134608.0,370237002000.0,104423439000.0,257435916000.0,255745844000.0,1594900801000.0,179229459000.0,1362508956000.0,6676166544000.0,4731811884000.0,122028164000.0,-343823000.0,121684341000.0,2026-06-30,TTM,IDR
MDIY,Daya Intiguna Yasa Tbk.,,Consumer Cyclical,Ya,TIPIS,73.0,,925,19.5,5.4,1.96,3.33,31.4,26.0,26.4,3.81,0.53,23.3,0.56,0.5,0.11,39.6,942,909.0,0.1,0.2,1.0,2026-10-06,53.11,19.55,13.5,16.22,0.14,1.3,0.5,9.91,8.47,1.84,6.42,37.2,0.32,36.0,91.0,76.0,88.0,84.0,52.9,121.3,3.0,0.0,47.3691,171.2432,35.24,25190392000.0,8835580000000.0,1193245000000.0,2797246000000.0,1741659000000.0,2291644000000.0,911480000000.0,390305000000.0,8288984000000.0,4313683000000.0,2193073000000.0,-697989000000.0,1495084000000.0,2026-06-30,TTM-gabungan,IDR
FAPA,FAP Agri Tbk.,,Consumer Defensive,Tidak,TIPIS,62.0,FCF-,7350,19.6,6.17,2.02,3.08,37.42,82.6,34.2,0.95,1.2,25.6,0.0,0.0,0.36,38.0,7410,6866.0,0.0,0.0,0.2,2026-10-06,31.87,24.03,15.44,12.34,1.86,0.84,0.5,6.25,13.76,1.39,-0.25,19.29,1.03,26.0,92.0,54.0,82.0,54.0,16.2,14.5,2.0,0.0,374.133,1191.8286,70.0,3484989800.0,8441989390995.0,1303849708188.0,2151673401776.0,2149281209578.0,4963962339325.0,963658959391.0,4000252254934.0,10986702062123.0,4153510680154.0,1808588477971.0,-1871811039388.0,-63222561417.0,2026-06-30,TTM-gabungan,IDR
BRAM,Indo Kordsa Tbk,,Consumer Cyclical,Ya,TIPIS,61.0,,4640,19.8,0.55,1.99,0.34,2.77,-9.5,8.9,4.31,0.01,2.1,0.0,0.0,0.38,51.4,4595,4447.0,0.0,-0.0,-0.0,2026-10-06,13.05,4.46,4.09,2.09,-1.85,2.31,1.55,73.13,8.08,4.65,14.78,84.46,0.37,60.0,49.0,97.0,27.0,85.0,-28.2,,0.0,0.0,234.7592,8427.2317,200.0,450056980.0,2584594418400.0,105655003680.0,210378974880.0,199817902080.0,43904496000.0,432772944960.0,-388868448960.0,5020930061760.0,3792734437920.0,491514127200.0,-182879923680.0,308634203520.0,2026-06-30,TTM-gabungan,USD
SILO,Siloam International Hospita,,Healthcare,Ya,JUAL,65.0,,1940,20.4,2.45,1.21,1.42,12.94,22.3,14.8,0.0,0.24,25.2,1.9,3.8,0.52,38.1,2143,2409.0,-0.8,-2.4,-10.9,2026-10-06,38.7,14.29,9.16,8.47,0.3,0.72,0.68,15.64,9.01,2.0,2.47,0.0,0.75,45.0,74.0,76.0,70.0,58.0,10.5,16.9,2.0,-0.01,95.2086,791.6194,,12987503744.0,13505885000000.0,1236522000000.0,2890955000000.0,1825470000000.0,2450355000000.0,1226974000000.0,854207000000.0,15832534000000.0,10281160000000.0,2474830000000.0,-1851564000000.0,623266000000.0,2026-06-30,TTM-gabungan,IDR
MASB,Bank Multiarta Sentosa Tbk.,,Financial Services,Tidak,TIPIS,42.0,,3130,20.6,1.07,1.55,1.22,5.27,5.0,14.2,0.73,0.0,4.4,0.01,0.0,0.4,23.4,3350,3304.0,-0.0,-0.0,0.0,2026-10-06,,,18.99,0.68,,,,,,-0.92,-5.74,0.0,,41.0,38.0,,39.0,59.0,7.8,-12.3,0.0,0.0,151.934,2938.7062,23.0,1402010763.0,1121731102383.0,213013063329.0,,,5802894000.0,4521361249983.0,-4515558355983.0,32061610597665.0,4120097664537.0,-196601799365.0,-55387485988.0,-251989285353.0,2026-06-30,TTM-gabungan,IDR
RAJA,Rukun Raharja Tbk,Hapsoro,Utilities,Ya,JUAL,73.0,,675,20.8,3.67,0.81,1.0,19.13,205.1,23.4,1.19,1.36,14.3,62.95,47.1,1.29,36.4,800,873.0,-3.2,-12.1,-2.8,2026-10-06,30.24,17.13,14.3,7.43,2.16,1.34,1.33,6.2,12.24,1.43,2.23,40.66,0.68,59.0,81.0,62.0,91.0,71.0,28.2,45.6,2.0,0.0,32.4693,184.0131,8.0,21135412500.0,4799043796800.0,686251923360.0,1415314681920.0,1377618975360.0,5276625470400.0,2198304206400.0,3061935372960.0,11120587534080.0,3889193473440.0,980101033440.0,-661736143680.0,318364889760.0,2026-06-30,TTM,USD
MBSS,Mitrabahtera Segara Sejati T,,Industrials,Tidak,HOLD,54.0,FCF-,4400,20.8,1.87,1.94,0.94,9.51,-4.5,-5.0,0.0,0.13,7.7,3.13,11.1,5.5,96.2,2891,2382.0,-3.9,-10.4,-12.7,2026-10-06,22.74,11.18,48.22,8.33,-3.7,8.68,8.61,16.77,14.04,0.65,-7.02,0.0,3.24,39.0,61.0,98.0,29.0,33.0,-15.1,-1.8,1.0,0.0,212.0031,2346.9528,,1750026639.0,769344583547.0,371011133926.0,434108566673.0,428686061073.0,536697667269.0,2143663675475.0,-1606966008206.0,4790095932760.0,4107229924883.0,241196094498.0,-782032100542.0,-540836006044.0,2026-06-30,TTM-gabungan,IDR
DEPO,Caturkarda Depo Bangunan Tbk,,Consumer Cyclical,Ya,TIPIS,51.0,laba-30%,234,21.3,1.16,2.14,0.72,5.58,-65.5,-19.2,0.64,0.23,1.6,0.35,0.1,1.24,46.0,243,249.0,0.0,0.0,0.0,2026-10-06,20.28,1.92,2.65,3.27,0.15,1.73,0.62,5.06,9.15,2.46,5.8,0.0,0.5,47.0,49.0,78.0,21.0,69.0,4.0,-9.3,1.0,0.0,11.0067,201.8798,1.5,6790000000.0,2817430207638.0,74735365408.0,176638019598.0,110894110507.0,318006441819.0,161068531607.0,26752568392.0,2294438442176.0,1370764106005.0,183767900493.0,-91689072051.0,92078828442.0,2026-03-31,TTM-gabungan,IDR
ADES,Akasha Wira International Tb,,Consumer Defensive,Ya,TIPIS,71.0,,34900,21.6,5.83,2.23,2.92,32.19,87.9,90.7,0.0,0.0,20.6,0.02,0.7,0.79,58.4,33352,23436.0,-0.3,-0.7,-0.6,2026-10-06,51.41,30.96,26.78,26.37,-0.78,3.38,2.69,604023.5,16.12,0.65,0.86,0.0,0.71,21.0,85.0,99.0,96.0,55.0,28.3,26.7,3.0,0.0,1619.4816,5985.6724,,589896800.0,3567807000000.0,955327000000.0,1218316000000.0,1208047000000.0,7000000.0,950446000000.0,-950439000000.0,4352224000000.0,3530929000000.0,622149000000.0,-444759000000.0,177390000000.0,2026-06-30,TTM-gabungan,IDR
PNBS,Bank Panin Dubai Syariah Tbk,,Financial Services,Ya,TIPIS,45.0,,42,21.8,0.54,1.65,0.61,2.54,135.4,51.0,0.0,0.0,1.6,5.32,0.2,1.01,25.7,49,51.0,0.0,-0.0,-0.0,2026-10-06,,,14.33,0.39,,,,,,-7.02,-33.61,0.0,,55.0,27.0,,48.0,59.0,-9.8,-56.9,0.0,0.0,1.9236,77.5274,,38813641319.0,520943574000.0,74663193000.0,,,10284157000.0,1148689238000.0,-1138405081000.0,20460630487000.0,3009121630000.0,-524481965000.0,-23463913000.0,-547945878000.0,2026-06-30,TTM-gabungan,IDR
TBIG,Tower Bersama Infrastructure,,Communication Services,Tidak,TIPIS,49.0,,1430,22.4,2.5,1.41,1.31,12.47,7.8,0.6,3.29,2.32,32.3,0.28,0.4,0.7,45.1,1445,1614.0,-0.0,-0.0,0.8,2026-10-06,71.5,62.32,20.81,3.09,8.22,0.16,0.14,1.74,17.32,3.53,6.85,73.16,0.57,42.0,77.0,15.0,40.0,77.0,1.9,-4.5,1.0,1.23,63.7434,571.3895,47.0,22592481545.0,6919334000000.0,1440122000000.0,3549392000000.0,3455768000000.0,29923179000000.0,700340000000.0,29178049000000.0,48241918000000.0,12909106000000.0,5087828000000.0,-2874691000000.0,2213137000000.0,2026-06-30,TTM-gabungan,IDR
RMKE,RMK Energy Tbk.,,Energy,Ya,WSE,59.0,,332,22.8,3.76,1.16,2.25,17.21,105.5,130.8,1.81,0.55,7.3,67.74,26.6,0.45,25.9,405,657.0,-0.9,-4.8,-14.7,2026-10-06,16.26,13.59,9.86,11.1,1.13,2.79,2.74,8.37,16.76,0.91,0.18,41.11,0.95,36.0,73.0,83.0,48.0,59.0,-6.7,-14.7,0.0,0.0,14.5813,88.3978,6.0,21875000000.0,3233965567262.0,318965209281.0,464752171743.0,462451776342.0,1073050515844.0,547270597945.0,524844165828.0,3484591001963.0,1933701673079.0,289648627694.0,-276327365390.0,13321262304.0,2026-06-30,TTM-gabungan,IDR
BVIC,Bank Victoria International ,,Financial Services,Tidak,TIPIS,37.0,"laba-30%,dilusi",87,23.0,0.37,1.74,0.42,1.68,-31.2,32.5,0.0,0.91,1.6,2.16,0.2,0.28,37.3,92,104.0,0.0,0.0,0.2,2026-10-06,,,7.72,0.21,,,,,,5.17,21.0,0.0,0.07,58.0,19.0,,40.0,22.0,4.6,-16.5,2.0,16.22,3.79,235.0151,,18419418828.0,903742954000.0,69808869000.0,,,3932425170000.0,2793339196000.0,1116258492000.0,34929016613000.0,4328841561000.0,361221836000.0,-24697837000.0,336523999000.0,2026-06-30,TTM-gabungan,IDR
ABDA,Asuransi Bina Dana Arta Tbk.,,Financial Services,Tidak,TIPIS,47.0,,4900,23.4,1.69,1.77,1.92,7.7,128.4,29.4,0.0,,3.0,0.01,0.0,0.13,70.4,4249,3373.0,0.0,0.0,0.0,2026-10-06,,,12.1,4.63,,,,,,0.53,1.99,0.0,0.13,25.0,47.0,,70.0,59.0,9.6,3.1,1.0,0.0,209.3184,2898.0792,,620806680.0,1073798126000.0,129946251000.0,,,,438318306000.0,,2843120268000.0,1799146949000.0,69379006000.0,-8715942000.0,60663064000.0,2026-06-30,TTM-gabungan,IDR
HEAL,Medikaloka Hermina Tbk.,,Healthcare,Ya,JUAL,55.0,FCF-,620,23.8,1.71,1.41,0.99,7.88,-26.3,7.9,2.18,0.66,9.5,10.78,7.0,1.06,38.6,696,1040.0,-2.2,-5.7,-33.6,2026-10-06,33.88,12.42,5.41,3.49,2.47,1.27,1.2,4.12,10.12,3.04,-3.64,52.1,1.28,50.0,60.0,63.0,54.0,47.0,13.3,12.9,2.0,2.39,26.0977,361.7184,13.5,15245698700.0,7354386000000.0,397878000000.0,1235427000000.0,950725000000.0,3638122000000.0,571787000000.0,3050370000000.0,11992249000000.0,5514650000000.0,1208342000000.0,-1552094000000.0,-343752000000.0,2026-06-30,TTM-gabungan,IDR
SOHO,Soho Global Health Tbk.,,Healthcare,Ya,TIPIS,67.0,payout>100,1320,24.5,6.83,1.45,3.97,26.47,16.5,9.2,5.5,0.0,16.8,0.45,0.8,1.63,43.9,1320,1689.0,-0.0,0.0,0.3,2026-10-06,18.36,7.78,6.22,12.34,-0.77,1.69,1.18,6922.06,17.26,1.38,5.38,135.7,0.04,34.0,78.0,93.0,73.0,60.0,13.9,18.9,3.0,0.0,53.8056,193.4025,72.6,12691682390.0,10972612000000.0,682883000000.0,929260000000.0,879101000000.0,4504000000.0,720577000000.0,-716073000000.0,5594308000000.0,2454603000000.0,939657000000.0,-38726000000.0,900931000000.0,2026-06-30,TTM,IDR
SOCI,Soechi Lines Tbk.,,Industrials,Ya,HOLD,48.0,,625,24.7,0.6,2.31,0.3,2.48,7.3,-21.7,0.32,0.38,4.4,25.48,16.5,0.61,52.4,566,488.0,-0.9,-5.7,17.6,2026-10-06,28.64,21.43,6.73,1.68,4.69,0.68,0.55,2.01,14.15,4.21,4.0,8.2,0.77,45.0,55.0,41.0,45.0,64.0,2.5,5.8,2.0,0.0,25.3027,1035.2994,2.0,7059000000.0,2654879067840.0,178611716160.0,466415926080.0,418729491360.0,2745830603040.0,156254504640.0,2185825657440.0,10580716514400.0,7308178514880.0,751652963520.0,-575087607840.0,176565355680.0,2026-03-31,TTM-gabungan,USD
INDS,Indospring Tbk,,Consumer Cyclical,Ya,TIPIS,56.0,,244,25.0,0.47,2.51,0.29,1.88,63.2,25.4,2.05,0.07,1.6,1.28,0.3,1.65,40.5,263,455.0,-0.1,-0.1,-1.3,2026-10-06,13.16,3.48,1.79,1.43,1.21,2.68,1.13,8.28,11.56,2.2,1.52,51.28,0.83,49.0,43.0,85.0,49.0,68.0,-3.2,-28.4,1.0,0.0,9.747,521.5716,5.0,6562497100.0,3576358688541.0,63964696017.0,154716784216.0,130638602282.0,250973563667.0,57341500501.0,187081950304.0,4626400439644.0,3422811992077.0,140669225705.0,-116328254924.0,24340970781.0,2026-06-30,TTM,IDR
SHIP,Sillo Maritime Perdana Tbk.,,Energy,Tidak,TIPIS,45.0,"FCF-,laba-30%",2580,25.0,2.59,1.27,1.55,10.55,-46.3,31.4,1.36,2.36,7.0,0.11,0.3,0.75,53.3,2367,3069.0,0.0,0.0,-0.1,2026-10-06,26.53,20.24,7.85,2.84,7.43,1.32,1.32,2.22,17.06,5.11,-27.64,33.79,2.35,37.0,67.0,29.0,45.0,39.0,8.9,-1.6,1.0,0.0,103.005,994.4027,35.0,2719790000.0,3569842584000.0,280151834400.0,728113966080.0,696664202880.0,6378889747200.0,881656607520.0,5407420428960.0,11133760055040.0,2704566557280.0,1432619173440.0,-3372173251200.0,-1939554077760.0,2026-06-30,TTM,USD
POLI,Pollux Hotels Group Tbk.,,Real Estate,Ya,TIPIS,41.0,kas<laba,875,25.0,0.82,2.34,0.84,3.34,8.1,-20.1,0.0,0.65,1.8,0.04,0.0,1.07,48.2,842,964.0,0.0,0.0,0.0,2026-10-06,45.39,29.71,12.8,1.67,6.64,1.85,0.3,1.93,15.2,0.16,0.14,0.0,0.79,39.0,38.0,47.0,34.0,51.0,23.0,-23.4,1.0,0.0,35.0329,1065.0241,,2010526400.0,550080529253.0,70434584173.0,205571690365.0,193193860041.0,1386625965904.0,21002331891.0,1365623634013.0,4146691417522.0,2141259089731.0,11306976961.0,-8891390262.0,2415586699.0,2026-06-30,TTM,IDR
IMAS,Indomobil Sukses Internasion,Salim,Consumer Cyclical,Tidak,TIPIS,26.0,"OCF-,FCF-,DER>3,bunga<1.5,laba-30%",825,25.6,0.24,2.57,0.15,0.95,-69.9,12.8,0.48,3.89,3.3,0.11,0.1,0.59,36.5,875,985.0,0.0,0.0,-0.2,2026-10-06,19.97,8.21,0.41,0.17,13.67,0.96,0.73,1.21,14.59,-12.72,-135.72,0.0,,43.0,11.0,16.0,28.0,37.0,6.0,-33.2,1.0,0.0,32.21,3436.9178,4.0,3994291039.0,31473531000000.0,128656000000.0,3546521000000.0,3129620000000.0,53374482000000.0,4701634000000.0,48463676000000.0,80796292000000.0,13728050000000.0,-1636176000000.0,-2836322000000.0,-4472498000000.0,2026-03-31,TTM,IDR
ALII,Ancara Logistics Indonesia T,,Industrials,Tidak,TIPIS,65.0,kas<laba,705,25.9,5.21,2.42,2.62,21.43,41.6,23.4,1.84,0.14,11.2,0.92,0.7,0.12,41.4,760,827.0,0.2,0.4,0.8,2026-10-06,44.94,36.1,42.93,14.73,0.37,1.62,1.62,23.2,18.95,0.18,0.17,47.69,0.75,20.0,72.0,91.0,86.0,66.0,13.1,31.8,3.0,0.0,27.262,135.4366,13.0,15825800000.0,1005059700000.0,431442600000.0,600263038000.0,600263038000.0,310543148000.0,58599450000.0,220308550000.0,3163802320000.0,2143392470000.0,77086865000.0,-57768337000.0,19318528000.0,2026-06-30,TTM-gabungan,IDR
CBUT,Citra Borneo Utama Tbk.,,Consumer Defensive,Tidak,TIPIS,42.0,,925,26.1,2.48,2.69,1.24,10.07,11.6,-0.5,0.0,1.87,2.9,0.54,0.5,0.06,48.3,895,887.0,-0.0,-0.0,-0.3,2026-10-06,14.37,2.51,0.8,2.69,5.13,1.23,0.91,2.06,14.04,4.59,8.94,0.0,0.49,28.0,51.0,34.0,39.0,73.0,13.2,-21.9,1.0,0.0,35.5011,372.7046,,3125000000.0,13952874000000.0,110941000000.0,324250000000.0,308453000000.0,2183035000000.0,342315000000.0,1661844000000.0,4035432000000.0,1164702000000.0,508882000000.0,-250404000000.0,258478000000.0,2026-03-31,TTM,IDR
PACK,Abadi Nusantara Hijau Invest,,Consumer Cyclical,Ya,WSE,52.0,"OCF-,FCF-",470,26.3,7.13,2.64,4.4,35.06,,,0.0,0.01,0.8,195.01,105.4,2.46,44.9,432,516.0,-44.6,-116.9,-309.1,2026-10-06,2.04,0.64,13.19,1.86,-1.98,0.05,0.05,534.64,21.21,-0.79,-3.31,0.0,,15.0,43.0,77.0,92.0,34.0,69.9,140.6,2.0,3.52,17.8908,65.9603,,1597398988.0,216588323439.0,28578766364.0,32364994940.0,32239746019.0,1150019744.0,65361870398.0,-64211850654.0,2999626692839.0,105364902399.0,-22471937167.0,-2349256786.0,-24821193953.0,,Tahunan,IDR
CTBN,Citra Tubindo Tbk,,Energy,Ya,TIPIS,57.0,"bunga<1.5,laba-30%,payout>100",2840,26.3,1.25,1.34,0.75,3.94,-98.9,-73.4,16.37,0.02,2.3,0.02,0.1,0.62,18.8,3429,5003.0,-0.0,-0.0,-0.2,2026-10-06,17.6,3.86,2.62,2.76,-8.08,2.89,2.08,-363.88,9.61,7.83,26.79,518.42,0.1,63.0,46.0,78.0,38.0,69.0,27.4,,2.0,0.0,108.1655,2279.4758,465.0,800371500.0,3309151234080.0,86572594080.0,128451082560.0,122049597120.0,41586549600.0,1079958427200.0,-1038371877600.0,2658433944960.0,1824427435200.0,677783866560.0,-68900186400.0,608883680160.0,2026-06-30,TTM-gabungan,USD
NSSS,Nusantara Sawit Sejahtera Tb,,Consumer Defensive,Ya,JUAL,66.0,,740,26.4,7.74,2.72,3.87,35.16,18.9,11.9,1.35,0.7,17.6,3.63,2.8,0.75,44.5,856,849.0,-0.2,-1.0,1.9,2026-10-06,51.16,45.25,31.55,16.53,1.25,1.65,1.09,6.74,19.94,1.22,3.74,28.5,0.17,18.0,95.0,74.0,78.0,77.0,21.1,109.7,2.0,0.0,28.0707,95.5648,10.0,23801568645.0,2117578745631.0,668126188017.0,942364113055.0,937177530835.0,1596153000000.0,402311000000.0,1181166000000.0,4297847000000.0,2274593000000.0,814375966883.0,-135417000000.0,659103936701.0,2026-06-30,TTM-gabungan,IDR
DAYA,Duta Intidaya Tbk.,,Consumer Cyclical,Ya,TIPIS,57.0,FCF-,1100,27.0,13.94,2.71,8.6,74.16,160.5,30.7,0.0,2.1,2.7,0.01,0.0,2.06,52.9,1057,1096.0,-0.0,0.0,0.0,2026-10-06,34.18,5.95,3.2,8.82,0.37,0.86,0.32,5.63,8.37,1.15,-0.26,0.0,1.06,23.0,70.0,51.0,96.0,46.0,33.6,,3.0,0.0,40.6992,78.9301,,2420547025.0,3083241793000.0,98514291000.0,332912347000.0,169713538000.0,400590016000.0,72051411000.0,122948589000.0,1231917326000.0,191054128000.0,113070273000.0,-120096410000.0,-7026137000.0,2026-06-30,TTM-gabungan,IDR
BBMD,Bank Mestika Dharma Tbk.,,Financial Services,Tidak,TIPIS,38.0,,2040,27.3,1.53,2.06,1.74,5.71,-3.4,1.3,1.09,0.03,8.2,0.01,0.0,0.06,56.5,1994,1965.0,0.0,0.0,0.0,2026-10-06,,,30.47,1.85,,,,,,1.52,5.01,29.89,0.1,25.0,44.0,,25.0,81.0,-3.8,-15.1,0.0,0.05,74.6958,1329.1415,22.33,4029124600.0,987587615793.0,300958618528.0,,,141191755225.0,800275462140.0,-659083706915.0,16214525048021.0,5355276808218.0,457753925074.0,-46368296594.0,411385628480.0,2026-06-30,TTM-gabungan,IDR
TEBE,Dana Brata Luhur Tbk.,,Industrials,Ya,HOLD,57.0,"bunga<1.5,payout>100",2690,27.6,3.33,2.58,1.67,11.8,7555.5,28.9,5.8,0.0,3.5,24.27,52.2,0.0,76.3,1675,1455.0,0.0,13.1,6.1,2026-10-06,35.42,28.91,25.58,11.14,-2.56,12.83,12.56,-706.2,17.85,1.03,3.62,160.21,0.03,30.0,79.0,76.0,43.0,54.0,-14.8,-25.8,0.0,0.0,97.3684,807.0416,156.0,1285000000.0,489155043000.0,125118439000.0,169326626000.0,168970508000.0,0.0,433412670000.0,-433412670000.0,1094844372000.0,1037048454000.0,128330579000.0,-3273434000.0,125057145000.0,2026-06-30,TTM-gabungan,IDR
BYAN,Bayan Resources Tbk,,Energy,Ya,JUAL,62.0,,12250,27.7,9.26,1.41,5.54,33.81,0.7,3.2,3.77,0.0,408.3,3.14,38.8,0.46,48.2,12947,12895.0,0.5,0.1,-156.9,2026-10-06,33.72,30.8,23.38,23.59,-0.86,1.8,1.52,,20.34,1.07,3.05,59.6,0.21,30.0,94.0,95.0,21.0,76.0,-10.0,-29.4,0.0,0.0,441.6517,1322.2601,462.13,33333335000.0,62974083235200.0,14721723149280.0,19262026656480.0,19225704561600.0,0.0,16582757780640.0,-16582757780640.0,67134717387360.0,44075338692960.0,15701840237760.0,-3256871512800.0,12444968724960.0,2026-06-30,TTM-gabungan,USD
BNBR,Bakrie & Brothers Tbk,Bakrie,Industrials,Tidak,WSE,33.0,"OCF-,FCF-,DER>3,laba-30%",73,28.5,3.27,2.66,1.64,12.72,-78.2,19.0,0.0,4.38,12.7,839.6,70.8,0.37,24.8,94,125.0,4.2,-15.6,-16.0,2026-10-06,22.97,4.01,11.32,2.84,16.89,1.31,1.12,1.94,29.68,-0.97,-4.17,0.0,,18.0,36.0,24.0,53.0,42.0,1.1,22.9,2.0,0.0,2.5624,22.3055,,173420223169.0,3924356000000.0,444372000000.0,989673000000.0,966323000000.0,16924774000000.0,206755000000.0,16711671000000.0,24219911000000.0,3868232000000.0,-432762000000.0,-177987000000.0,-527695000000.0,2026-03-31,TTM,IDR
RATU,Raharja Energi Cepu Tbk.,Hapsoro,Energy,Ya,JUAL,65.0,,4240,29.2,11.44,1.48,6.85,45.16,508.5,22.9,1.06,2.78,11.5,7.32,32.2,0.87,47.9,4511,5948.0,-2.2,-5.6,-52.5,2026-10-06,56.61,48.79,44.5,14.99,2.61,2.39,2.39,15.28,19.89,0.81,2.48,30.73,0.11,24.0,90.0,62.0,87.0,72.0,,34.9,2.0,0.0,145.0034,370.589,45.0,2715053800.0,884609438400.0,393691905120.0,666214896000.0,665788904640.0,2792965856160.0,1056628855680.0,1736337000480.0,4116732817440.0,1006168948320.0,320127498720.0,-34119695040.0,286007803680.0,2026-06-30,TTM,USD
SGRO,Prime Agri Resources Tbk.,,Consumer Defensive,Ya,TIPIS,58.0,,4210,29.4,1.49,3.03,0.74,4.82,32.1,3.1,4.58,0.22,7.7,0.02,0.1,0.38,36.3,4496,4840.0,-0.0,0.0,-0.2,2026-10-06,30.78,12.54,4.29,2.74,0.07,1.0,0.66,6.89,8.34,6.97,17.87,69.42,0.25,48.0,57.0,75.0,42.0,88.0,4.4,-30.0,1.0,0.0,143.2519,2818.4081,193.0,1818622000.0,6076343000000.0,260521000000.0,925682000000.0,903266000000.0,1132141000000.0,1523094000000.0,62581000000.0,8676575000000.0,5125619000000.0,1816332000000.0,-448129000000.0,1368203000000.0,2026-06-30,TTM,IDR
BBHI,Allo Bank Indonesia Tbk.,,Financial Services,Tidak,JUAL,54.0,,790,29.4,2.33,2.22,2.65,7.89,15.2,38.3,1.68,0.0,17.1,7.43,6.7,0.14,32.4,887,1132.0,-0.3,-0.9,0.1,2026-10-06,,,26.83,4.03,,,,,,-0.64,-2.36,48.91,,18.0,52.0,,86.0,89.0,37.3,28.6,3.0,-0.51,26.8703,339.5553,13.28,21617303942.0,2165111892608.0,580863997602.0,,,9477378730.0,2402544008636.0,-2393066629906.0,15571418074955.0,7340269094743.0,-374195902090.0,-29227883682.0,-403423785772.0,2026-06-30,TTM-gabungan,IDR
BIPI,Astrindo Nusantara Infrastru,,Energy,Tidak,JUAL,41.0,"OCF-,FCF-,bunga<1.5",127,29.5,0.97,1.5,0.58,3.28,26.6,-32.0,0.0,1.27,8.1,591.75,87.6,0.32,37.2,145,174.0,4.5,2.2,-65.1,2026-10-06,21.65,14.88,8.25,0.96,6.43,1.22,1.21,1.42,11.52,-4.27,-24.08,0.0,,50.0,26.0,32.0,63.0,33.0,75.2,74.3,1.0,0.0,4.3022,131.2519,,63710196917.0,3320747679360.0,274094218080.0,1592651052480.0,1584538710720.0,10624999032000.0,373722774240.0,10248529744800.0,27267863223840.0,8362087355520.0,-1170516773760.0,-778037787840.0,-1948554561600.0,2026-06-30,TTM-gabungan,USD
KEEN,Kencana Energi Lestari Tbk.,,Utilities,Ya,JUAL,49.0,laba-30%,850,30.7,0.97,1.19,0.26,3.21,-37.4,-13.9,0.97,0.56,3.1,7.32,6.4,1.1,42.6,882,921.0,-0.0,-0.2,-0.9,2026-10-06,54.99,44.48,17.8,1.59,7.27,1.56,1.56,2.26,20.01,1.04,4.48,30.53,0.01,52.0,59.0,50.0,21.0,73.0,-6.4,-14.8,2.0,0.0,27.7208,871.9071,8.22,3666312500.0,570909159360.0,101633180640.0,244564328640.0,243043539840.0,1804099516800.0,27114103200.0,1776985413600.0,6411593046720.0,3196683778560.0,105864180960.0,-1140067680.0,139529166720.0,2026-06-30,TTM,USD
BUMI,Bumi Resources Tbk,Bakrie,Energy,Ya,JUAL,45.0,"FCF-,kas<laba",178,31.2,2.24,1.58,1.34,7.26,94.2,28.8,0.0,0.44,66.1,2740.24,542.7,0.55,41.4,189,230.0,20.1,-37.5,-216.3,2026-10-06,17.85,9.61,7.4,2.76,1.58,1.29,1.19,6.41,14.93,0.02,-5.34,0.0,76.35,32.0,34.0,73.0,51.0,32.0,-8.0,-46.4,2.0,0.0,5.7133,79.6278,,371335392068.0,28657270115040.0,2121543941280.0,4951803026880.0,4921791805920.0,13017955413600.0,3191287438080.0,7827961127520.0,81571967268000.0,29568637426560.0,46859990880.0,-3577638566880.0,-3530778576000.0,2026-06-30,TTM-gabungan,USD
AMMN,Amman Mineral Internasional ,LQ45,Basic Materials,Tidak,JUAL,39.0,"FCF-,kas<laba",4210,31.3,3.13,2.72,1.67,10.29,299.7,377.9,0.0,1.18,304.9,93.48,444.0,0.73,37.8,4454,5159.0,18.1,-24.6,-125.8,2026-10-06,46.58,41.13,20.66,4.36,4.83,2.62,1.64,2.72,19.49,0.0,-6.56,0.0,1576.07,18.0,51.0,47.0,48.0,31.0,-13.3,-38.9,1.0,-0.15,134.3816,1345.549,,72412413856.0,47105007840000.0,9730899360000.0,20804827680000.0,20804827680000.0,115020704160000.0,14466780960000.0,100553923200000.0,248818807680000.0,97434450240000.0,12698400000.0,-20013619680000.0,-20000921280000.0,2026-03-31,TTM-gabungan,USD
ARTO,Bank Jago Tbk.,LQ45,Financial Services,Tidak,WSE,48.0,,770,31.6,1.18,2.38,1.34,3.84,71.4,28.9,0.0,0.2,10.7,15.03,13.6,0.79,24.9,1042,1351.0,-6.1,-12.8,-46.9,2026-10-06,,,11.73,0.92,,,,,,12.56,33.43,0.0,0.16,26.0,31.0,,94.0,59.0,23.5,158.9,3.0,0.0,24.4013,651.1965,,13861330900.0,2884200000000.0,338235000000.0,,,1829377000000.0,5268771000000.0,-3439394000000.0,41422771000000.0,9026450000000.0,4248301000000.0,-679777000000.0,3568524000000.0,2026-06-30,TTM-gabungan,IDR
KOTA,DMS Propertindo Tbk.,,Real Estate,Ya,BOW,57.0,FCF-,159,31.7,1.35,2.96,1.38,4.35,202.1,472.1,0.0,0.35,1.7,220.12,41.3,1.0,40.3,176,105.0,-5.6,-5.7,1.4,2026-10-06,71.39,39.48,35.16,2.97,4.57,2.38,2.24,3.21,22.7,0.92,-10.39,0.0,4.59,22.0,63.0,67.0,94.0,30.0,80.2,,2.0,-0.0,5.0114,117.7351,,10546043868.0,150327517371.0,52850235615.0,92508503515.0,79593465603.0,434199802533.0,11398729177.0,422801073356.0,1894011974180.0,1241639909811.0,48490912037.0,-222655922141.0,-174165010104.0,2026-03-31,TTM,IDR
BANK,Bank Aladin Syariah Tbk.,,Financial Services,Ya,TIPIS,39.0,laba-30%,240,31.9,1.02,2.41,1.16,3.27,-55.0,-8.0,0.0,0.3,3.4,2.94,0.7,0.58,36.2,265,480.0,-0.1,-0.7,-5.1,2026-10-06,,,14.05,0.84,,,,,,42.25,132.32,0.0,0.0,30.0,30.0,,46.0,68.0,126.9,,3.0,-3.64,7.5211,234.7991,,14089731085.0,754001000000.0,105970000000.0,,,1008580000000.0,3083316000000.0,999482000000.0,15142009000000.0,3308256000000.0,4477555000000.0,-3000000000.0,4474555000000.0,2026-06-30,TTM-gabungan,IDR
PANI,Pantai Indah Kapuk Dua Tbk.,Salim,Real Estate,Tidak,JUAL,57.0,"OCF-,FCF-",4660,33.5,2.91,3.13,2.97,10.03,2099.5,196.0,0.11,0.02,84.8,6.31,32.4,1.06,33.4,5698,8128.0,-7.5,0.6,-17.5,2026-10-06,68.66,61.07,45.24,5.1,-1.13,2.34,0.5,67.93,23.29,-0.12,-0.68,3.5,,12.0,48.0,92.0,100.0,33.0,95.5,102.5,3.0,7.25,139.1062,1601.5518,5.0,18189502198.0,5593172320000.0,2530273425000.0,3471707098000.0,3456116759000.0,452186319000.0,4367851960000.0,-3915665641000.0,50770322848000.0,29131430053000.0,-309513072000.0,-268604480000.0,-578117552000.0,2026-06-30,TTM-gabungan,IDR
NICL,PAM Mineral Tbk.,,Basic Materials,Ya,WSE,60.0,"laba-30%,payout>100",358,35.2,4.58,3.06,2.45,11.38,-98.6,-67.0,10.06,0.0,3.8,36.05,15.7,0.58,25.5,454,790.0,0.4,1.0,-7.3,2026-10-06,32.45,16.71,12.14,9.7,-1.48,2.98,2.78,823.0,21.62,1.83,4.29,206.49,0.17,23.0,75.0,100.0,48.0,59.0,8.6,32.0,2.0,0.0,10.1667,78.1565,36.0,10635644907.0,890842795346.0,108129870172.0,164862886083.0,156342586057.0,1398883674.0,245102648898.0,-243703765224.0,962049457755.0,831244696896.0,197590739564.0,-34180942207.0,163409797357.0,2026-06-30,TTM-gabungan,IDR
CUAN,Petrindo Jaya Kreasi Tbk.,Prajogo,Energy,Tidak,WSE,46.0,"OCF-,FCF-,DER>3",850,35.3,15.5,1.79,9.28,46.69,725.4,70.5,0.07,4.11,95.5,366.18,338.5,0.69,43.8,835,1212.0,-17.9,-67.1,-125.5,2026-10-06,14.34,3.67,10.23,6.64,4.13,1.84,1.66,2.62,24.96,-0.22,-7.3,0.0,,16.0,53.0,36.0,90.0,36.0,131.7,54.2,1.0,-0.02,24.0811,54.8543,0.58,112399199400.0,26455367040000.0,2706695040000.0,4587372480000.0,4536774240000.0,25334977440000.0,3911551200000.0,18959812320000.0,47030327040000.0,6165579360000.0,-597588480000.0,-6374383680000.0,-6971972160000.0,2026-06-30,TTM-gabungan,USD
BALI,Bali Towerindo Sentra Tbk.,,Communication Services,Ya,TIPIS,43.0,,1660,36.5,2.69,2.3,1.41,7.07,-26.2,-1.9,1.81,1.45,6.5,0.02,0.0,1.33,74.9,1292,1345.0,0.0,0.0,0.0,2026-10-06,52.01,43.69,14.44,2.83,6.18,0.63,0.51,1.78,18.89,3.96,5.78,65.99,0.47,25.0,69.0,24.0,32.0,81.0,8.2,-4.9,1.0,0.0,45.4594,617.8938,30.0,3934592500.0,1239043029871.0,178864162135.0,513971775026.0,494850859549.0,3528460565684.0,343866499806.0,3177831275917.0,6453574675847.0,2431160439654.0,708376880460.0,-330712432185.0,377664448275.0,2026-06-30,TTM-gabungan,IDR
RANS,Rans Entertainmen Indonesia ,,Industrials,Tidak,-,57.0,,181,37.4,6.96,3.5,3.5,16.05,,,0.0,0.11,2.3,55.12,10.8,0.32,26.5,203,,-0.5,-1.6,-3.1,2026-10-06,43.22,21.17,17.28,11.61,-0.71,2.63,2.56,18.0,24.95,0.62,1.63,0.0,0.02,11.0,71.0,97.0,,56.0,,,1.0,0.0,4.8416,26.022,,12609250000.0,353377040895.0,61049565722.0,88970777899.0,80213306229.0,37300000000.0,100129258609.0,-62829258609.0,461034721642.0,328118184873.0,37680607042.0,-580814717.0,37099792325.0,,Tahunan,IDR
ELPI,Pelayaran Nasional Ekalya Pu,,Industrials,Ya,JUAL,58.0,FCF-,570,37.8,1.99,3.53,1.0,5.81,-27.8,10.2,2.49,0.15,5.1,2.03,1.4,0.26,36.9,680,1191.0,-0.0,-0.3,-0.7,2026-10-06,20.36,14.29,14.73,4.38,1.57,4.03,3.7,7.04,36.47,1.63,-0.43,94.29,1.03,29.0,64.0,86.0,61.0,52.0,17.0,27.4,2.0,0.0,15.0762,286.6705,14.21,8864540926.0,907070000000.0,133644000000.0,144782000000.0,142719000000.0,388175000000.0,154737000000.0,227964000000.0,3427245000000.0,2541202000000.0,217980000000.0,-225283000000.0,-21688000000.0,2026-06-30,TTM-gabungan,IDR
ALDO,Alkindo Naratama Tbk.,,Basic Materials,Ya,TIPIS,43.0,,1270,38.0,3.09,3.3,1.65,8.45,15752.5,27.1,0.04,0.58,3.4,0.28,0.3,0.94,79.9,936,710.0,-0.0,-0.0,-0.0,2026-10-06,17.54,7.58,3.9,4.27,3.35,1.24,0.72,3.59,23.21,0.61,0.68,1.5,0.57,17.0,43.0,53.0,57.0,56.0,14.8,-18.7,1.0,-0.11,33.4253,411.32,0.5,2695415944.0,2312208381776.0,90095182610.0,172369835099.0,165132504450.0,642131892975.0,64926602836.0,577205290139.0,2178604750252.0,1108678493318.0,54808349546.0,-31488936393.0,23319413153.0,2026-06-30,TTM,IDR
SSIA,Surya Semesta Internusa Tbk,,Industrials,Ya,HOLD,52.0,"FCF-,kas<laba",1735,39.7,1.41,3.71,0.71,3.64,1730.9,82.8,0.29,0.43,8.2,15.06,25.8,0.74,52.0,1728,1604.0,0.9,2.6,-5.0,2026-10-06,27.57,12.56,3.63,1.69,1.45,1.56,1.38,4.24,11.53,0.19,-18.4,11.47,38.55,37.0,28.0,73.0,87.0,32.0,7.0,,2.0,1.36,43.6815,1229.144,5.0,4705249440.0,5668831813991.0,205532254634.0,809999060788.0,625802074929.0,2473836443872.0,1093012561282.0,1175834079461.0,13025798658952.0,5783429133928.0,40002512591.0,-1542293119357.0,-1502290606766.0,2026-06-30,TTM,IDR
BPII,Batavia Prosperindo Internas,,Financial Services,Tidak,TIPIS,32.0,laba-30%,454,40.0,3.07,3.02,3.49,7.83,-38.0,-14.9,1.39,1.07,4.5,0.01,0.0,0.2,44.2,464,471.0,-0.0,-0.0,0.0,2026-10-06,41.98,15.25,7.31,1.87,4.04,1.29,1.29,2.25,18.08,1.02,-11.45,79.86,5.48,13.0,38.0,,24.0,77.0,18.8,-39.2,1.0,0.0,11.3535,148.1026,6.32,9884153240.0,1535843354297.0,112219527619.0,319542437475.0,288401615395.0,1572535308588.0,271626537752.0,1291323122760.0,6488026599775.0,1463869130266.0,114634159166.0,-628277832367.0,-513643673201.0,2026-03-31,TTM-gabungan,IDR
YULE,Yulie Sekuritas Indonesia Tb,,Financial Services,Tidak,TIPIS,50.0,laba-30%,3560,42.2,8.18,3.18,9.3,21.23,-120.5,-74.4,0.28,0.0,5.7,0.03,0.1,0.03,49.3,3530,3331.0,-0.0,-0.0,-0.0,2026-10-06,81.7,197.83,185.3,19.66,-0.54,9.06,9.06,1953.67,37.91,0.12,0.29,22.61,0.0,10.0,90.0,,38.0,77.0,-4.3,32.9,2.0,0.0,84.3538,435.4458,10.0,1587286800.0,72258950088.0,133893643341.0,146954284791.0,145690823713.0,2373958000.0,82258311579.0,-79884353579.0,772860498155.0,691177310663.0,16594855592.0,-10501746.0,16584353846.0,2026-03-31,TTM-gabungan,IDR
DSSA,Dian Swastatika Sentosa Tbk,,Energy,Ya,WSE,40.0,FCF-,1145,42.9,5.29,2.18,3.17,13.05,2.2,-6.0,0.0,0.85,177.2,313.46,340.8,0.52,59.0,1034,2112.0,18.1,8.8,-58.2,2026-10-06,32.8,13.41,8.46,5.5,2.02,2.26,2.11,6.76,20.43,0.84,-2.23,0.0,2.14,13.0,62.0,73.0,16.0,35.0,-22.3,-26.9,0.0,0.0,26.6627,216.5711,,154732123250.0,48784955401920.0,4125578416320.0,9624435335040.0,9166828138080.0,28350386514720.0,8763283837440.0,19431905230080.0,81630447928800.0,33510503845440.0,3459778056480.0,-7416056431200.0,-3956278374720.0,2026-03-31,TTM,USD
MTMH,Murni Sadar Tbk.,,Healthcare,Ya,TIPIS,46.0,FCF-,1000,43.0,1.35,2.54,0.78,3.29,106.4,31.9,0.24,0.6,2.1,0.01,0.0,6.33,59.8,945,1012.0,-0.0,0.0,0.1,2026-10-06,29.91,8.64,3.2,1.81,3.74,0.5,0.42,2.3,12.88,4.97,-8.42,10.4,1.73,34.0,48.0,40.0,69.0,37.0,18.2,-12.9,2.0,0.0,23.2771,740.6019,2.42,2068526950.0,1506066007227.0,48149394944.0,226332823339.0,140833654942.0,911740460581.0,2199042992.0,846015371039.0,2861432982762.0,1531955009698.0,239155488731.0,-413244316270.0,-174088827539.0,2026-06-30,TTM-gabungan,IDR
SMGR,Semen Indonesia (Persero) Tb,LQ45,Basic Materials,Ya,JUAL,46.0,payout>100,1520,44.8,0.24,3.9,0.13,0.52,200755.0,-16.2,1.86,0.23,10.2,16.67,26.7,0.38,45.1,1572,2059.0,-3.1,-11.3,-73.6,2026-10-06,20.01,4.52,0.64,0.3,2.25,1.14,0.81,1.86,7.21,17.35,27.15,282.99,0.3,50.0,36.0,58.0,30.0,72.0,-1.1,-56.8,0.0,-0.24,33.9408,6465.2937,28.33,6735544090.0,35877488000000.0,228610000000.0,2063242000000.0,1416505000000.0,10101958000000.0,4701897000000.0,4642273000000.0,75459729000000.0,43547271000000.0,3966556000000.0,-1187138000000.0,2779418000000.0,2026-03-31,TTM-gabungan,IDR
BEEF,Estika Tata Tiara Tbk.,,Consumer Defensive,Tidak,HOLD,26.0,"OCF-,FCF-,DER>3,laba-30%",430,44.9,9.44,4.63,4.72,23.08,-97.4,-53.3,0.0,3.86,3.5,4.48,1.9,0.67,51.8,429,320.0,-0.3,-0.5,-0.1,2026-10-06,7.18,3.44,1.44,3.58,6.11,1.0,0.24,2.0,21.3,-0.43,-14.34,0.0,,11.0,33.0,16.0,40.0,37.0,449.0,,3.0,0.0,9.5812,45.54,,8120249598.0,5396756238692.0,77801875863.0,229853255929.0,184991170940.0,1427396436164.0,19221578185.0,1403828914934.0,2163074224101.0,369795857700.0,-33811245027.0,-466882388299.0,-500693633326.0,2026-06-30,TTM-gabungan,IDR
APIC,Pacific Strategic Financial ,,Financial Services,Tidak,JUAL,30.0,,402,45.7,1.46,3.45,1.66,3.69,9606.8,-28.9,0.0,0.53,4.7,4.5,2.0,0.1,30.5,512,1052.0,-0.1,-0.7,-31.9,2026-10-06,13.04,10.38,5.23,1.33,4.15,1.63,1.63,1.54,18.04,-6.74,-14.74,0.0,,18.0,24.0,,38.0,59.0,-4.3,-13.7,1.0,0.0,8.7969,275.5022,,11766313488.0,1979304905624.0,103507593185.0,340367645850.0,332913145417.0,1729423882079.0,308554830686.0,1410985045925.0,8254769446767.0,3241644933241.0,-697158361384.0,-866365747.0,-697158361384.0,2026-03-31,TTM-gabungan,IDR
MBMA,Merdeka Battery Materials Tb,LQ45,Basic Materials,Ya,JUAL,54.0,,482,46.5,1.81,4.04,0.97,3.97,966.3,24.3,0.0,0.69,52.1,130.71,68.0,0.52,42.2,522,600.0,0.3,-41.2,-138.8,2026-10-06,17.88,15.28,4.13,1.7,3.22,1.6,1.18,6.93,15.68,3.19,0.82,0.0,0.88,29.0,53.0,62.0,81.0,51.0,46.6,10.9,2.0,0.0,10.3555,266.3895,,107995419900.0,27058116274080.0,1118347164480.0,4178050354080.0,4159449453600.0,19729039283040.0,6212413332480.0,13456427293920.0,70476657772800.0,28768846231680.0,3569162056320.0,-3144818149440.0,424343906880.0,2026-03-31,TTM,USD
UANG,Pakuan Tbk.,,Real Estate,Ya,HOLD,45.0,"OCF-,FCF-",3640,47.9,12.85,4.48,13.11,29.06,30.7,557.7,0.0,2.25,4.4,1.15,4.7,0.17,52.1,3081,3492.0,0.1,0.0,-1.5,2026-10-06,54.28,18.31,26.15,5.37,8.36,1.49,0.71,12.71,59.63,-2.37,-5.04,0.0,,9.0,56.0,43.0,81.0,42.0,,,2.0,0.0,75.9843,283.1909,,1210000000.0,351590000000.0,91941000000.0,85917000000.0,80135000000.0,771579000000.0,49808000000.0,718693000000.0,1802735000000.0,342661000000.0,-218183000000.0,-4011000000.0,-222062000000.0,2026-03-31,TTM,IDR
TCPI,Transcoal Pacific Tbk.,,Industrials,Ya,WSE,46.0,,1390,49.8,3.23,4.65,1.62,6.63,10.9,20.4,0.47,0.58,7.0,4.02,6.7,1.0,29.4,2774,8207.0,-2.4,-6.9,-25.2,2026-10-06,24.27,14.2,6.85,3.54,4.36,0.95,0.81,2.63,30.65,6.15,1.24,24.07,0.9,15.0,61.0,46.0,57.0,61.0,2.9,2.5,2.0,0.0,27.8894,429.799,6.5,5000000000.0,2034667000000.0,139447000000.0,264333000000.0,246852000000.0,1256327000000.0,88318000000.0,1151271000000.0,4186608000000.0,2148995000000.0,857311000000.0,-771082000000.0,86229000000.0,2026-06-30,TTM-gabungan,IDR
MSJA,Multi Spunindo Jaya Tbk.,,Consumer Cyclical,Ya,BUY,52.0,kas<laba,855,52.7,3.44,5.3,2.12,6.33,112.7,30.2,1.75,0.17,4.9,18.65,15.3,1.21,69.5,586,453.0,-0.5,2.1,10.2,2026-10-06,18.49,9.07,7.66,4.81,0.28,2.21,1.65,9.42,36.68,0.26,0.38,93.33,0.24,14.0,39.0,89.0,69.0,68.0,-6.7,5.9,2.0,-2.55,16.214,248.8142,15.0,5732224400.0,1213555736160.0,92942289120.0,134643390720.0,128261228160.0,239080164960.0,200774171520.0,38305993440.0,1903270415520.0,1426258589280.0,24210432000.0,-5797130400.0,18413301600.0,2026-06-30,TTM-gabungan,USD
SMIL,Sarana Mitra Luas Tbk.,,Industrials,Ya,BUY,52.0,FCF-,464,53.3,5.07,4.98,2.55,9.8,8.2,21.5,0.8,0.47,4.0,53.39,23.5,2.18,65.9,415,325.0,2.6,10.1,3.6,2026-10-06,39.1,27.12,16.84,6.55,2.81,4.07,2.76,3.91,33.6,3.29,-1.34,0.0,1.22,10.0,76.0,72.0,58.0,43.0,15.9,4.1,1.0,-0.46,8.6973,91.4489,3.69,8709668469.0,449859046026.0,75750235404.0,131239168342.0,127897140576.0,376463502412.0,7981253788.0,368482248624.0,1197964694007.0,796490018860.0,249501265639.0,-303567462947.0,-54066197308.0,2026-06-30,TTM-gabungan,IDR
IATA,Karya Pacific Energy Tbk.,,Energy,Ya,BOW,31.0,"FCF-,laba-30%",94,53.4,1.26,2.71,0.75,2.36,-70.3,-48.1,0.0,0.44,2.9,549.92,65.9,0.27,39.0,108,93.0,-11.9,-14.4,-56.4,2026-10-06,44.03,17.01,4.25,1.32,5.0,0.77,0.23,1.72,22.51,3.06,-3.56,0.0,1.62,30.0,50.0,34.0,2.0,35.0,-25.4,-39.1,0.0,0.0,1.7618,74.8842,,31275829981.0,1297417212960.0,55100595360.0,167956320000.0,162769636320.0,1024413938400.0,21468341280.0,840559115040.0,4141365742080.0,2342064213600.0,168479103360.0,-273251417280.0,-104772313920.0,2026-06-30,TTM-gabungan,USD
IFSH,Ifishdeco Tbk.,,Basic Materials,Ya,TIPIS,54.0,laba-30%,1655,53.6,3.77,4.66,2.02,7.19,-115.4,12.7,1.57,0.04,3.2,0.08,0.1,2.97,70.3,1137,1573.0,0.0,0.0,-0.0,2026-10-06,30.01,21.49,5.44,5.69,-0.7,3.71,3.7,49.19,15.12,1.85,2.46,40.65,0.29,19.0,64.0,99.0,28.0,75.0,2.2,-28.7,1.0,0.0,30.8723,439.3147,26.0,1923147400.0,1090446111501.0,59371908478.0,201169109566.0,171270567373.0,31194736604.0,172194802282.0,-141000065678.0,1077493275496.0,844866939311.0,109825202833.0,-31430444884.0,78394757949.0,2026-03-31,TTM-gabungan,IDR
INDY,Indika Energy Tbk,,Energy,Ya,JUAL,42.0,FCF-,2570,53.9,0.63,2.74,0.38,1.16,9.4,33.5,0.4,1.04,13.4,22.52,63.8,0.36,43.8,2673,2846.0,4.3,-31.5,-68.4,2026-10-06,14.35,7.03,0.63,0.46,3.64,2.07,1.98,2.61,7.97,7.4,-5.5,20.5,1.4,46.0,39.0,53.0,30.0,42.0,-22.3,-76.3,0.0,0.0,47.7178,4097.1659,10.25,5202692000.0,39445476816000.0,248261108160.0,3084178654080.0,2865641552160.0,22260563855520.0,10799562516000.0,11222688211200.0,57331176057600.0,21316292201280.0,1837174817280.0,-2572028081760.0,-734853264480.0,2026-06-30,TTM-gabungan,USD
RISE,Jaya Sukses Makmur Sentosa T,,Real Estate,Ya,WSE,52.0,kas<laba,600,54.7,3.47,5.11,3.54,7.2,57.0,31.7,0.0,0.24,9.7,3.09,2.2,0.61,28.4,857,2432.0,0.1,0.5,0.3,2026-10-06,59.14,36.67,36.67,4.59,1.93,2.31,0.75,10.05,48.23,0.05,0.16,0.0,0.75,8.0,47.0,81.0,83.0,52.0,8.7,33.2,2.0,-0.0,10.9642,172.7228,,16198599990.0,484289713667.0,177605060697.0,209901243128.0,199742117216.0,664047777881.0,258576605054.0,404648017717.0,4276489622196.0,2797867608691.0,9047577994.0,6780339162.0,15827917156.0,2026-06-30,TTM,IDR
VICI,Victoria Care Indonesia Tbk.,,Consumer Defensive,Ya,HOLD,57.0,laba-30%,1025,55.0,6.15,5.67,3.08,11.47,-30.9,11.9,0.78,0.07,6.9,8.01,8.6,0.82,56.7,825,666.0,-1.1,-2.7,5.5,2026-10-06,55.18,12.1,8.62,9.38,0.13,5.29,3.08,25.31,35.98,1.38,2.18,53.12,0.13,10.0,70.0,98.0,48.0,75.0,10.5,11.9,1.0,0.0,18.6285,166.6619,8.0,6708000000.0,1449234286495.0,124959915136.0,191821776139.0,169019156032.0,78813514412.0,51170641068.0,25460080555.0,1352617099655.0,1117968169105.0,172145178938.0,-22590141347.0,149555037591.0,2026-03-31,TTM,IDR
SGER,Sumber Global Energy Tbk.,,Energy,Ya,HOLD,26.0,"OCF-,FCF-",755,55.7,5.05,2.83,3.02,9.48,-17.9,-35.4,4.9,0.91,11.8,46.39,33.3,0.98,71.9,598,465.0,0.9,-0.2,-2.3,2026-10-06,8.12,4.39,3.11,3.91,5.0,1.66,1.66,2.48,34.01,-0.82,-4.79,0.0,,17.0,27.0,46.0,10.0,39.0,-13.6,-29.4,1.0,0.0,13.5495,149.5318,37.0,15586909438.0,6780087180127.0,211195022818.0,405729884152.0,387286654419.0,2113699290841.0,84016049271.0,2029683241570.0,6152699077914.0,2330739093122.0,-174067949736.0,-390169798187.0,-564237747923.0,2026-03-31,TTM-gabungan,IDR
BRPT,Barito Pacific Tbk.,LQ45/Prajogo,Basic Materials,Tidak,JUAL,49.0,"FCF-,DER>3",1485,55.8,3.22,4.85,1.72,6.74,518.9,302.7,0.11,3.52,139.2,52.9,83.9,0.85,36.8,1731,2007.0,-22.4,-33.4,-215.1,2026-10-06,15.68,5.95,1.39,0.94,3.36,2.18,1.55,2.12,8.7,2.07,-9.39,6.07,3.53,24.0,47.0,40.0,100.0,31.0,37.1,553.0,3.0,0.0,26.6211,461.2234,1.63,93711740929.0,179162791200000.0,2494711680000.0,26086882560000.0,17544446880000.0,152237103840000.0,56508625920000.0,87772512960000.0,336584323200000.0,43222050240000.0,5159066880000.0,-18227674080000.0,-13068607200000.0,2026-06-30,TTM-gabungan,USD
GOLF,Intra Golflink Resorts Tbk.,,Consumer Cyclical,Ya,JUAL,58.0,"OCF-,FCF-",157,57.4,0.38,5.77,0.23,0.67,746.8,124.2,0.34,0.06,3.1,6.97,1.2,0.3,35.4,165,193.0,0.0,0.2,-0.0,2026-10-06,58.49,29.29,22.39,0.61,3.58,5.86,3.26,25.79,48.6,-0.35,-6.95,44.78,,33.0,36.0,84.0,92.0,56.0,24.5,26.6,2.0,0.0,2.7354,411.5785,0.53,19486760000.0,238059672812.0,53304238099.0,67951830220.0,64475818367.0,484076460389.0,235494358132.0,243178551379.0,8686464348686.0,8020331057708.0,-18485931349.0,-194179255273.0,-212665186622.0,2026-06-30,TTM-gabungan,IDR
BLTZ,Graha Layar Prima Tbk.,,Communication Services,Ya,TIPIS,45.0,,4500,57.4,9.24,3.61,4.84,16.86,69.9,-23.4,0.0,2.63,3.9,0.0,0.0,13.87,93.8,2272,2642.0,0.0,-0.1,-0.1,2026-10-06,44.67,14.83,5.36,3.79,1.35,0.36,0.33,1.85,21.0,4.83,6.95,0.0,0.17,10.0,71.0,32.0,58.0,72.0,5.9,,2.0,0.0,78.4398,487.2158,,873937142.0,1279068965000.0,68551473000.0,200186462000.0,200186462000.0,1120735934000.0,133435592000.0,270564408000.0,1770342716000.0,425796014000.0,330825021000.0,-57350649000.0,273474372000.0,2026-03-31,TTM-gabungan,IDR
BTPN,Bank SMBC Indonesia Tbk.,,Financial Services,Tidak,TIPIS,31.0,payout>100,2440,57.5,0.54,4.34,0.61,0.94,-10.6,-1.6,0.39,1.1,26.0,0.02,0.1,3.67,65.2,2276,2156.0,-0.0,-0.0,0.0,2026-10-06,,,2.49,0.18,,,,,,10.32,15.45,125.82,0.14,43.0,9.0,,31.0,51.0,11.5,-45.3,1.0,0.0,42.426,4497.237,9.5,10645945748.0,18119559000000.0,451665000000.0,,,52593249000000.0,18510153000000.0,33678939000000.0,250018949000000.0,47877341000000.0,4661527000000.0,-648420000000.0,4013107000000.0,2026-03-31,TTM,IDR
CDIA,Chandra Daya Investasi Tbk.,Prajogo,Utilities,Tidak,JUAL,44.0,"OCF-,FCF-,laba-30%",585,58.3,3.96,2.26,1.08,8.33,-77.6,26.9,1.18,0.74,73.0,48.05,30.7,0.56,38.4,660,960.0,-3.7,-3.8,-10.5,2026-10-06,22.0,9.94,43.17,4.68,2.84,10.91,10.86,3.24,36.49,-0.09,-5.25,69.2,,25.0,43.0,67.0,37.0,56.0,,,1.0,-0.06,10.0363,147.7824,6.9,124749839100.0,2900350648320.0,1252032758400.0,2168875886400.0,2153601824640.0,13639426671360.0,7465031513760.0,6157993566720.0,34337559126720.0,18435832149120.0,-106753441920.0,-3728226974400.0,-3834980416320.0,2026-06-30,TTM,USD
PRAY,Famon Awal Bros Sedaya Tbk.,,Healthcare,Ya,TIPIS,49.0,FCF-,775,58.5,3.29,3.46,1.91,6.13,-10.3,35.9,0.0,0.6,10.8,0.06,0.0,0.03,56.3,750,757.0,0.0,-0.0,0.0,2026-10-06,26.65,15.45,6.68,3.28,3.66,1.61,1.52,5.99,34.74,1.77,-2.29,0.0,1.76,12.0,59.0,65.0,73.0,37.0,17.0,50.1,2.0,0.0,13.2428,235.7896,,13959422300.0,2769209000000.0,184862000000.0,348045000000.0,341397000000.0,1987507000000.0,522532000000.0,1272869000000.0,6313594000000.0,3291487000000.0,327980000000.0,-575993000000.0,-248013000000.0,2026-06-30,TTM-gabungan,IDR
SMMA,Sinarmas Multiartha Tbk.,,Financial Services,Tidak,TIPIS,41.0,,20100,58.9,5.14,4.45,5.84,9.35,115.3,-8.6,0.0,0.41,128.0,0.0,0.0,0.06,52.7,20076,17105.0,-0.0,0.0,0.2,2026-10-06,,,6.19,1.79,,,,2.35,,1.54,2.48,0.0,0.05,9.0,40.0,,73.0,59.0,5.1,34.3,2.0,0.0,341.0784,3913.5515,,6367664717.0,35089239000000.0,2171873000000.0,,4473690000000.0,10283557000000.0,10066026000000.0,10726000000.0,124138154000000.0,24920184000000.0,3339228000000.0,-170539000000.0,3168689000000.0,2026-03-31,TTM-gabungan,IDR
JECX,Nitrasanata Dharma Tbk.,,Healthcare,Tidak,-,48.0,,1410,63.3,6.88,3.75,4.0,10.93,,,0.0,0.49,4.6,3.19,4.6,0.43,56.4,1379,,-0.4,-2.1,-8.2,2026-10-06,62.23,13.56,7.82,5.04,0.41,0.69,0.63,4.8,23.74,2.39,1.52,0.0,0.6,10.0,67.0,65.0,,58.0,,,1.0,0.0,22.2841,204.9165,,3253222300.0,926763000000.0,72495000000.0,196638000000.0,129195000000.0,325594000000.0,244132000000.0,81462000000.0,1451329000000.0,666639000000.0,173359000000.0,-103472000000.0,69887000000.0,,Tahunan,IDR
SUPA,Super Bank Indonesia Tbk.,,Financial Services,Tidak,-,28.0,,490,63.4,2.01,4.78,2.28,3.88,,,0.0,0.0,16.6,12.13,6.0,0.53,39.3,535,,0.1,0.2,11.6,2026-10-06,,,13.41,1.36,,,,,,16.56,24.47,0.0,0.06,11.0,33.0,,,59.0,118.6,,2.0,0.0,7.7229,243.5428,,33897017650.0,1952353000000.0,261784000000.0,,,28966000000.0,1821559000000.0,-1792593000000.0,27005584000000.0,8255373000000.0,4335313000000.0,-271271000000.0,4064042000000.0,2026-06-30,TTM-gabungan,IDR
MBAP,Mitrabara Adiperdana Tbk.,,Energy,Ya,TIPIS,38.0,"OCF-,FCF-",1640,67.1,0.61,3.41,0.37,0.91,8.7,-7.7,2.32,0.19,2.0,0.07,0.1,0.33,47.3,1582,1594.0,-0.1,-0.1,-0.0,2026-10-06,12.88,1.09,1.05,0.66,-3.01,5.2,4.2,6.79,17.06,-4.55,-25.73,0.0,,42.0,7.0,93.0,17.0,33.0,-28.4,-79.5,0.0,0.0,24.4438,2669.9184,38.0,1227271952.0,2859178119840.0,29999161920.0,100284415200.0,60407904960.0,637113431040.0,938653491360.0,-301540060320.0,4505704682880.0,3276716021760.0,-136366821120.0,-381447202080.0,-517814023200.0,2026-03-31,TTM,USD
BBSI,Krom Bank Indonesia Tbk.,,Financial Services,Tidak,TIPIS,45.0,,4150,67.5,4.28,5.09,4.86,6.53,242.4,306.1,0.0,0.0,15.3,0.0,0.0,2.71,7.6,4594,4454.0,0.0,0.0,0.0,2026-10-06,,,8.09,1.86,,,,,,4.95,7.12,0.0,0.03,9.0,36.0,,92.0,59.0,135.9,24.2,2.0,0.0,61.4822,970.2424,,3674723301.0,2793710474562.0,225929894819.0,,,6870605988.0,1346075704763.0,-1339205098775.0,15942960738956.0,3565372235443.0,1118228571584.0,-31764130470.0,1086464441114.0,2026-06-30,TTM-gabungan,IDR
FORE,Fore Kopi Indonesia Tbk.,,Consumer Cyclical,Ya,HOLD,63.0,,805,68.6,9.73,6.89,6.01,21.11,700.6,148.0,0.0,0.33,7.2,3.64,2.9,0.44,53.0,782,686.0,-0.1,-0.7,-1.0,2026-10-06,56.78,7.09,5.22,11.01,-0.05,1.23,0.84,10.24,18.3,3.28,1.41,0.0,0.71,11.0,75.0,81.0,100.0,56.0,73.5,,3.0,0.0,11.7276,82.7163,,8918359270.0,2002640150262.046,104590768399.0,391244306269.0,155554221040.0,245381004796.0,263964211784.0,-18583206988.0,1259374902924.0,737693464824.0,342573118202.0,-241679029007.0,100894089195.0,2026-06-30,TTM-gabungan,IDR
BSIM,Bank Sinarmas Tbk.,,Financial Services,Tidak,TIPIS,31.0,,965,70.3,2.28,5.31,2.59,3.3,65.7,-9.5,0.0,0.09,19.0,0.34,0.4,0.23,51.3,876,900.0,-0.0,0.0,-0.1,2026-10-06,,,9.17,0.49,,,,,,-0.76,-1.62,0.0,,9.0,26.0,,53.0,59.0,-1.1,8.9,1.0,0.0,13.7232,422.6712,,19716162403.0,2949756000000.0,270569000000.0,,,744731000000.0,12546056000000.0,-11801325000000.0,60916854000000.0,8333455000000.0,-206364000000.0,-101175000000.0,-307539000000.0,2026-06-30,TTM-gabungan,IDR
LIFE,MSIG Life Insurance Indonesi,,Financial Services,Tidak,TIPIS,35.0,,9850,72.0,2.52,5.43,2.86,3.62,2103.2,16.1,0.97,0.0,20.7,0.02,0.2,1.89,47.1,8854,7534.0,-0.0,0.0,0.0,2026-10-06,,,9.2,1.93,,,,,,0.93,1.1,72.18,0.14,11.0,30.0,,50.0,80.0,-4.0,-17.5,1.0,0.0,136.8776,3901.4671,96.0,2100000000.0,3122772000000.0,287443000000.0,,,11136000000.0,787277000000.0,-776141000000.0,15107253000000.0,8193081000000.0,266089000000.0,-38199000000.0,227890000000.0,2026-06-30,TTM-gabungan,IDR
STAR,Calculus Global Ventures Tbk,,Financial Services,Tidak,TIPIS,47.0,,412,80.7,3.64,6.09,4.14,4.62,46.3,69.9,0.0,0.0,2.0,0.58,0.2,3.91,57.3,365,470.0,0.0,-0.0,-0.1,2026-10-06,45.18,-6.73,319.95,4.6,0.5,268.84,268.84,23.62,75.04,-0.06,-0.08,0.0,,9.0,46.0,,92.0,59.0,13.5,135.8,3.0,0.0,5.1045,113.1107,,4800000602.0,7657845023.0,24501537085.0,26532205739.0,26004991205.0,913954417.0,29732296477.0,13376838042.0,545717655054.0,542931644535.0,-1457029859.0,-27570000.0,-1484599859.0,2026-03-31,TTM,IDR
TPIA,Chandra Asri Pacific Tbk.,Prajogo,Basic Materials,Ya,JUAL,52.0,FCF-,1725,83.5,2.12,7.26,1.13,3.06,634.7,373.4,0.35,1.49,149.2,117.01,214.9,0.55,36.2,1956,4155.0,58.7,29.7,-117.6,2026-10-06,104.19,96.27,1.07,1.01,3.08,2.3,1.56,1.5,13.23,3.93,-5.36,71.38,2.14,28.0,51.0,48.0,94.0,42.0,43.3,,2.0,-0.05,20.6579,813.5097,6.07,86464496192.0,167700433920000.0,1786176480000.0,14686862880000.0,8595840000000.0,104978241120000.0,51882838560000.0,45214420320000.0,244486415520000.0,70339705440000.0,7021771200000.0,-15019241280000.0,-7997470080000.0,2026-06-30,TTM-gabungan,USD
PKPK,Paragon Karya Perkasa Tbk.,,Industrials,Ya,HOLD,67.0,,6800,85.0,25.05,7.94,12.59,34.54,426.8,95.5,0.0,0.0,8.2,3.03,16.7,2.81,81.8,4324,2838.0,0.0,20.5,36.2,2026-10-06,32.51,15.28,8.9,10.45,-1.29,0.88,0.63,2935.31,44.77,2.13,1.96,0.0,0.22,9.0,87.0,83.0,100.0,62.0,204.4,,3.0,0.0,79.9802,271.4726,,1200000000.0,1078952186000.0,95976210000.0,177153338000.0,174750735000.0,878059000.0,229570938000.0,-228692879000.0,1078472348000.0,325767091000.0,204699119000.0,-44877150000.0,159821969000.0,2026-06-30,TTM,IDR
MKAP,Multikarya Asia Pasifik Raya,,Energy,Ya,BOW,59.0,,1140,87.5,10.9,4.44,6.53,13.27,-5.3,25.4,0.44,0.36,3.7,1.62,1.8,1.1,54.9,1141,969.0,0.4,0.8,1.0,2026-10-06,31.57,13.59,10.97,8.58,1.24,2.45,1.53,5.02,52.57,2.4,1.04,55.87,0.7,10.0,75.0,80.0,76.0,66.0,27.7,,3.0,0.0,13.0241,104.5854,5.0,3250000000.0,385837800323.0,42328274845.0,72173652360.0,66266638736.0,123614275676.0,32349756574.0,89418108280.0,509095244521.0,339902498017.0,101687459622.0,-71345049517.0,38627644323.0,2026-06-30,TTM,IDR
IRSX,Folago Global Nusantara Tbk.,,Technology,Ya,JUAL,56.0,"FCF-,bunga<1.5,dilusi",318,93.0,8.98,1.71,4.38,12.55,624.6,233.4,0.05,0.01,2.7,69.05,27.5,0.62,33.1,374,444.0,-2.7,-2.8,2.6,2026-10-06,13.59,7.97,5.51,10.89,-2.25,5.72,5.63,-420.02,60.22,1.08,-0.98,0.0,1.12,14.0,65.0,76.0,96.0,22.0,36.3,83.8,2.0,23.89,3.4184,35.4027,0.17,8539117013.0,529638949952.0,29189983502.0,43466963206.0,42737788176.0,1805768464.0,99487728080.0,-97681959616.0,369473651432.0,302308062771.0,31663602255.0,-35507357639.0,-26721210117.0,2026-03-31,TTM,IDR
MAYA,Bank Mayapada Internasional ,,Financial Services,Tidak,TIPIS,41.0,,199,93.2,0.27,7.03,0.31,0.31,254.6,0.9,0.0,0.01,5.2,3.77,0.8,0.32,47.6,200,205.0,-0.0,-0.1,-0.1,2026-10-06,,,1.68,0.04,,,,,,96.95,103.37,0.0,0.01,47.0,6.0,,70.0,59.0,19.9,4.9,2.0,0.0,2.1351,727.8491,,26167857730.0,3319622000000.0,55871000000.0,,,174747000000.0,22785812000000.0,-22611065000000.0,169051630000000.0,19046253000000.0,5416753000000.0,-34116000000.0,5382637000000.0,2026-03-31,TTM-gabungan,IDR
IMPC,Impack Pratama Industri Tbk.,,Industrials,Ya,JUAL,66.0,,1355,96.1,23.48,8.98,11.8,29.6,60.0,37.6,0.0,0.34,74.1,22.01,35.6,0.64,38.3,1504,2124.0,-2.0,-12.4,-69.1,2026-10-06,40.46,20.9,15.94,15.62,0.15,2.44,1.31,13.78,62.22,1.07,0.74,0.0,0.33,9.0,89.0,89.0,90.0,58.0,15.0,26.3,3.0,0.77,14.0973,57.7108,,54685279100.0,4836446980829.0,770912516093.0,1193915371877.0,1086892985181.0,1060939124233.0,479224105745.0,182059582995.0,5324652475270.0,3155931451735.0,824563618913.0,-275113977785.0,549449641128.0,2026-06-30,TTM-gabungan,IDR
BESS,Batulicin Nusantara Maritim ,,Industrials,Ya,TIPIS,53.0,payout>100,800,97.0,4.12,9.07,2.07,4.49,,,0.55,0.02,2.8,0.16,0.1,0.33,41.8,886,1166.0,0.0,0.0,0.0,2026-10-06,30.49,8.65,9.31,4.08,-5.56,6.49,6.49,11.79,81.83,2.75,2.73,134.15,0.03,12.0,58.0,97.0,,54.0,,,1.0,0.0,8.2499,194.3259,4.36,3440455528.0,304944168619.0,28383310953.0,31494727264.0,30992032380.0,12767303183.0,187991212333.0,-175223909150.0,729404335517.0,668569561934.0,78187435003.0,-2521050633.0,75181399371.0,2026-03-31,TTM-gabungan,IDR
AGII,Samator Indo Gas Tbk.,,Basic Materials,Ya,BOW,42.0,bunga<1.5,3260,99.0,2.64,8.61,1.41,2.7,102.0,9.9,0.35,1.04,10.0,0.55,1.9,0.22,49.5,3089,2712.0,0.0,-0.6,-8.4,2026-10-06,46.68,14.6,3.22,1.21,4.92,1.82,1.37,1.44,20.81,5.01,1.67,34.61,0.67,19.0,49.0,41.0,51.0,67.0,4.8,-12.9,1.0,0.0,32.9247,1234.6145,11.42,3066660000.0,3134889000000.0,100969000000.0,629214000000.0,459877000000.0,3926152000000.0,627665000000.0,3095838000000.0,8424518000000.0,3786143000000.0,505499000000.0,-338715000000.0,166784000000.0,2026-06-30,TTM,IDR
PTRO,Petrosea Tbk,Prajogo,Basic Materials,Tidak,JUAL,35.0,"FCF-,DER>3,laba-30%",5150,99.9,11.17,8.69,5.97,11.46,-79.7,57.1,0.31,3.37,51.9,39.12,208.1,0.71,46.5,5152,6051.0,4.1,-23.7,-52.7,2026-10-06,13.07,7.02,2.88,2.37,8.01,1.29,1.25,1.67,38.62,3.7,-10.29,34.17,3.78,10.0,57.0,23.0,47.0,39.0,23.0,-11.0,1.0,0.0,51.5453,460.9565,16.22,10086050000.0,18050766720000.0,519888480000.0,1697287680000.0,1667610720000.0,15651319680000.0,1399967520000.0,13603183200000.0,28509204480000.0,4649230560000.0,1921028160000.0,-7265882400000.0,-5344854240000.0,2026-03-31,TTM-gabungan,USD
HATM,Habco Trans Maritima Tbk.,,Industrials,Ya,BOW,47.0,,530,118.4,2.81,11.07,1.41,2.39,-26.2,6.2,0.38,0.08,4.6,10.68,6.0,0.67,44.2,564,402.0,0.2,-0.8,-0.7,2026-10-06,9.79,5.8,4.03,2.05,0.51,3.46,2.06,4.27,84.06,4.47,3.36,36.76,2.08,17.0,46.0,85.0,38.0,61.0,37.5,-12.0,1.0,0.0,4.4764,188.6971,2.0,8680000000.0,965157672959.0,38855566106.0,55064020629.0,50720929525.0,132008749974.0,159655712016.0,28282406122.0,1903735243418.0,1637890971214.0,173660616875.0,-361647611276.0,154795280394.0,2026-06-30,TTM,IDR
MLPT,Multipolar Technology Tbk.,,Technology,Ya,JUAL,57.0,,940,119.2,59.41,2.19,28.98,49.88,69.9,19.0,0.57,0.29,44.1,2.06,2.3,0.49,32.0,1317,1274.0,-0.0,-0.2,0.8,2026-10-06,16.64,9.65,9.41,10.3,-0.58,1.03,0.54,19.14,88.88,1.67,1.15,65.44,0.18,10.0,84.0,81.0,54.0,70.0,3.7,-15.6,1.0,0.0,7.885,15.8215,5.34,46875000000.0,3928103000000.0,369609000000.0,492568000000.0,478137000000.0,214118000000.0,499334000000.0,-285216000000.0,3736688000000.0,741634000000.0,616234000000.0,-110581000000.0,505653000000.0,2026-06-30,TTM-gabungan,IDR
BRMS,Bumi Resources Minerals Tbk.,Bakrie,Basic Materials,Ya,JUAL,44.0,"FCF-,kas<laba,laba-30%",600,119.9,3.81,10.43,2.04,3.23,-132.0,-58.4,0.0,0.23,85.1,287.89,195.3,0.69,40.5,655,796.0,11.2,-71.5,295.4,2026-10-06,55.02,33.42,17.81,3.11,3.22,3.14,2.72,3.2,65.46,0.45,-2.07,0.0,6.52,12.0,48.0,67.0,59.0,35.0,177.7,54.1,3.0,-0.0,5.0052,157.6632,,141784040338.0,3983541200160.0,709660491360.0,1366859363520.0,1350361779840.0,5204897288160.0,570646311360.0,4403013734400.0,25094715542400.0,22354123606560.0,319596421440.0,-2082229233120.0,-1762632811680.0,2026-06-30,TTM-gabungan,USD
JARR,Jhonlin Agro Raya Tbk.,,Consumer Defensive,Ya,HOLD,54.0,,3530,122.0,16.16,12.58,8.08,14.14,96.9,16.2,0.18,0.86,32.6,25.73,94.3,0.38,55.0,2896,2455.0,-2.9,8.5,-7.1,2026-10-06,19.17,10.65,6.67,6.6,2.71,3.95,2.8,3.76,72.32,0.8,0.18,22.47,0.72,9.0,60.0,68.0,83.0,61.0,-2.7,86.1,3.0,0.0,28.9278,218.3955,6.5,9230665050.0,4001350102753.0,267022728360.0,468101071964.0,465346513582.0,1727116055442.0,456938119001.0,1269461926934.0,4093556445452.0,2015935833918.0,214332225622.0,-154832256434.0,59499969188.0,2026-06-30,TTM-gabungan,IDR
DNET,Indoritel Makmur Internasion,Salim,Communication Services,Tidak,TIPIS,40.0,"FCF-,kas<laba",9900,126.1,8.99,7.93,4.71,7.48,-19.4,17.8,0.05,0.45,140.4,0.01,0.1,1.81,52.7,9866,9476.0,0.0,0.0,0.0,2026-10-06,,11.9,62.99,4.84,2.65,0.97,0.97,3.2,59.92,0.39,-0.43,0.0,2.38,9.0,51.0,58.0,50.0,40.0,14.2,-0.9,2.0,0.0,78.5028,1100.6655,5.0,14184000000.0,1767634000000.0,1113484000000.0,2452017000000.0,1660423000000.0,7043116000000.0,509825000000.0,6492694000000.0,24090881000000.0,15611840000000.0,434846000000.0,-1035115000000.0,-600269000000.0,2026-06-30,TTM-gabungan,IDR
SMDM,Suryamas Dutamakmur Tbk,,Real Estate,Ya,TIPIS,33.0,"OCF-,FCF-,laba-30%",484,126.9,0.99,11.86,1.01,0.79,-306.4,-16.7,0.0,0.01,2.3,0.08,0.0,0.04,34.0,542,624.0,0.0,-0.0,-0.0,2026-10-06,66.4,8.78,4.56,0.51,-3.48,4.46,0.97,2.65,59.76,-2.95,-2.59,0.0,,25.0,14.0,84.0,10.0,44.0,-12.0,-48.7,1.0,0.0,3.8153,489.6663,,4772138237.0,399592128061.0,18206991310.0,36523418523.0,29876230393.0,30763989090.0,157811507270.0,-127047518180.0,3646522130342.0,2336755224863.0,-53773848822.0,-6009410537.0,-59783259359.0,2026-06-30,TTM,IDR
ARKO,Arkora Hydro Tbk.,,Utilities,Tidak,WSE,32.0,"OCF-,FCF-",2920,134.3,15.5,5.22,4.22,12.26,22.8,-9.1,0.0,1.92,8.6,5.19,19.1,1.39,28.2,4529,6450.0,-1.4,-1.7,-3.8,2026-10-06,25.77,3.1,19.08,3.93,6.66,0.58,0.58,1.67,63.96,-1.57,-1.34,0.0,,9.0,39.0,21.0,57.0,46.0,11.5,6.7,2.0,0.0,21.7426,188.394,,2928495000.0,333797154288.0,63673016245.0,149242325088.0,141496926114.0,1061418321764.0,67227112073.0,994191209691.0,1742160654641.0,551710966558.0,-99839664192.0,-14497379522.0,-114717573220.0,2026-06-30,TTM,IDR
ARGO,Argo Pantes Tbk,,Consumer Cyclical,Tidak,TIPIS,38.0,"DER>3,bunga<1.5,laba-30%",1145,139.2,22.78,13.99,14.06,17.83,-248.1,-7.0,0.0,4.31,3.6,0.27,0.3,0.39,45.4,1172,1043.0,0.0,0.0,0.2,2026-10-06,121.16,13.29,23.84,2.24,17.91,0.52,0.51,1.31,123.84,3.6,1.8,0.0,0.31,9.0,80.0,10.0,39.0,62.0,6.7,,3.0,0.0,8.227,50.2605,,3174339029.0,109555901875.0,26115145051.0,34310125806.0,16878916047.0,687171143780.0,72465372190.0,614483689750.0,1182309653588.0,159543863030.0,94014379062.0,-28697291463.0,65317087599.0,2026-06-30,TTM,IDR
BREN,Barito Renewables Energy Tbk,Prajogo,Utilities,Tidak,JUAL,53.0,DER>3,2950,144.4,31.95,5.61,8.71,24.74,28.9,12.5,0.14,3.03,394.6,9.4,29.3,0.86,39.7,3278,5419.0,-8.4,-6.1,2.6,2026-10-06,,72.64,24.06,3.92,3.48,1.63,1.58,4.06,44.14,1.63,0.32,19.83,0.72,9.0,87.0,46.0,69.0,61.0,2.0,13.2,3.0,-0.01,20.4282,92.3429,4.09,133779520000.0,11358425760000.0,2732873280000.0,9706266240000.0,7944403200000.0,37445770080000.0,3591675840000.0,33779111520000.0,71803839840000.0,12353589600000.0,4455912960000.0,-3190797120000.0,1265115840000.0,2026-06-30,TTM-gabungan,USD
INET,Sinergi Inti Andalan Prima T,,Communication Services,Ya,JUAL,58.0,"FCF-,dilusi",266,162.5,1.64,10.22,0.86,1.89,790.6,3069.6,0.02,0.42,6.0,413.16,132.6,0.51,36.3,291,342.0,-3.4,-30.8,-58.2,2026-10-06,18.28,12.35,7.9,1.23,-42.95,3.7,3.7,3.47,43.77,9.6,-0.35,2.09,1.06,25.0,51.0,84.0,96.0,28.0,66.3,161.2,2.0,78.68,1.6365,162.5672,0.04,22374111088.0,463320510152.0,36614433881.0,68633082367.0,65952664667.0,1542564584166.0,4490291870699.0,-2947727286533.0,5690551419774.0,3637297437905.0,351470707287.0,-372595130668.0,-21124423381.0,2026-03-31,TTM,IDR
ROCK,Rockfields Properti Indonesi,,Real Estate,Ya,TIPIS,56.0,,3700,175.7,6.35,16.42,6.48,3.67,-22.8,-6.8,0.0,0.05,5.3,0.25,0.7,4.14,80.4,2057,2086.0,-0.1,-0.1,-0.1,2026-10-06,51.65,32.01,21.86,3.2,0.16,2.61,2.61,98.48,114.75,2.49,1.36,0.0,0.04,8.0,70.0,97.0,56.0,56.0,11.6,65.8,2.0,0.0,21.0579,582.5972,,1435185100.0,138229716676.0,30221943557.0,46340170576.0,45149686337.0,43988335713.0,60602818489.0,7527005563.0,939650763958.0,836134817102.0,75111741386.0,-2690859416.0,72420881970.0,2026-06-30,TTM,IDR
MMIX,Multi Medika Internasional T,,Healthcare,Ya,HOLD,53.0,kas<laba,925,177.3,168.2,10.49,97.79,94.88,,,0.0,0.02,4.4,25.33,22.0,0.39,83.8,804,473.0,4.0,7.4,28.2,2026-10-06,37.23,18.19,13.77,22.92,-0.04,1.26,0.81,37.6,132.19,0.24,0.03,0.0,0.8,9.0,73.0,87.0,,42.0,,,,,5.2176,5.4995,,4800000000.0,181842177291.0,25044692169.0,33578895203.0,33092867897.0,416240848.0,1624244003.0,-1208003155.0,109267361311.0,26397567356.0,6055318259.0,-4826959676.0,1228358583.0,,Tahunan,IDR
MORA,Ekamas Mora Republik Tbk.,,Communication Services,Ya,TIPIS,43.0,FCF-,4730,189.6,6.21,11.92,3.25,4.74,75.5,103.8,0.0,0.98,111.8,0.18,0.9,1.24,41.7,5313,7069.0,1.0,1.2,-1.0,2026-10-06,59.98,28.41,11.9,2.05,9.43,1.32,1.1,2.66,81.27,3.14,-0.75,0.0,1.45,9.0,64.0,43.0,58.0,42.0,-4.9,-8.2,1.0,0.0,24.9498,761.2422,,23646668691.0,4958774764820.0,589980532807.0,1556907629185.0,1446508767846.0,17603756394579.0,2824206316914.0,14687357404168.0,43126828029746.0,18000841166282.0,1850559475830.0,-2683890325656.0,-833330849826.0,2026-06-30,TTM-gabungan,IDR
BSWD,Bank Of India Indonesia Tbk.,,Financial Services,Tidak,TIPIS,41.0,,3600,190.6,3.72,14.38,4.23,1.98,120.0,1.8,0.0,0.0,13.3,0.01,0.0,0.0,99.2,1533,1320.0,0.0,0.0,0.0,2026-10-06,,,23.55,0.99,,,,,,1.54,0.98,0.0,0.21,9.0,31.0,,84.0,59.0,26.5,42.8,2.0,0.0,18.8926,966.925,,3688866845.0,295959053520.0,69692165006.0,,,2216338728.0,736758329936.0,-734541991208.0,7306694976531.0,3566857460971.0,107552955175.0,22095029227.0,129647984402.0,2026-06-30,TTM-gabungan,IDR
SMMT,Golden Eagle Energy Tbk.,,Energy,Ya,HOLD,33.0,laba-30%,3400,229.8,19.83,11.66,11.87,6.52,-62.9,-20.9,0.0,0.82,11.6,1.14,3.5,0.82,64.5,2389,1775.0,0.8,0.1,-3.9,2026-10-06,7.63,3.24,2.93,2.81,2.9,0.89,0.68,4.49,116.71,6.57,0.9,0.0,0.69,9.0,50.0,52.0,22.0,40.0,15.4,-44.1,1.0,8.73,14.7982,171.4533,,3425000000.0,1731925416480.0,50683843200.0,102313743840.0,102313743840.0,478672386240.0,182252462880.0,296419923360.0,2155294352640.0,587227438080.0,333048999840.0,-228422655360.0,104626344480.0,2026-03-31,TTM,USD
SAME,Sarana Meditama Metropolitan,,Healthcare,Ya,TIPIS,42.0,laba-30%,292,248.5,1.31,14.7,0.76,0.53,-45.2,15.9,0.0,0.23,5.0,0.47,0.1,0.33,45.5,299,329.0,0.0,-0.0,-0.2,2026-10-06,29.05,5.42,1.02,0.36,3.94,0.42,0.38,1.68,29.6,17.31,2.09,0.0,0.7,27.0,37.0,40.0,61.0,58.0,10.1,90.5,2.0,0.1,1.175,222.9047,,17164632545.0,1976828817263.0,20167986664.0,195288847344.0,116538161767.0,898047025763.0,128062031460.0,769197332284.0,5712516495098.0,3826077410805.0,349131024359.0,-244282085862.0,104848938497.0,2026-06-30,TTM-gabungan,IDR
CLAY,Citra Putra Realty Tbk.,,Consumer Cyclical,Tidak,TIPIS,52.0,DER>3,2820,274.8,253.76,27.62,156.64,166.13,418.0,84.7,0.0,9.37,7.2,0.02,0.0,0.58,63.0,2695,2700.0,0.0,0.0,-0.0,2026-10-06,54.63,29.01,15.06,5.04,4.21,0.41,0.4,2.86,129.6,2.16,0.63,0.0,0.2,9.0,91.0,20.0,85.0,59.0,4.0,,2.0,0.0,10.2608,11.1127,,2570000000.0,175055365614.0,26370200974.0,57798907622.0,52901660250.0,267461446847.0,23897303283.0,243564143564.0,514682060439.0,28559546710.0,56887632693.0,-11418849819.0,45468782874.0,2026-06-30,TTM,IDR
HUMI,Humpuss Maritim Internasiona,,Industrials,Tidak,JUAL,35.0,"FCF-,bunga<1.5,laba-30%",125,284.0,0.84,26.54,0.42,0.29,-83.4,-7.1,0.14,0.86,2.3,34.15,4.4,0.64,45.9,138,182.0,-0.2,-0.8,-1.3,2026-10-06,19.33,7.63,0.35,0.14,5.63,1.35,1.24,1.12,16.06,36.05,-19.21,0.0,2.51,36.0,37.0,41.0,27.0,30.0,11.9,-25.9,2.0,0.09,0.4401,149.6045,0.17,18062555417.0,2285086048800.0,7949642400.0,216487811040.0,195222377760.0,2321979056640.0,663193138560.0,1219016403360.0,6215615265120.0,2702239020480.0,286578450240.0,-720285375840.0,-433706925600.0,2026-03-31,TTM-gabungan,USD
RLCO,Abadi Lestari Indonesia Tbk.,,Consumer Defensive,Tidak,-,45.0,"OCF-,FCF-",4130,297.9,39.71,30.71,19.86,22.26,,,0.0,1.53,12.9,0.32,1.4,0.75,43.7,4517,,0.1,0.0,-0.8,2026-10-06,18.05,13.93,6.81,5.88,4.72,1.49,0.87,2.48,145.27,-1.24,-0.45,0.0,,9.0,47.0,40.0,89.0,49.0,18.7,67.1,2.0,0.0,13.8644,104.0048,,3125000000.0,636225640892.0,43326339484.0,91824220926.0,90768735027.0,498747000000.0,65768096690.0,432978903310.0,835822289074.0,325014861619.0,-53626742851.0,-32858700000.0,-58371847593.0,2026-06-30,TTM-gabungan,IDR
DCII,DCI Indonesia Tbk.,,Real Estate,Ya,TIPIS,59.0,FCF-,194600,415.3,100.2,38.81,102.24,28.12,-15.3,18.8,0.0,0.55,463.9,0.0,0.1,1.3,44.1,199018,204808.0,0.0,0.0,-0.2,2026-10-06,51.68,46.27,37.44,16.71,1.58,1.04,1.02,12.65,330.19,1.33,-0.2,0.0,1.64,8.0,94.0,73.0,74.0,42.0,34.5,39.6,3.0,0.0,468.5567,1942.0728,,2383745900.0,2983331000000.0,1116920000000.0,1411646000000.0,1408587000000.0,2552706000000.0,322516000000.0,2229149000000.0,8016886000000.0,4629408000000.0,1485664000000.0,-2432059000000.0,-946395000000.0,2026-06-30,TTM-gabungan,IDR
PGUN,Pradiksi Gunatama Tbk.,,Consumer Defensive,Ya,BOW,47.0,laba-30%,9275,442.4,27.68,45.61,13.84,6.4,-73.5,-21.2,0.08,0.15,53.2,0.14,1.3,0.4,49.0,8924,8870.0,0.0,0.2,0.1,2026-10-06,39.12,24.31,16.88,4.76,1.3,1.84,0.71,5.81,238.98,2.2,0.32,33.25,0.36,9.0,73.0,76.0,18.0,70.0,-7.7,-2.6,1.0,0.0,20.9633,335.1092,6.97,5737848882.0,712529402892.0,120284198954.0,223906709380.0,180480114257.0,291926187983.0,399112079.0,291527075904.0,2425365581412.0,1922805844805.0,264299287225.0,-96020649349.0,168278637876.0,2026-06-30,TTM-gabungan,IDR
CYBR,ITSEC Asia Tbk.,,Technology,Ya,JUAL,38.0,"OCF-,FCF-,laba-30%",490,479.6,25.89,8.82,12.63,7.81,-136.3,-45.5,0.0,0.17,6.6,28.72,14.7,1.25,40.7,537,655.0,0.1,1.5,5.8,2026-10-06,48.24,13.98,2.87,3.76,0.05,2.36,2.36,6.93,130.29,-1.39,-0.82,0.0,,7.0,30.0,89.0,35.0,41.0,41.3,,2.0,2.4,1.0217,18.9292,,13430497494.0,477874458603.0,13722099405.0,50529503852.0,38005022796.0,44119566358.0,7598632966.0,2672933324.0,463362507923.0,254228594710.0,-19019068210.0,-34733184159.0,-53752252369.0,2026-03-31,TTM-gabungan,IDR
BUVA,Bukit Uluwatu Villa Tbk.,Hapsoro,Consumer Cyclical,Tidak,JUAL,44.0,"FCF-,laba-30%,dilusi",675,634.1,7.71,63.73,4.76,1.47,-76.9,47.8,0.0,0.21,16.6,69.81,46.8,2.07,49.0,730,1040.0,-10.0,10.3,3.0,2026-10-06,70.76,17.94,6.83,1.08,2.26,1.78,1.76,2.43,170.5,3.5,-0.1,0.0,1.18,9.0,56.0,69.0,58.0,26.0,18.5,,2.0,19.56,1.0645,87.5344,,24617054642.0,383412133516.0,26205820701.0,98765986446.0,54205743607.0,455129707485.0,230776468678.0,223183531322.0,2732075317559.0,2154839009675.0,91799815271.0,-108428625949.0,-16628810678.0,2026-06-30,TTM-gabungan,IDR
CASA,Capital Financial Indonesia ,,Financial Services,Tidak,TIPIS,28.0,bunga<1.5,1800,664.0,11.97,50.11,13.6,1.88,43.0,-63.1,0.0,0.13,98.1,0.04,0.1,1.32,46.9,1822,1587.0,-1.9,-1.9,-2.0,2026-10-06,,,3.25,0.45,,,,1.25,,-19.15,-2.88,0.0,,9.0,14.0,,56.0,59.0,-22.1,67.0,2.0,0.0,2.7108,150.3217,,54476269803.0,4546165000000.0,147672000000.0,,1350363000000.0,1047675000000.0,2163527000000.0,-1115852000000.0,33546952000000.0,8188967000000.0,-2827378000000.0,1350000000.0,-2823100000000.0,2026-06-30,TTM-gabungan,IDR
AYAM,Janu Putra Sejahtera Tbk.,,Consumer Defensive,Ya,BUY,30.0,,520,1081.3,9.71,111.47,4.86,0.9,53.4,-46.2,0.0,0.19,2.1,23.77,11.9,1.22,69.6,473,391.0,1.9,5.1,11.1,2026-10-06,5.19,-0.97,0.88,0.38,5.19,1.0,0.1,1.59,297.64,4.58,0.29,0.0,0.31,9.0,37.0,41.0,24.0,59.0,-12.3,-81.8,0.0,0.0,0.4809,53.5258,,4000000000.0,218651476798.0,1923562689.0,7112273774.0,6711973900.0,39651500012.0,2762341762.0,36889158250.0,520440140932.0,214103014548.0,8817493872.0,-2748604941.0,6068888931.0,2026-03-31,TTM,IDR
BNBA,Bank Bumi Arta Tbk,,Financial Services,Tidak,TIPIS,24.0,laba-30%,815,1219.9,0.85,92.07,0.97,0.07,-36.0,-3.1,0.0,0.01,2.8,0.8,0.7,0.08,52.7,772,770.0,0.0,-0.2,-0.6,2026-10-06,,,0.68,0.03,,,,,,215.18,16.91,0.0,0.04,32.0,4.0,,24.0,59.0,-2.7,-37.6,2.0,0.0,0.6681,956.4976,,3388000000.0,333649345899.0,2263390932.0,,,28565442928.0,1267835864494.0,-1239270421566.0,8453477003505.0,3240613745673.0,487043579781.0,-20175009900.0,466868569881.0,2026-03-31,TTM,IDR
BOGA,Apollo Global Interactive Tb,,Consumer Cyclical,Ya,TIPIS,34.0,bunga<1.5,1615,1488.2,13.55,149.57,8.36,0.91,17.6,-29.7,0.0,0.59,6.1,0.01,0.0,1.5,56.8,1594,1413.0,-0.0,-0.0,-0.0,2026-10-06,15.12,4.2,1.27,0.52,1.84,1.27,1.16,1.44,155.45,10.45,0.68,0.0,0.01,9.0,41.0,58.0,22.0,53.0,-21.0,-45.3,1.0,0.0,1.0852,119.1866,,3803526210.0,323949408651.0,4127670012.0,39989597112.0,35181739436.0,269110231992.0,195607441653.0,73502790339.0,784898587251.0,453329506437.0,43136446752.0,-323973556.0,41560055618.0,2026-03-31,TTM,IDR
EURO,Estee Gold Feet Tbk.,,Consumer Defensive,Ya,JUAL,34.0,"FCF-,payout>100",1385,1775.2,66.61,183.01,33.3,3.68,,,0.06,,3.5,3.87,5.6,3.45,41.6,1590,1559.0,-0.0,-0.1,-0.5,2026-10-06,21.77,1.07,8.66,3.32,,9.03,9.03,5.14,,0.59,-0.08,111.11,3.28,10.0,37.0,83.0,7.0,41.0,-8.9,-30.3,0.0,0.0,0.7802,20.7941,0.8,2548826428.0,22958676000.0,1988619000.0,693103000.0,245346000.0,,7181500000.0,,59233564000.0,53000668000.0,1166178000.0,-3824819000.0,-2658641000.0,,Tahunan,IDR
SURE,Super Energy Tbk.,,Energy,Tidak,TIPIS,37.0,"ekuitas-,FCF-,bunga<1.5",3000,1849.0,-13.97,93.86,,-0.79,81.3,89.9,0.0,-3.96,4.5,0.0,0.0,2.01,52.0,2855,2775.0,0.0,0.0,-0.0,2026-10-06,31.2,4.11,0.36,0.17,13.63,0.63,0.61,0.76,63.79,17.09,-7.81,0.0,9.45,10.0,35.0,32.0,80.0,30.0,11.2,,1.0,0.0,1.6225,-214.7392,,1497576771.0,681344553310.0,2429858151.0,89561056529.0,33379306080.0,1272859188010.0,26462974761.0,1220516958116.0,1682730847897.0,-321588497915.0,41534715482.0,-392536189184.0,-351001473702.0,2026-06-30,TTM-gabungan,IDR
CARE,Metro Healthcare Indonesia T,,Healthcare,Ya,WSE,41.0,"FCF-,bunga<1.5",376,2084.3,4.13,123.33,2.4,0.2,107.5,18.4,0.0,0.35,12.5,65.75,25.5,0.01,29.8,415,470.0,-0.0,-0.2,-3.6,2026-10-06,49.9,18.88,1.22,0.15,6.0,0.87,0.86,1.11,121.76,6.63,-1.38,0.0,5.3,9.0,43.0,38.0,85.0,38.0,19.1,,2.0,0.0,0.1804,90.958,,33250000000.0,493131441794.0,5999726764.0,107994561623.0,107994561623.0,1061875186934.0,414279818127.0,647595368807.0,4156631939319.0,3024353450287.0,39754268693.0,-210756461260.0,-172791755485.0,2026-06-30,TTM-gabungan,IDR
BMAS,Bank Kasikorn Indonesia Tbk.,,Financial Services,Tidak,TIPIS,27.0,,478,2331.7,1.33,175.98,1.51,0.06,100.9,-2.1,0.0,0.7,8.7,0.58,0.3,0.39,41.4,500,524.0,0.0,-0.0,0.0,2026-10-06,,,0.48,0.02,,,,,,-2124.84,-91.18,0.0,,19.0,3.0,,51.0,59.0,16.5,-34.8,1.0,0.0,0.205,359.2762,,18102662304.0,780661597000.0,3711009000.0,,,4521420035000.0,3579757382000.0,923785118000.0,25123018467000.0,6503855693000.0,-7885282132000.0,-4628104000.0,-7889910236000.0,2026-03-31,TTM-gabungan,IDR
MDIA,Intermedia Capital Tbk.,,Communication Services,Ya,BOW,35.0,bunga<1.5,155,2337.9,6.62,147.04,3.47,0.28,85.8,-15.2,0.0,0.72,6.1,253.44,49.4,0.59,36.7,216,115.0,-4.6,-5.4,-15.9,2026-10-06,50.72,14.13,0.45,0.07,11.29,0.87,0.54,1.44,117.23,42.24,1.64,0.0,0.09,9.0,40.0,33.0,50.0,59.0,-21.8,,2.0,0.0,0.0663,23.4133,,39215538400.0,579954740000.0,2600395000.0,57376363000.0,31920211000.0,661177506000.0,11667698000.0,647994117000.0,3129717378000.0,918164178000.0,109845291000.0,-10172025000.0,99673266000.0,2026-03-31,TTM,IDR
GOTO,GoTo Gojek Tokopedia Tbk.,LQ45,Technology,Tidak,WSE,59.0,bunga<1.5,29,17058.8,0.95,313.58,0.46,0.01,223.4,33.6,0.0,0.25,30.9,6275.98,186.9,3.02,9.5,48,54.0,-255.6,-1385.3,-1382.0,2026-10-06,59.98,2.77,0.01,0.0,-8.44,2.61,2.61,1.16,11.32,1428.91,6.89,0.0,0.19,43.0,33.0,77.0,88.0,71.0,17.3,,2.0,1.03,0.0017,30.3892,,1066092420829.0,20757261000000.0,1850000000.0,1564676000000.0,774536000000.0,8220598000000.0,21420909000000.0,-13200311000000.0,47476833000000.0,32397681000000.0,2643487000000.0,-513511000000.0,2129976000000.0,2026-06-30,TTM-gabungan,IDR
WBSA,BSA Logistics Indonesia Tbk.,,Industrials,Ya,-,,,605,,,,,,,,0.0,,5.2,10.81,7.1,0.99,37.2,656,,0.1,-2.4,-5.2,2026-10-06,,,,,,,,,,,,,,,,,,,,,,,,,,8675000000.0,,,,,,,,,,,,,,,
LPLI,,,,Ya,TIPIS,,,206,,,,,,,,0.0,,,0.23,0.1,0.31,21.8,237,291.0,-0.0,-0.0,-0.1,2026-10-06,,,,,,,,,,,,,,,,,,,,,,,,,,,,,,,,,,,,,,,,,
ALKA,,,,Ya,TIPIS,,,5700,,,,,,,,0.0,,,0.15,0.9,4.39,49.4,4444,1549.0,-0.0,-0.0,-0.0,2026-10-06,,,,,,,,,,,,,,,,,,,,,,,,,,,,,,,,,,,,,,,,,
MAPB,,,,Ya,TIPIS,,,1195,,,,,,,,0.0,,,0.01,0.0,0.19,52.4,1174,1360.0,0.0,0.0,-0.0,2026-10-06,,,,,,,,,,,,,,,,,,,,,,,,,,,,,,,,,,,,,,,,,
DOOH,,,,Ya,BOW,,,352,,,,,,,,0.0,,,151.85,57.6,1.13,48.9,328,217.0,-0.3,-0.6,-33.0,2026-10-06,,,,,,,,,,,,,,,,,,,,,,,,,,,,,,,,,,,,,,,,,
SONA,,,,Tidak,TIPIS,,,3200,,,,,,,,0.0,,,0.09,0.3,3.63,56.2,2603,2290.0,0.0,-0.0,0.0,2026-10-06,,,,,,,,,,,,,,,,,,,,,,,,,,,,,,,,,,,,,,,,,
AGAR,,,,Ya,BUY,,,1935,,,,,,,,0.0,,,2.17,5.0,1.35,51.3,1629,600.0,-0.4,-0.2,-0.0,2026-10-06,,,,,,,,,,,,,,,,,,,,,,,,,,,,,,,,,,,,,,,,,
RONY,,,,Tidak,TIPIS,,,1490,,,,,,,,0.0,,,0.05,0.1,0.4,54.6,1364,2012.0,-0.0,0.0,-0.0,2026-10-06,,,,,,,,,,,,,,,,,,,,,,,,,,,,,,,,,,,,,,,,,
COCO,Wahana Interfood Nusantara T,,Consumer Defensive,Tidak,WSE,,,132,,,,,,,,0.0,,1.9,606.02,79.0,1.3,58.4,115,251.0,-13.4,-15.8,-30.7,2026-10-06,,,,,,,,,,,,,,,,,,,,,,,,,,14237823696.0,,,,,,,,,,,,,,,IDR
BEKS,,,,Tidak,BUY,,,30,,,,,,,,0.0,,,93.97,2.6,3.98,65.0,23,26.0,0.1,0.5,0.4,2026-10-06,,,,,,,,,,,,,,,,,,,,,,,,,,,,,,,,,,,,,,,,,
ACST,,,,Tidak,TIPIS,,,89,,,,,,,,0.0,,,2.0,0.2,0.4,44.1,93,104.0,0.0,0.0,-0.1,2026-10-06,,,,,,,,,,,,,,,,,,,,,,,,,,,,,,,,,,,,,,,,,
