Ticker,Nama,Sektor,Industri,Periode,Basis,MataUang,Diperbarui,Saham,EPS,BVPS,DPS,Omzet,LabaBersih,EBITDA,EBIT,MarginKotor%,MarginOperasi%,MarginBersih%,ROE%,ROA%,TotalUtang,Kas,UtangBersih,TotalAset,Ekuitas,DER,UtangBersih/EBITDA,CurrentRatio,QuickRatio,InterestCoverage,OCF,Capex,FCF,OCF/Laba,Payout%,OmzetYoY%,LabaYoY%,OmzetCAGR3%,LabaCAGR3%,TahunLabaNaik,SahamYoY%
ACES,Aspirasi Hidup Indonesia Tbk,Consumer Cyclical,Specialty Retail,2026-06-30,TTM-gabungan,IDR,2026-09-02,17120389700.0,44.7514,371.7251,32.01,8908461631750.0,766162246072.0,1621458585540.0,1014150493932.0,47.65,7.2,8.6,11.8,8.87,988865868411.0,1166703195453.0,-177837327042.0,8826928053044.0,6364078418614.0,0.16,-0.11,4.94,2.28,11.96,1228204293854.0,-191704862144.0,1036499431710.0,1.6,71.71,2.3,60.2,8.5,0.2,2.0,-0.17
ADRO,Alamtri Resources Indonesia ,Energy,Thermal Coal,2026-03-31,TTM-gabungan,USD,2026-09-02,28800494200.0,307.794,3019.0995,236.52,34859576640000.0,8864619840000.0,12430188480000.0,12355152480000.0,35.91,30.38,25.43,10.16,7.19,18817874400000.0,20575830240000.0,-1757955840000.0,127612384320000.0,86951556960000.0,0.22,-0.14,4.32,4.1,79.15,12580562400000.0,-14295024000000.0,-1714461600000.0,1.42,76.93,119.8,-35.0,-38.6,-43.6,0.0,-4.78
AKRA,AKR Corporindo Tbk,Energy,Oil & Gas Refining & Marketing,2026-06-30,TTM-gabungan,IDR,2026-09-02,19799769600.0,137.544,654.4711,100.0,55443442886000.0,2723338865000.0,3691958523000.0,3640446573000.0,7.99,5.93,4.91,21.7,7.57,5454476951000.0,8866238987000.0,875908678000.0,39295481702000.0,12958376732000.0,0.42,0.24,1.33,1.04,51.78,7757177689000.0,-1002622794000.0,6754554895000.0,2.85,72.6,74.6,37.0,-1.1,1.0,2.0,0.24
AMMN,Amman Mineral Internasional ,Basic Materials,Other Precious Metals & Mining,2026-03-31,TTM-gabungan,USD,2026-09-02,72412413856.0,134.3816,1345.549,,47105007840000.0,9730899360000.0,20804827680000.0,20804827680000.0,46.58,41.13,20.66,10.29,4.36,115020704160000.0,14466780960000.0,100553923200000.0,248818807680000.0,97434450240000.0,1.18,4.83,2.62,1.64,2.72,12698400000.0,-20013619680000.0,-20000921280000.0,0.0,0.0,377.9,299.7,-13.3,-38.9,1.0,-0.15
AMRT,Sumber Alfaria Trijaya Tbk,Consumer Defensive,Grocery Stores,2026-06-30,TTM-gabungan,IDR,2026-09-02,41091832700.0,86.4454,433.1946,41.5,130880167000000.0,3552199000000.0,9510989000000.0,4846546000000.0,22.1,2.67,2.71,20.22,7.96,2703086000000.0,4097782000000.0,-1394696000000.0,42788957000000.0,17800758000000.0,0.15,-0.15,1.04,0.39,28.53,8190841000000.0,-4896958000000.0,3293883000000.0,2.31,48.24,-0.2,-2.6,9.4,6.1,2.0,-1.04
ANTM,ANTAM (Persero) Tbk.,Basic Materials,Gold,2026-03-31,TTM-gabungan,IDR,2026-09-02,24030764724.0,353.0653,1616.5529,209.99,87814076000000.0,8484428000000.0,11897150000000.0,11726483000000.0,17.84,9.98,9.66,24.14,15.74,8731397000000.0,9038508000000.0,-307111000000.0,63295662000000.0,38847003000000.0,0.22,-0.03,1.98,0.97,89.02,-382963000000.0,-511986000000.0,-894949000000.0,-0.05,56.69,12.8,135.6,22.6,23.6,2.0,0.0
ARTO,Bank Jago Tbk.,Financial Services,Banks - Regional,2026-06-30,TTM-gabungan,IDR,2026-09-02,13861330900.0,24.4013,651.1965,,2884200000000.0,338235000000.0,,,,,11.73,3.84,0.92,1829377000000.0,5268771000000.0,-3439394000000.0,41422771000000.0,9026450000000.0,0.2,,,,,4248301000000.0,-679777000000.0,3568524000000.0,12.56,0.0,28.9,71.4,23.5,158.9,3.0,0.0
ASII,Astra International Tbk,Industrials,Conglomerates,2026-06-30,TTM-gabungan,IDR,2026-09-02,39920061040.0,746.1662,5763.2176,390.0,318448000000000.0,29787000000000.0,45726000000000.0,45726000000000.0,21.69,10.65,9.35,13.2,5.9,119198000000000.0,46150000000000.0,71111000000000.0,514517000000000.0,230068000000000.0,0.52,1.56,1.19,0.95,12.32,37806000000000.0,-13909000000000.0,23897000000000.0,1.27,52.7,-4.9,-3.6,2.4,4.2,2.0,-1.39
BBCA,Bank Central Asia Tbk,Financial Services,Banks - Regional,2026-06-30,TTM-gabungan,IDR,2026-09-02,122841751300.0,472.6025,2201.5116,381.0,114998536000000.0,58055319000000.0,,,,,50.48,22.47,3.63,2187729000000.0,95713174000000.0,-93525445000000.0,1660579336000000.0,270437543000000.0,0.01,,,,,68847541000000.0,-3073189000000.0,65774352000000.0,1.19,75.42,4.4,5.0,8.5,12.2,3.0,-0.35
BBNI,Bank Negara Indonesia  (Pers,Financial Services,Banks - Regional,2026-06-30,TTM-gabungan,IDR,2026-09-02,37219456816.0,556.2279,4402.6316,349.41,61543195000000.0,20702500000000.0,,,,,33.64,12.47,1.59,79320148000000.0,177448704000000.0,-98128556000000.0,1461001157000000.0,163863555000000.0,0.48,,,,,19678040000000.0,-3462659000000.0,16723596000000.0,0.95,62.96,16.9,-5.3,0.8,3.1,2.0,-0.1
BBRI,Bank Rakyat Indonesia (Perse,Financial Services,Banks - Regional,2026-03-31,TTM-gabungan,IDR,2026-09-02,150574927704.0,388.6673,2246.0813,418.0,191720211000000.0,58523545000000.0,,,,,30.53,17.86,2.76,206869633000000.0,181084610000000.0,25434090000000.0,2249833632000000.0,338203528000000.0,0.61,,,,,-8726810000000.0,-5106725000000.0,-13833535000000.0,-0.15,85.01,15.2,2.7,6.7,3.5,1.0,-0.05
BBTN,Bank Tabungan Negara (Perser,Financial Services,Banks - Regional,2026-06-30,TTM-gabungan,IDR,2026-09-02,14034444413.0,299.0483,2676.1136,53.57,20386482000000.0,4196977000000.0,,,,,20.59,11.81,0.83,61379379000000.0,27385200000000.0,33777535000000.0,545161326000000.0,37557768000000.0,1.63,,,,,-17029561000000.0,-1853416000000.0,-18882977000000.0,-4.06,0.0,8.8,43.2,9.4,4.8,2.0,0.0
BMRI,Bank Mandiri (Persero) Tbk,Financial Services,Banks - Regional,2026-06-30,TTM-gabungan,IDR,2026-09-02,92973333332.0,669.5596,3061.0218,476.96,138319198000000.0,62251187000000.0,,,,,45.01,23.11,2.49,225867427000000.0,270161458000000.0,-44294031000000.0,2527568193000000.0,284593401000000.0,0.79,,,,,6171549000000.0,-6549172000000.0,-377623000000.0,0.1,71.47,-5.3,13.9,6.6,11.0,3.0,-0.39
BRIS,Bank Syariah Indonesia (Pers,Financial Services,Banks - Regional,2026-03-31,TTM-gabungan,IDR,2026-09-02,46129260138.0,171.0156,1100.5845,32.81,25009100000000.0,7888825000000.0,,,,,31.54,16.47,1.82,10578378000000.0,62326078000000.0,-51747700000000.0,460131020000000.0,50769149000000.0,0.21,,,,,14619868000000.0,-2736093000000.0,11883775000000.0,1.85,18.96,16.9,15.9,10.6,21.1,3.0,0.0
BRPT,Barito Pacific Tbk.,Basic Materials,Chemicals,2026-06-30,TTM-gabungan,USD,2026-09-02,93711740929.0,26.6211,461.2234,1.63,179162791200000.0,2494711680000.0,26086882560000.0,17544446880000.0,15.68,5.95,1.39,6.74,0.94,152237103840000.0,56508625920000.0,87772512960000.0,336584323200000.0,43222050240000.0,3.52,3.36,2.18,1.55,2.12,5159066880000.0,-18227674080000.0,-13068607200000.0,2.07,6.07,302.7,518.9,37.1,553.0,3.0,0.0
BUKA,Bukalapak.com Tbk.,Consumer Cyclical,Internet Retail,2026-06-30,TTM-gabungan,IDR,2026-09-02,91833653260.0,20.2199,264.5843,,7414665894000.0,1856863630000.0,2001979029000.0,1909403929000.0,7.63,-0.35,25.04,7.76,7.52,105978572000.0,14249892611000.0,-14143914039000.0,24879814690000.0,24297741443000.0,0.0,-7.06,42.87,42.25,85.84,351855346000.0,-21273528000.0,330581818000.0,0.19,0.0,11.4,-456.9,21.6,16.6,1.0,-10.95
CPIN,Charoen Pokphand Indonesia T,Consumer Defensive,Farm Products,2026-06-30,TTM-gabungan,IDR,2026-09-02,16398000000.0,454.4337,2128.1364,180.0,77061799000000.0,7451803000000.0,10742932000000.0,10441748000000.0,19.01,13.12,9.67,22.34,15.5,9848829000000.0,5368132000000.0,4070467000000.0,52380933000000.0,34897180000000.0,0.28,0.38,2.68,0.77,23.98,5366489000000.0,-2025137000000.0,3341352000000.0,0.72,39.65,10.0,-26.5,7.5,24.4,2.0,0.0
ESSA,ESSA Industries Indonesia Tb,Basic Materials,Chemicals,2026-03-31,TTM-gabungan,USD,2026-09-02,17226975700.0,52.4938,479.7571,52.0,5693970125760.0,904310197920.0,1701736897440.0,1641505597920.0,37.5,28.19,15.88,11.55,7.4,2389146240.0,2922561766080.0,-2920172619840.0,12126491130240.0,8264763194880.0,0.0,-1.72,11.46,9.57,123.59,2330105393280.0,-139690161120.0,2190415232160.0,2.58,20.23,33.6,61.5,-26.1,-33.8,1.0,0.0
EXCL,XLSMART Telecom Sejahtera Tb,Communication Services,Telecom Services,2026-03-31,TTM,IDR,2026-09-02,18199862451.0,-303.7448,1601.2602,159.0,45664124000000.0,-5528113000000.0,17992707000000.0,-2556252000000.0,59.4,-3.69,-12.11,-20.3,-5.62,61286049000000.0,2701618000000.0,18415894000000.0,111850228000000.0,29142715000000.0,2.1,1.02,0.4,0.4,-0.62,20025876000000.0,-9861198000000.0,10164678000000.0,-3.62,38.27,37.4,-286.4,13.4,,2.0,39.23
GGRM,Gudang Garam Tbk,Consumer Defensive,Tobacco,2026-06-30,TTM-gabungan,IDR,2026-09-02,1924088000.0,2347.547,33264.912,800.0,86178654000000.0,4516887000000.0,6967555000000.0,6220225000000.0,12.98,7.21,5.24,7.17,5.57,761931000000.0,8719955000000.0,1235157000000.0,77787029000000.0,64004618000000.0,0.01,0.18,3.64,1.09,98.14,12227339000000.0,-1766701000000.0,10460638000000.0,2.71,34.86,-8.7,46466.0,-10.5,-17.6,2.0,0.0
GOTO,GoTo Gojek Tokopedia Tbk.,Technology,Software - Infrastructure,2026-06-30,TTM-gabungan,IDR,2026-09-02,1066092420829.0,0.0017,30.3892,,20757261000000.0,1850000000.0,1564676000000.0,774536000000.0,59.98,2.77,0.01,0.01,0.0,8220598000000.0,21420909000000.0,-13200311000000.0,47476833000000.0,32397681000000.0,0.25,-8.44,2.61,2.61,1.16,2643487000000.0,-513511000000.0,2129976000000.0,1428.91,0.0,33.6,223.4,17.3,,2.0,1.03
HRUM,Harum Energy Tbk.,Basic Materials,Other Industrial Metals & Mining,2026-06-30,TTM-gabungan,USD,2026-09-02,13148556400.0,59.6545,1299.6253,,31493639919360.0,784371074880.0,3508961090880.0,3517404621120.0,18.76,13.29,2.49,4.75,1.32,10218894218880.0,2574069078720.0,7644825140160.0,68015856308640.0,17088195907680.0,0.6,2.18,1.85,1.32,5.11,3891698308320.0,-10531919813280.0,-6640221504960.0,4.96,0.0,145.6,394.8,14.0,-50.1,0.0,-0.77
ICBP,Indofood CBP Sukses Makmur T,Consumer Defensive,Packaged Foods,2026-06-30,TTM-gabungan,IDR,2026-09-02,11661908000.0,633.8031,4524.6466,265.0,79113383000000.0,7391353000000.0,14200486000000.0,13844990000000.0,34.89,20.41,9.34,14.7,5.38,50171691000000.0,33537992000000.0,16383859000000.0,143985924000000.0,52766012000000.0,0.95,1.15,3.58,3.1,6.23,12933186000000.0,-2330029000000.0,10603157000000.0,1.75,41.86,-0.2,-57.5,4.9,26.2,3.0,0.0
INCO,Vale Indonesia Tbk.,Basic Materials,Other Industrial Metals & Mining,2026-06-30,TTM-gabungan,USD,2026-09-02,10539784534.0,256.7788,4770.9458,77.9,19651866240000.0,2706393120000.0,3495008160000.0,3495008160000.0,21.06,13.45,13.77,5.45,4.64,28096320000.0,1965357120000.0,-1937260800000.0,60088260480000.0,50284740480000.0,0.0,-0.55,1.58,0.77,37.49,3196018560000.0,-9166362240000.0,-5970343680000.0,1.18,29.54,40.6,178.8,-5.7,-27.6,2.0,0.0
INDF,Indofood Sukses Makmur Tbk,Consumer Defensive,Packaged Foods,2026-06-30,TTM-gabungan,IDR,2026-09-02,8780426500.0,1089.9976,8730.9514,290.0,129175490000000.0,9570644000000.0,23341801000000.0,22627674000000.0,33.09,19.07,7.41,13.27,4.35,79417117000000.0,54125470000000.0,25033048000000.0,231245059000000.0,76661477000000.0,1.04,1.07,2.03,1.59,5.54,20143401000000.0,-4351748000000.0,15791653000000.0,2.1,26.61,0.3,-35.2,3.7,18.9,3.0,0.0
INKP,Indah Kiat Pulp & Paper Tbk.,Basic Materials,Paper & Paper Products,2026-06-30,TTM,USD,2026-09-02,5470982941.0,2148.8855,23347.3831,75.0,58749866880000.0,11756516160000.0,18916886400000.0,18806152800000.0,32.78,22.13,20.01,9.63,5.18,92126838720000.0,12909832800000.0,78987777600000.0,235307212800000.0,127733134560000.0,0.72,4.18,2.73,2.53,3.61,14178145440000.0,-14248705920000.0,-70560480000.0,1.21,3.46,13.2,816.5,-7.5,-19.1,2.0,0.0
INTP,Indocement Tunggal Prakarsa ,Basic Materials,Building Materials,2026-06-30,TTM-gabungan,IDR,2026-09-02,3283724199.0,713.7219,6732.802,468.0,18149552000000.0,2343666000000.0,3303385000000.0,3008341000000.0,32.71,11.18,12.91,10.55,7.77,2701245000000.0,3911459000000.0,-1210214000000.0,30231555000000.0,22108665000000.0,0.12,-0.37,1.47,1.09,18.58,3681716000000.0,-990926000000.0,2690790000000.0,1.57,66.26,15.9,77.7,2.8,6.9,3.0,-1.98
ISAT,Indosat Tbk,Communication Services,Telecom Services,2026-06-30,TTM-gabungan,IDR,2026-09-02,32250810957.0,232.0361,1148.8036,111.0,60061700000000.0,7483353000000.0,30148848000000.0,13983574000000.0,58.56,20.89,12.46,20.83,5.94,70718320000000.0,15781626000000.0,2724939000000.0,138306488000000.0,37049849000000.0,1.91,0.09,0.67,0.66,3.35,23738631000000.0,-13626061000000.0,10112570000000.0,3.17,47.84,13.7,114.9,6.5,5.3,2.0,0.0
ITMG,Indo Tambangraya Megah Tbk,Energy,Thermal Coal,2026-03-31,TTM,USD,2026-09-02,1114899100.0,2877.6512,30541.5855,1730.0,33675943680000.0,3208290720000.0,5880780000000.0,5193219360000.0,25.33,13.83,9.53,9.25,7.44,1448434560000.0,13269721440000.0,-11821286880000.0,42712125120000.0,34050786240000.0,0.04,-2.01,3.61,3.36,32.44,5412306720000.0,-1729486560000.0,3682820160000.0,1.69,53.42,3.1,-15.8,-19.7,-45.8,0.0,-1.33
JSMR,Jasa Marga (Persero) Tbk,Industrials,Infrastructure Operations,2026-03-31,TTM-gabungan,IDR,2026-09-02,7257871200.0,483.1367,5108.2089,156.23,29318964000000.0,3506544000000.0,10210450000000.0,10093554000000.0,41.07,32.06,11.96,9.86,2.27,75337011000000.0,5812506000000.0,69352755000000.0,160538245000000.0,37074722000000.0,2.03,6.79,0.58,0.57,2.78,6257647000000.0,-11971039000000.0,-5713392000000.0,1.78,30.69,-22.7,-37.3,21.7,10.0,1.0,0.0
KLBF,Kalbe Farma Tbk,Healthcare,Drug Manufacturers - General,2026-06-30,TTM-gabungan,IDR,2026-09-02,45248860110.0,79.7705,537.6733,20.0,37781234787212.0,3609522416132.0,5064445900399.0,4726913742838.0,37.97,12.15,9.55,15.09,11.34,825354000000.0,4831831000000.0,-4006477000000.0,33078098000000.0,24329106000000.0,0.03,-0.79,3.15,1.96,176.03,3224023111714.0,-930776206287.0,2293246905427.0,0.89,25.13,11.5,-17.3,6.9,2.7,2.0,-0.87
MAPI,Mitra Adiperkasa Tbk,Consumer Cyclical,Department Stores,2026-06-30,TTM-gabungan,IDR,2026-09-02,16600000000.0,149.7428,921.2323,10.0,50897695000000.0,2485730000000.0,7898924000000.0,4469829000000.0,38.08,9.3,4.88,17.99,7.45,8922017000000.0,4421056000000.0,113672000000.0,35416597000000.0,15292457000000.0,0.58,0.01,1.64,0.79,8.04,6537628000000.0,-2070834000000.0,4466794000000.0,2.63,13.42,23.8,24.4,16.0,1.8,1.0,0.37
MBMA,Merdeka Battery Materials Tb,Basic Materials,Other Industrial Metals & Mining,2026-03-31,TTM,USD,2026-09-02,107995419900.0,10.3555,266.3895,,27058116274080.0,1118347164480.0,4178050354080.0,4159449453600.0,17.88,15.28,4.13,3.97,1.7,19729039283040.0,6212413332480.0,13456427293920.0,70476657772800.0,28768846231680.0,0.69,3.22,1.6,1.18,6.93,3569162056320.0,-3144818149440.0,424343906880.0,3.19,0.0,24.3,966.3,46.6,10.9,2.0,0.0
MDKA,Merdeka Copper Gold Tbk.,Basic Materials,Other Industrial Metals & Mining,2026-03-31,TTM,USD,2026-09-02,24416902071.0,-0.6325,619.6295,12.29,35748699782400.0,-15442764000.0,5655823421760.0,5582488456800.0,18.7,14.79,-0.04,-0.1,-0.02,40754789925600.0,9675232700160.0,29689987368480.0,107036218629120.0,15129433359840.0,2.69,5.25,1.33,0.92,2.17,6491559098400.0,-8858369279040.0,-2366810180640.0,-420.36,0.0,23.5,1637.8,29.6,,0.0,0.02
MEDC,Medco Energi Internasional T,Energy,Oil & Gas E&P,2026-03-31,TTM-gabungan,USD,2026-09-02,24680621344.0,108.4324,1580.492,64.5,44451072716160.0,2676178600320.0,14140624420800.0,13997587369920.0,37.5,27.62,6.02,6.98,1.86,66581571105120.0,9482072027520.0,53036865813120.0,146926325481120.0,39007524060480.0,1.71,3.75,1.12,1.02,2.42,17204670019200.0,-9285951633120.0,7918718386080.0,6.43,53.25,8.5,-28.4,1.2,-42.5,1.0,-1.53
PGAS,Perusahaan Gas Negara (Perse,Utilities,Utilities - Regulated Gas,2026-03-31,TTM-gabungan,USD,2026-09-02,24241508196.0,178.6122,2073.0017,125.61,69955154464800.0,4329829480800.0,10279274134080.0,10124931706560.0,18.17,13.66,6.19,8.62,3.86,19237329618240.0,24152514047040.0,-4915184428800.0,110153446884960.0,50252688439680.0,0.38,-0.48,2.01,1.9,11.17,8871960367680.0,-3517199546400.0,5354760821280.0,2.05,112.1,-4.4,18.9,3.7,-12.9,1.0,0.0
PGEO,Pertamina Geothermal Energy ,Utilities,Utilities - Renewable,2026-06-30,TTM-gabungan,USD,2026-09-02,41899535623.0,62.8864,850.3502,49.44,8221157280000.0,2634909120000.0,4390929120000.0,4354059360000.0,52.22,45.08,32.05,7.33,4.95,13164884160000.0,11661819840000.0,1429804320000.0,52691700000000.0,35629277280000.0,0.37,0.33,4.36,4.22,7.95,5716588800000.0,-1674945600000.0,4041643200000.0,2.17,81.37,16.7,13.8,3.9,2.6,1.0,0.94
PTBA,Bukit Asam (Persero) Tbk.,Energy,Thermal Coal,2026-03-31,TTM-gabungan,IDR,2026-09-02,11514357245.0,290.0963,2043.8109,114.51,42623005000000.0,3340272000000.0,4794162000000.0,4498807000000.0,15.85,8.04,7.84,14.51,7.86,2719627000000.0,4192245000000.0,-1472618000000.0,43228243000000.0,23533169000000.0,0.12,-0.31,1.27,0.94,21.38,7108016000000.0,-3804452000000.0,3303564000000.0,2.13,114.63,-18.0,-57.2,0.0,-38.5,0.0,0.0
SIDO,Industri Jamu dan Farmasi Si,Consumer Defensive,Packaged Foods,2026-06-30,TTM-gabungan,IDR,2026-09-02,29435200000.0,32.6951,101.7546,37.0,3717612000000.0,962387000000.0,1267392000000.0,1240274000000.0,55.54,31.9,25.89,28.71,26.16,1591000000.0,475644000000.0,-474053000000.0,3260699000000.0,2995167000000.0,0.0,-0.37,7.52,4.93,881.5,1205337000000.0,-62047000000.0,1143290000000.0,1.25,113.53,4.7,-20.0,1.8,3.6,2.0,-1.88
SMGR,Semen Indonesia (Persero) Tb,Basic Materials,Building Materials,2026-03-31,TTM-gabungan,IDR,2026-09-02,6735544090.0,33.9408,6465.2937,28.33,35877488000000.0,228610000000.0,2063242000000.0,1416505000000.0,20.01,4.52,0.64,0.52,0.3,10101958000000.0,4701897000000.0,4642273000000.0,75459729000000.0,43547271000000.0,0.23,2.25,1.14,0.81,1.86,3966556000000.0,-1187138000000.0,2779418000000.0,17.35,282.99,-16.2,200755.0,-1.1,-56.8,0.0,-0.24
SMRA,Summarecon Agung Tbk,Real Estate,Real Estate - Development,2026-06-30,TTM,IDR,2026-09-02,16508568358.0,36.0677,720.4474,5.0,8437629969000.0,595425686000.0,2746663469000.0,2640674435000.0,100.09,80.01,7.06,5.11,1.55,15076181413000.0,4838796933000.0,10202614575000.0,41303951908000.0,11893555693000.0,1.27,3.71,1.09,0.4,2.26,1460340581000.0,-150579162000.0,1309761419000.0,2.45,13.87,-18.5,-46.2,15.3,7.0,2.0,0.0
TLKM,Telkom Indonesia (Persero) T,Communication Services,Telecom Services,2026-06-30,TTM,IDR,2026-09-02,98580940800.0,173.8064,1200.3639,223.17,149616000000000.0,17134000000000.0,74468000000000.0,35810000000000.0,66.88,23.04,11.45,13.68,5.74,80885000000000.0,54579000000000.0,2336000000000.0,303087000000000.0,118333000000000.0,0.68,0.03,0.79,0.78,7.72,66131000000000.0,-25589000000000.0,40542000000000.0,3.86,125.16,6.4,21.6,-0.1,-5.5,1.0,-0.49
TOWR,Sarana Menara Nusantara Tbk.,Real Estate,Real Estate Services,2026-06-30,TTM-gabungan,IDR,2026-09-02,58211582377.0,66.7037,490.1916,13.78,14139245000000.0,3882929000000.0,6677392000000.0,6677392000000.0,66.42,56.12,27.46,16.15,4.82,45524849000000.0,941560000000.0,44094647000000.0,81842468000000.0,28534826000000.0,1.6,6.6,0.2,0.17,2.6,8836275000000.0,-3577863000000.0,5258412000000.0,2.28,20.24,13.8,14.1,6.5,2.2,2.0,16.34
UNTR,United Tractors Tbk,Basic Materials,Other Industrial Metals & Mining,2026-06-30,TTM-gabungan,IDR,2026-09-02,3493093536.0,2186.2163,27647.0017,2192.0,121064935000000.0,7636658000000.0,12574761000000.0,12574761000000.0,20.97,13.39,6.31,7.88,4.24,28076396000000.0,18153571000000.0,8180504000000.0,179058512000000.0,96573563000000.0,0.29,0.65,1.24,0.93,9.01,18528755000000.0,-11082831000000.0,7445924000000.0,2.43,78.67,-13.2,-90.2,2.0,-11.0,0.0,-3.82
UNVR,Unilever Indonesia Tbk,Consumer Defensive,Household & Personal Products,2026-06-30,TTM-gabungan,IDR,2026-09-02,37981233300.0,222.6181,79.5876,228.0,31893178000000.0,8455310000000.0,4770884000000.0,4558686000000.0,46.09,14.0,26.51,264.09,49.35,547203000000.0,1736727000000.0,778820000000.0,16454946000000.0,3022835000000.0,0.18,0.16,0.57,0.38,76.92,4480197000000.0,-1084336000000.0,3395861000000.0,0.53,205.1,3.0,-33.0,-8.1,12.5,1.0,-0.44
TPIA,Chandra Asri Pacific Tbk.,Basic Materials,Specialty Chemicals,2026-06-30,TTM-gabungan,USD,2026-09-02,86464496192.0,20.6579,813.5097,6.07,167700433920000.0,1786176480000.0,14686862880000.0,8595840000000.0,104.19,96.27,1.07,3.06,1.01,104978241120000.0,51882838560000.0,45214420320000.0,244486415520000.0,70339705440000.0,1.49,3.08,2.3,1.56,1.5,7021771200000.0,-15019241280000.0,-7997470080000.0,3.93,71.38,373.4,634.7,43.3,,2.0,-0.05
BREN,Barito Renewables Energy Tbk,Utilities,Utilities - Renewable,2026-06-30,TTM-gabungan,USD,2026-09-02,133779520000.0,20.4282,92.3429,4.09,11358425760000.0,2732873280000.0,9706266240000.0,7944403200000.0,,72.64,24.06,24.74,3.92,37445770080000.0,3591675840000.0,33779111520000.0,71803839840000.0,12353589600000.0,3.03,3.48,1.63,1.58,4.06,4455912960000.0,-3190797120000.0,1265115840000.0,1.63,19.83,12.5,28.9,2.0,13.2,3.0,-0.01
CUAN,Petrindo Jaya Kreasi Tbk.,Energy,Thermal Coal,2026-06-30,TTM-gabungan,USD,2026-09-02,112399199400.0,24.0811,54.8543,0.58,26455367040000.0,2706695040000.0,4587372480000.0,4536774240000.0,14.34,3.67,10.23,46.69,6.64,25334977440000.0,3911551200000.0,18959812320000.0,47030327040000.0,6165579360000.0,4.11,4.13,1.84,1.66,2.62,-597588480000.0,-6374383680000.0,-6971972160000.0,-0.22,0.0,70.5,725.4,131.7,54.2,1.0,-0.02
PTRO,Petrosea Tbk,Basic Materials,Other Industrial Metals & Mining,2026-03-31,TTM-gabungan,USD,2026-09-02,10086050000.0,51.5453,460.9565,16.22,18050766720000.0,519888480000.0,1697287680000.0,1667610720000.0,13.07,7.02,2.88,11.46,2.37,15651319680000.0,1399967520000.0,13603183200000.0,28509204480000.0,4649230560000.0,3.37,8.01,1.29,1.25,1.67,1921028160000.0,-7265882400000.0,-5344854240000.0,3.7,34.17,57.1,-79.7,23.0,-11.0,1.0,0.0
CDIA,Chandra Daya Investasi Tbk.,Utilities,Utilities - Regulated Electric,2026-06-30,TTM,USD,2026-09-02,124749839100.0,10.0363,147.7824,6.9,2900350648320.0,1252032758400.0,2168875886400.0,2153601824640.0,22.0,9.94,43.17,8.33,4.68,13639426671360.0,7465031513760.0,6157993566720.0,34337559126720.0,18435832149120.0,0.74,2.84,10.91,10.86,3.24,-106753441920.0,-3728226974400.0,-3834980416320.0,-0.09,69.2,26.9,-77.6,,,1.0,-0.06
BNBR,Bakrie & Brothers Tbk,Industrials,Conglomerates,2026-03-31,TTM,IDR,2026-09-02,173420223169.0,2.5624,22.3055,,3924356000000.0,444372000000.0,989673000000.0,966323000000.0,22.97,4.01,11.32,12.72,2.84,16924774000000.0,206755000000.0,16711671000000.0,24219911000000.0,3868232000000.0,4.38,16.89,1.31,1.12,1.94,-432762000000.0,-177987000000.0,-527695000000.0,-0.97,0.0,19.0,-78.2,1.1,22.9,2.0,0.0
BUMI,Bumi Resources Tbk,Energy,Thermal Coal,2026-06-30,TTM-gabungan,USD,2026-09-02,371335392068.0,5.7133,79.6278,,28657270115040.0,2121543941280.0,4951803026880.0,4921791805920.0,17.85,9.61,7.4,7.26,2.76,13017955413600.0,3191287438080.0,7827961127520.0,81571967268000.0,29568637426560.0,0.44,1.58,1.29,1.19,6.41,46859990880.0,-3577638566880.0,-3530778576000.0,0.02,0.0,28.8,94.2,-8.0,-46.4,2.0,0.0
BRMS,Bumi Resources Minerals Tbk.,Basic Materials,Other Industrial Metals & Mining,2026-06-30,TTM-gabungan,USD,2026-09-02,141784040338.0,5.0052,157.6632,,3983541200160.0,709660491360.0,1366859363520.0,1350361779840.0,55.02,33.42,17.81,3.23,3.11,5204897288160.0,570646311360.0,4403013734400.0,25094715542400.0,22354123606560.0,0.23,3.22,3.14,2.72,3.2,319596421440.0,-2082229233120.0,-1762632811680.0,0.45,0.0,-58.4,-132.0,177.7,54.1,3.0,-0.0
ENRG,Energi Mega Persada Tbk,Energy,Oil & Gas E&P,2026-03-31,TTM-gabungan,USD,2026-09-02,26346230250.0,61.9485,616.3185,,9200017866240.0,1632109225920.0,3003592032480.0,3003592032480.0,39.0,33.66,17.74,11.18,5.33,7593188526240.0,1592543906400.0,4290998288640.0,33123675310080.0,16237669720800.0,0.47,1.43,0.57,0.48,6.53,5700790480800.0,-5595001460160.0,105789020640.0,3.49,0.0,-7.3,-24.0,3.3,11.1,3.0,6.14
ELTY,Bakrieland Development Tbk,Real Estate,Real Estate Services,2026-06-30,TTM,IDR,2026-09-02,43521913019.0,-0.6173,127.2777,,1454671000000.0,-26867000000.0,119591000000.0,53619000000.0,32.71,8.85,-1.85,-0.49,-0.31,1014129000000.0,144457000000.0,625953000000.0,8633886000000.0,5539370000000.0,0.18,5.23,0.83,0.32,0.61,100651000000.0,-25707000000.0,74944000000.0,-3.75,0.0,-2.9,-148.8,11.6,,2.0,0.0
DEWA,Darma Henwa Tbk,Energy,Thermal Coal,2026-03-31,TTM,IDR,2026-09-02,40687434244.0,106.4348,193.6018,1.5,6357668840000.0,4330559441000.0,4469968816000.0,4443441647000.0,15.48,11.53,68.12,68.37,33.76,3597592754000.0,486824326000.0,3021728585000.0,15952540404000.0,7877160533000.0,0.46,0.68,0.98,0.88,18.33,1017270953000.0,-1001952975000.0,15317978000.0,0.23,0.0,-2.2,34.6,1.8,,3.0,0.0
VKTR,VKTR Teknologi Mobilitas Tbk,Consumer Cyclical,Recreational Vehicles,2026-06-30,TTM-gabungan,IDR,2026-09-02,43750000000.0,-0.3423,23.8208,,1321824000000.0,-14975000000.0,47085000000.0,33382000000.0,17.39,1.81,-1.13,-1.43,-0.85,171281000000.0,38288000000.0,129715000000.0,1848799000000.0,1042160000000.0,0.16,2.75,2.05,1.66,1.47,171970000000.0,-121516000000.0,50454000000.0,-11.48,0.0,38.3,-170.9,0.6,,1.0,0.0
UNSP,Bakrie Sumatera Plantations ,Consumer Defensive,Farm Products,2026-03-31,TTM,IDR,2026-09-02,2500162344.0,97.2681,-2107.5387,,2620858000000.0,243186000000.0,392531000000.0,374956000000.0,29.97,15.53,9.28,-4.52,7.18,4727053000000.0,120585000000.0,4599120000000.0,3584043000000.0,-5269189000000.0,-0.9,11.72,0.1,0.07,10.76,306122000000.0,-344902000000.0,-38780000000.0,1.26,0.0,12.8,101.4,-15.2,-57.9,1.0,0.0
SIMP,Salim Ivomas Pratama Tbk.,Consumer Defensive,Packaged Foods,2026-06-30,TTM-gabungan,IDR,2026-09-02,15501310000.0,141.0385,1349.0497,26.0,21288660000000.0,2186281000000.0,4616934000000.0,4577786000000.0,25.32,19.8,10.27,10.91,5.41,9120765000000.0,9014405000000.0,60905000000.0,42347028000000.0,20912038000000.0,0.44,0.01,1.37,0.95,8.31,3008726000000.0,-1256154000000.0,1752572000000.0,1.38,18.57,-1.3,-1.7,5.8,19.9,2.0,0.0
LSIP,PP London Sumatra Indonesia ,Consumer Defensive,Farm Products,2026-06-30,TTM-gabungan,IDR,2026-09-02,6819963965.0,302.6825,2100.1243,83.0,5880175000000.0,2064284000000.0,2493427000000.0,2493427000000.0,37.37,34.8,35.11,15.14,13.51,329000000.0,8371777000000.0,-8371448000000.0,16294964000000.0,14322772000000.0,0.0,-3.36,7.08,6.44,2214.41,2632025000000.0,-448396000000.0,2183629000000.0,1.28,27.39,5.7,26.7,6.3,22.1,2.0,0.0
IMAS,Indomobil Sukses Internasion,Consumer Cyclical,Auto & Truck Dealerships,2026-03-31,TTM,IDR,2026-09-02,3994291039.0,32.21,3436.9178,4.0,31473531000000.0,128656000000.0,3546521000000.0,3129620000000.0,19.97,8.21,0.41,0.95,0.17,53374482000000.0,4701634000000.0,48463676000000.0,80796292000000.0,13728050000000.0,3.89,13.67,0.96,0.73,1.21,-1636176000000.0,-2836322000000.0,-4472498000000.0,-12.72,0.0,12.8,-69.9,6.0,-33.2,1.0,0.0
IMJS,Indomobil Multi Jasa Tbk.,Industrials,Conglomerates,2026-06-30,TTM,IDR,2026-09-02,10849262500.0,17.8206,507.051,0.35,6326435000000.0,193340000000.0,1446145146000.0,1352413146000.0,37.94,19.53,3.06,3.83,0.6,26948708000000.0,1551543000000.0,25277321000000.0,34052672000000.0,5501129000000.0,4.9,17.48,0.75,0.75,1.76,1453454000000.0,-2516492000000.0,-1063038000000.0,7.52,0.0,21.2,52.5,6.2,-5.4,1.0,11.9
DNET,Indoritel Makmur Internasion,Communication Services,Telecom Services,2026-06-30,TTM-gabungan,IDR,2026-09-02,14184000000.0,78.5028,1100.6655,5.0,1767634000000.0,1113484000000.0,2452017000000.0,1660423000000.0,,11.9,62.99,7.48,4.84,7043116000000.0,509825000000.0,6492694000000.0,24090881000000.0,15611840000000.0,0.45,2.65,0.97,0.97,3.2,434846000000.0,-1035115000000.0,-600269000000.0,0.39,0.0,17.8,-19.4,14.2,-0.9,2.0,0.0
MCAS,M Cash Integrasi Tbk.,Industrials,Business Equipment & Supplies,2026-06-30,TTM,IDR,2026-09-02,866995200.0,-52.8765,171.6071,,3806234900158.0,-45843686267.0,-28310225830.0,-55233075264.0,4.44,-0.02,-1.2,-27.56,-2.37,383759761423.0,112785686687.0,269917826233.0,1910341721045.0,148782546735.0,2.58,,1.57,0.99,-3.13,-47322569342.0,-106312622722.0,-153635192064.0,1.03,0.0,-40.8,-13.0,-27.3,,0.0,-0.07
PANI,Pantai Indah Kapuk Dua Tbk.,Real Estate,Real Estate - Development,2026-06-30,TTM-gabungan,IDR,2026-09-02,18189502198.0,139.1062,1601.5518,5.0,5593172320000.0,2530273425000.0,3471707098000.0,3456116759000.0,68.66,61.07,45.24,10.03,5.1,452186319000.0,4367851960000.0,-3915665641000.0,50770322848000.0,29131430053000.0,0.02,-1.13,2.34,0.5,67.93,-309513072000.0,-268604480000.0,-578117552000.0,-0.12,3.5,196.0,2099.5,95.5,102.5,3.0,7.25
CBDK,Bangun Kosambi Sukses Tbk.,Real Estate,Real Estate Services,2026-06-30,TTM-gabungan,IDR,2026-09-02,5643069200.0,448.3475,1872.4068,5.0,3509992744000.0,2530055766000.0,2649569808000.0,2642854684000.0,79.12,72.77,72.08,28.02,11.49,217454371000.0,3425899867000.0,-3208445496000.0,22220999185000.0,10566121186000.0,0.02,-1.21,1.51,0.59,119.57,178408810000.0,-236731505000.0,-58322695000.0,0.07,1.12,242.3,778.3,63.4,70.3,3.0,-0.46
RAJA,Rukun Raharja Tbk,Utilities,Utilities - Regulated Gas,2026-06-30,TTM,USD,2026-09-02,21135412500.0,32.4693,184.0131,8.0,4799043796800.0,686251923360.0,1415314681920.0,1377618975360.0,30.24,17.13,14.3,19.13,7.43,5276625470400.0,2198304206400.0,3061935372960.0,11120587534080.0,3889193473440.0,1.36,2.16,1.34,1.33,6.2,980101033440.0,-661736143680.0,318364889760.0,1.43,40.66,23.4,205.1,28.2,45.6,2.0,0.0
RATU,Raharja Energi Cepu Tbk.,Energy,Oil & Gas E&P,2026-06-30,TTM,USD,2026-09-02,2715053800.0,145.0034,370.589,45.0,884609438400.0,393691905120.0,666214896000.0,665788904640.0,56.61,48.79,44.5,45.16,14.99,2792965856160.0,1056628855680.0,1736337000480.0,4116732817440.0,1006168948320.0,2.78,2.61,2.39,2.39,15.28,320127498720.0,-34119695040.0,286007803680.0,0.81,30.73,22.9,508.5,,34.9,2.0,0.0
BUVA,Bukit Uluwatu Villa Tbk.,Consumer Cyclical,Lodging,2026-06-30,TTM-gabungan,IDR,2026-09-02,24617054642.0,1.0645,87.5344,,383412133516.0,26205820701.0,98765986446.0,54205743607.0,70.76,17.94,6.83,1.47,1.08,455129707485.0,230776468678.0,223183531322.0,2732075317559.0,2154839009675.0,0.21,2.26,1.78,1.76,2.43,91799815271.0,-108428625949.0,-16628810678.0,3.5,0.0,47.8,-76.9,18.5,,2.0,19.56
HRTA,Hartadinata Abadi Tbk.,Consumer Cyclical,Luxury Goods,2026-06-30,TTM,IDR,2026-09-02,4605262400.0,288.7995,811.1909,40.0,63303233662381.0,1329997259504.0,2050416067991.0,2010186800309.0,3.83,3.21,2.1,42.04,14.65,4189281732944.0,983698277704.0,3189473023358.0,11350876052356.0,3735746835279.0,1.12,1.56,1.69,0.45,6.62,694811034043.0,-240938914845.0,453872119198.0,0.52,13.85,65.2,34.1,86.0,56.9,3.0,0.0
TINS,TIMAH (Persero) Tbk.,Basic Materials,Other Industrial Metals & Mining,2026-06-30,TTM-gabungan,IDR,2026-09-02,7447753454.0,500.586,1416.1618,88.19,17752588000000.0,3728241000000.0,5036226000000.0,4991561000000.0,33.67,27.11,21.0,41.0,25.77,1189095000000.0,4483933000000.0,53760000000.0,16448966000000.0,10547224000000.0,0.11,0.01,2.62,1.81,52.54,3816688000000.0,-289147000000.0,3527541000000.0,1.02,17.64,136.2,938.8,-2.6,8.0,2.0,0.0
DCII,DCI Indonesia Tbk.,Real Estate,Real Estate Services,2026-06-30,TTM-gabungan,IDR,2026-09-02,2383745900.0,468.5567,1942.0728,,2983331000000.0,1116920000000.0,1411646000000.0,1408587000000.0,51.68,46.27,37.44,28.12,16.71,2552706000000.0,322516000000.0,2229149000000.0,8016886000000.0,4629408000000.0,0.55,1.58,1.04,1.02,12.65,1485664000000.0,-2432059000000.0,-946395000000.0,1.33,0.0,18.8,-15.3,34.5,39.6,3.0,0.0
BYAN,Bayan Resources Tbk,Energy,Thermal Coal,2026-06-30,TTM-gabungan,USD,2026-09-02,33333335000.0,441.6517,1322.2601,462.13,62974083235200.0,14721723149280.0,19262026656480.0,19225704561600.0,33.72,30.8,23.38,33.81,23.59,0.0,16582757780640.0,-16582757780640.0,67134717387360.0,44075338692960.0,0.0,-0.86,1.8,1.52,,15701840237760.0,-3256871512800.0,12444968724960.0,1.07,59.6,3.2,0.7,-10.0,-29.4,0.0,0.0
MORA,Ekamas Mora Republik Tbk.,Communication Services,Telecom Services,2026-06-30,TTM-gabungan,IDR,2026-09-02,23646668691.0,24.9498,761.2422,,4958774764820.0,589980532807.0,1556907629185.0,1446508767846.0,59.98,28.41,11.9,4.74,2.05,17603756394579.0,2824206316914.0,14687357404168.0,43126828029746.0,18000841166282.0,0.98,9.43,1.32,1.1,2.66,1850559475830.0,-2683890325656.0,-833330849826.0,3.14,0.0,103.8,75.5,-4.9,-8.2,1.0,0.0
DSSA,Dian Swastatika Sentosa Tbk,Energy,Thermal Coal,2026-03-31,TTM,USD,2026-09-02,154732123250.0,26.6627,216.5711,,48784955401920.0,4125578416320.0,9624435335040.0,9166828138080.0,32.8,13.41,8.46,13.05,5.5,28350386514720.0,8763283837440.0,19431905230080.0,81630447928800.0,33510503845440.0,0.85,2.02,2.26,2.11,6.76,3459778056480.0,-7416056431200.0,-3956278374720.0,0.84,0.0,-6.0,2.2,-22.3,-26.9,0.0,0.0
SRAJ,Sejahteraraya Anugrahjaya Tb,Healthcare,Medical Care Facilities,2026-06-30,TTM-gabungan,IDR,2026-09-02,12238959990.0,-30.8953,88.9993,,2912640000000.0,-378126000000.0,120330000000.0,15081000000.0,38.09,1.25,-12.98,-29.11,-4.95,4958739000000.0,1530185000000.0,3421666000000.0,7621754000000.0,1089259000000.0,4.55,28.44,1.4,1.35,0.04,293562000000.0,-866062000000.0,-572500000000.0,-0.78,0.0,11.3,-439.7,10.2,,2.0,0.0
SMMA,Sinarmas Multiartha Tbk.,Financial Services,Insurance - Diversified,2026-03-31,TTM-gabungan,IDR,2026-09-02,6367664717.0,341.0784,3913.5515,,35089239000000.0,2171873000000.0,,4473690000000.0,,,6.19,9.35,1.79,10283557000000.0,10066026000000.0,10726000000.0,124138154000000.0,24920184000000.0,0.41,,,,2.35,3339228000000.0,-170539000000.0,3168689000000.0,1.54,0.0,-8.6,115.3,5.1,34.3,2.0,0.0
EMAS,Merdeka Gold Resources Tbk.,Basic Materials,Gold,2026-03-31,TTM-gabungan,USD,2026-09-02,14731366060.0,-35.2163,443.746,,49313446080.0,-518783843520.0,-275930602080.0,-275930602080.0,11.31,-515.7,-1052.01,-9.11,-4.36,6516323837760.0,859738068000.0,4921106873760.0,14373334020480.0,6536985022560.0,1.0,,1.12,0.7,-1.15,-635413461600.0,-3265847541120.0,-3901261002720.0,1.22,0.0,,,,,1.0,0.0
MPRO,Maha Properti Indonesia Tbk.,Real Estate,Real Estate - Development,2026-06-30,TTM-gabungan,IDR,2026-09-02,9942500000.0,-5.7915,79.3278,,4647535000.0,-57582141000.0,-37408907000.0,-37947129000.0,31.18,-824.07,-1238.98,-7.0,-3.44,249801000000.0,5008099000.0,244792901000.0,1668369712000.0,788717116000.0,0.32,,0.01,0.01,-1.93,-33095577000.0,-83234000.0,-33142716000.0,0.57,0.0,328.4,34.8,-37.4,,1.0,0.0
CASA,Capital Financial Indonesia ,Financial Services,Insurance - Life,2026-06-30,TTM-gabungan,IDR,2026-09-02,54476269803.0,2.7108,150.3217,,4546165000000.0,147672000000.0,,1350363000000.0,,,3.25,1.88,0.45,1047675000000.0,2163527000000.0,-1115852000000.0,33546952000000.0,8188967000000.0,0.13,,,,1.25,-2827378000000.0,1350000000.0,-2823100000000.0,-19.15,0.0,-63.1,43.0,-22.1,67.0,2.0,0.0
HMSP,H.M. Sampoerna Tbk.,Consumer Defensive,Tobacco,2026-06-30,TTM-gabungan,IDR,2026-09-02,116318076900.0,74.5825,223.844,56.3,113494073000000.0,8675292000000.0,11401889000000.0,11109164000000.0,19.02,9.12,7.64,30.8,17.0,317936000000.0,6605359000000.0,-6287423000000.0,49897097000000.0,26037106000000.0,0.01,-0.55,1.65,0.78,444.54,11105557000000.0,-475825000000.0,10629732000000.0,1.28,75.07,1.7,11.5,0.3,1.5,1.0,0.0
AADI,Adaro Andalan Indonesia Tbk.,Energy,Thermal Coal,2026-03-31,TTM-gabungan,USD,2026-09-02,7786891760.0,1613.0008,7924.4183,1001.4,85070719680000.0,12560262720000.0,18174038880000.0,18150169440000.0,24.46,19.43,14.76,21.85,12.01,14926036800000.0,16240294560000.0,-1314257760000.0,102662390400000.0,61706587200000.0,0.24,-0.07,2.1,1.93,26.56,10263077760000.0,-5781412800000.0,4481664960000.0,0.82,35.6,,,-14.0,-31.3,1.0,0.0
BNLI,Bank Permata Tbk,Financial Services,Banks - Regional,2026-06-30,TTM-gabungan,IDR,2026-09-02,36181312782.0,101.1931,1247.8795,35.0,12338621000000.0,3661299000000.0,,,,,29.67,8.26,1.36,12226421000000.0,23112912000000.0,-10886491000000.0,272625732000000.0,45149918000000.0,0.27,,,,,-7813292000000.0,-400427000000.0,-8213719000000.0,-2.13,34.31,-3.6,1.3,4.9,21.2,3.0,0.0
IMPC,Impack Pratama Industri Tbk.,Industrials,Building Products & Equipment,2026-06-30,TTM-gabungan,IDR,2026-09-02,54685279100.0,14.0973,57.7108,,4836446980829.0,770912516093.0,1193915371877.0,1086892985181.0,40.46,20.9,15.94,29.6,15.62,1060939124233.0,479224105745.0,182059582995.0,5324652475270.0,3155931451735.0,0.34,0.15,2.44,1.31,13.78,824563618913.0,-275113977785.0,549449641128.0,1.07,0.0,37.6,60.0,15.0,26.3,3.0,0.77
ADMR,Alamtri Minerals Indonesia T,Basic Materials,Coking Coal,2026-03-31,TTM-gabungan,USD,2026-09-02,40882331500.0,127.4885,716.4192,50.62,18479315520000.0,5212027200000.0,6655897440000.0,6641227680000.0,42.08,34.16,28.2,19.18,11.12,17064234240000.0,8954520960000.0,8088170400000.0,56929502400000.0,29288886240000.0,0.58,1.22,2.0,1.76,2898.78,3695554080000.0,-12149562720000.0,-8454008640000.0,0.71,41.46,-14.6,-15.4,2.3,-6.5,1.0,0.0
MLPT,Multipolar Technology Tbk.,Technology,Information Technology Services,2026-06-30,TTM-gabungan,IDR,2026-09-02,46875000000.0,7.885,15.8215,5.34,3928103000000.0,369609000000.0,492568000000.0,478137000000.0,16.64,9.65,9.41,49.88,10.3,214118000000.0,499334000000.0,-285216000000.0,3736688000000.0,741634000000.0,0.29,-0.58,1.03,0.54,19.14,616234000000.0,-110581000000.0,505653000000.0,1.67,65.44,19.0,69.9,3.7,-15.6,1.0,0.0
NCKL,Trimegah Bangun Persada Tbk.,Basic Materials,Other Industrial Metals & Mining,2026-06-30,TTM-gabungan,IDR,2026-09-02,62987866700.0,169.2943,696.521,42.64,32634946000000.0,10663487000000.0,14181770000000.0,14086999000000.0,28.12,24.01,32.68,27.87,16.9,8915750000000.0,4885730000000.0,4030020000000.0,70985378000000.0,43872369000000.0,0.2,0.28,1.69,0.88,23.36,5174942000000.0,-878467000000.0,4296475000000.0,0.49,0.0,44.3,87.2,45.8,24.2,3.0,-0.12
BELI,Global Digital Niaga Tbk.,Consumer Cyclical,Internet Retail,2026-06-30,TTM-gabungan,IDR,2026-09-02,137218985689.0,-12.6649,66.6747,,27595756000000.0,-1737867000000.0,-797946000000.0,-1379882000000.0,16.17,-4.79,-6.3,-19.19,-9.54,3702772000000.0,1630052000000.0,1449441000000.0,18751121000000.0,9149030000000.0,0.4,,1.24,0.8,-5.43,-1142944000000.0,-452123000000.0,-1595067000000.0,0.66,0.0,49.0,36.0,13.6,,3.0,4.75
PGUN,Pradiksi Gunatama Tbk.,Consumer Defensive,Farm Products,2026-06-30,TTM-gabungan,IDR,2026-09-02,5737848882.0,20.9633,335.1092,6.97,712529402892.0,120284198954.0,223906709380.0,180480114257.0,39.12,24.31,16.88,6.4,4.76,291926187983.0,399112079.0,291527075904.0,2425365581412.0,1922805844805.0,0.15,1.3,1.84,0.71,5.81,264299287225.0,-96020649349.0,168278637876.0,2.2,33.25,-21.2,-73.5,-7.7,-2.6,1.0,0.0
MEGA,Bank Mega Tbk,Financial Services,Banks - Regional,2026-06-30,TTM-gabungan,IDR,2026-09-02,23247028262.0,141.0807,962.1149,85.97,7126323000000.0,3279706000000.0,,,,,46.02,14.88,2.36,3279213000000.0,9367741000000.0,-6088528000000.0,144896195000000.0,22366313000000.0,0.15,,,,,12514649000000.0,-173235000000.0,12341414000000.0,3.82,61.63,9.5,17.5,-2.7,-6.0,1.0,-1.0
TAPG,Triputra Agro Persada Tbk.,Consumer Defensive,Farm Products,2026-06-30,TTM-gabungan,IDR,2026-09-02,19852540000.0,203.9294,576.3316,201.0,11750959000000.0,4048517000000.0,5179327000000.0,5159326000000.0,41.48,34.19,34.45,35.12,27.26,1078230000000.0,1706296000000.0,-628066000000.0,14823740000000.0,11441646000000.0,0.09,-0.12,2.36,1.47,84.46,3708726000000.0,-699703000000.0,3009023000000.0,0.92,88.24,28.4,61.5,6.9,7.5,2.0,0.0
GEMS,Golden Energy Mines Tbk.,Energy,Thermal Coal,2026-03-31,TTM,USD,2026-09-02,5882353000.0,679.1632,2362.3236,237.95,41706000802560.0,3995077456800.0,5936509920960.0,5661087148320.0,30.59,13.81,9.58,29.06,17.88,2328115687200.0,2504182253280.0,385462169760.0,21777116533440.0,13896021446400.0,0.17,0.06,1.77,1.64,52.3,2827665663840.0,-352527191040.0,2475138472800.0,0.71,92.34,-10.1,-29.4,-6.1,-27.6,0.0,0.0
BNGA,Bank CIMB Niaga Tbk.,Financial Services,Banks - Regional,2026-03-31,TTM-gabungan,IDR,2026-09-02,25142043843.0,271.9174,2340.3237,161.77,19751684000000.0,6836560000000.0,,,,,34.61,12.23,1.88,11454305000000.0,17719257000000.0,-6264952000000.0,368218954000000.0,58840521000000.0,0.19,,,,,-8977240000000.0,-853080000000.0,-9830320000000.0,-1.31,59.31,11.0,4.3,1.0,10.9,3.0,0.02
BDMN,Bank Danamon Indonesia Tbk.,Financial Services,Banks - Regional,2026-06-30,TTM-gabungan,IDR,2026-09-02,9773552870.0,475.1147,5557.8022,142.19,25573439000000.0,4643559000000.0,,,,,18.16,8.84,1.68,20406072000000.0,20640901000000.0,5835467000000.0,301303963000000.0,54319474000000.0,0.38,,,,,-1237075000000.0,-634939000000.0,-1872014000000.0,-0.27,30.45,34.6,50.1,8.4,6.3,2.0,0.0
MTEL,Dayamitra Telekomunikasi Tbk,Communication Services,Telecom Services,2026-06-30,TTM-gabungan,IDR,2026-09-02,80798831544.0,26.4368,396.6804,25.65,9629066000000.0,2136061000000.0,3492212000000.0,3492212000000.0,49.45,42.55,22.18,6.48,3.59,20990518000000.0,1952092000000.0,16552274000000.0,60105879000000.0,32051309000000.0,0.65,4.74,0.41,0.41,2.85,6670152000000.0,-2171742000000.0,4498410000000.0,3.12,94.98,6.0,7.6,7.2,5.9,3.0,-0.9
CMRY,Cisarua Mountain Dairy Tbk.,Consumer Defensive,Packaged Foods,2026-06-30,TTM-gabungan,IDR,2026-09-02,7934683000.0,278.5994,902.7029,350.0,12036789000000.0,2210598000000.0,2866150000000.0,2793247000000.0,44.38,42.91,18.37,30.71,24.55,449000000.0,558058000000.0,-557609000000.0,9247647000000.0,7162661000000.0,0.0,-0.19,2.03,1.35,639.92,1917419000000.0,-878203000000.0,1039216000000.0,0.87,71.78,37.2,28.5,18.9,24.2,3.0,0.0
MYOR,Mayora Indah Tbk,Consumer Defensive,Packaged Foods,2026-06-30,TTM-gabungan,IDR,2026-09-02,22026684225.0,154.7214,824.7243,60.0,38806610838784.0,3407998958713.0,4976752156527.0,4837363903393.0,24.04,10.83,8.78,19.1,11.83,4550814628149.0,5600378690795.0,2417546422717.0,28525086827392.0,18165942046370.0,0.25,0.49,3.32,2.37,9.34,6564553147793.0,-919621341438.0,5644931806355.0,1.93,39.11,-13.5,10.8,8.0,13.8,1.0,-1.48
TBIG,Tower Bersama Infrastructure,Communication Services,Telecom Services,2026-06-30,TTM-gabungan,IDR,2026-09-02,22592481545.0,63.7434,571.3895,47.0,6919334000000.0,1440122000000.0,3549392000000.0,3455768000000.0,71.5,62.32,20.81,12.47,3.09,29923179000000.0,700340000000.0,29178049000000.0,48241918000000.0,12909106000000.0,2.32,8.22,0.16,0.14,1.74,5087828000000.0,-2874691000000.0,2213137000000.0,3.53,73.16,0.6,7.8,1.9,-4.5,1.0,1.23
EMTK,Elang Mahkota Teknologi Tbk,Communication Services,Broadcasting,2026-06-30,TTM-gabungan,IDR,2026-09-02,61182504933.0,36.6604,598.6442,10.0,21123322000000.0,2242973000000.0,5274847000000.0,4538200000000.0,25.92,6.28,10.62,5.89,3.71,3273417000000.0,19853466000000.0,-16580049000000.0,59875434000000.0,36626553000000.0,0.09,-3.14,4.84,4.58,26.27,3221573000000.0,-684754000000.0,2536819000000.0,1.44,27.23,26.9,-99.6,24.7,7.6,2.0,0.06
ARCI,Archi Indonesia Tbk.,Basic Materials,Gold,2026-03-31,TTM-gabungan,USD,2026-09-02,25235000000.0,85.3897,275.7496,40.5,9632317684800.0,2154809540160.0,4111018430880.0,4111018430880.0,44.76,43.07,22.37,36.51,12.6,8583552477600.0,700860624480.0,7792901910720.0,18846768286080.0,6958540378560.0,1.23,1.9,1.02,0.48,6.54,1414313373120.0,-1334283811680.0,80029561440.0,0.66,39.71,89.3,107.6,31.9,91.3,2.0,1.61
JARR,Jhonlin Agro Raya Tbk.,Consumer Defensive,Farm Products,2026-06-30,TTM-gabungan,IDR,2026-09-02,9230665050.0,28.9278,218.3955,6.5,4001350102753.0,267022728360.0,468101071964.0,465346513582.0,19.17,10.65,6.67,14.14,6.6,1727116055442.0,456938119001.0,1269461926934.0,4093556445452.0,2015935833918.0,0.86,2.71,3.95,2.8,3.76,214332225622.0,-154832256434.0,59499969188.0,0.8,22.47,16.2,96.9,-2.7,86.1,3.0,0.0
NISP,Bank OCBC NISP Tbk,Financial Services,Banks - Regional,2026-06-30,TTM-gabungan,IDR,2026-09-02,22945296972.0,227.561,1933.8588,45.0,13461249000000.0,5221455000000.0,,,,,38.79,12.42,1.68,2133423000000.0,17708726000000.0,-15575303000000.0,329494447000000.0,44372965000000.0,0.05,,,,,18171596000000.0,-261578000000.0,17910018000000.0,3.48,19.78,6.8,6.1,7.3,15.0,3.0,0.0
SILO,Siloam International Hospita,Healthcare,Medical Care Facilities,2026-06-30,TTM-gabungan,IDR,2026-09-02,12987503744.0,95.2086,791.6194,,13505885000000.0,1236522000000.0,2890955000000.0,1825470000000.0,38.7,14.29,9.16,12.94,8.47,2450355000000.0,1226974000000.0,854207000000.0,15832534000000.0,10281160000000.0,0.24,0.3,0.72,0.68,15.64,2474830000000.0,-1851564000000.0,623266000000.0,2.0,0.0,14.8,22.3,10.5,16.9,2.0,-0.01
MIKA,Mitra Keluarga Karyasehat Tb,Healthcare,Medical Care Facilities,2026-06-30,TTM-gabungan,IDR,2026-09-02,13906650800.0,101.328,525.3996,43.0,5573825619611.0,1409133398526.0,2102874808408.0,1887986954545.0,54.12,30.57,25.28,19.97,15.06,9294010627.0,2852486747389.0,-2843192736762.0,9983144487218.0,7306548427693.0,0.0,-1.35,2.78,2.74,106.45,2079519261437.0,-1213365996853.0,866153264584.0,1.48,42.41,11.0,15.2,9.9,10.6,2.0,-0.01
GIAA,Garuda Indonesia (Persero) T,Industrials,Airlines,2026-03-31,TTM-gabungan,USD,2026-09-02,407091703837.0,-12.7598,-1.7289,,57815806035840.0,-5194402637760.0,4025813321280.0,3614123574240.0,17.27,4.85,-8.98,43.04,-4.14,65445067200000.0,15229200000000.0,9715785600000.0,133320412800000.0,-703828800000.0,-92.98,2.41,0.98,0.92,0.39,7548483729120.0,-12436471719360.0,-4887987990240.0,-1.45,0.0,-10.8,-179.4,15.3,,0.0,345.0
FAPA,FAP Agri Tbk.,Consumer Defensive,Farm Products,2026-06-30,TTM-gabungan,IDR,2026-09-02,3484989800.0,374.133,1191.8286,70.0,8441989390995.0,1303849708188.0,2151673401776.0,2149281209578.0,31.87,24.03,15.44,37.42,12.34,4963962339325.0,963658959391.0,4000252254934.0,10986702062123.0,4153510680154.0,1.2,1.86,0.84,0.5,6.25,1808588477971.0,-1871811039388.0,-63222561417.0,1.39,19.29,34.2,82.6,16.2,14.5,2.0,0.0
JPFA,Japfa Comfeed Indonesia Tbk.,Consumer Defensive,Farm Products,2026-03-31,TTM-gabungan,IDR,2026-09-02,11627669901.0,442.0483,1766.5469,140.0,64097536000000.0,5139992000000.0,8030386000000.0,7698660000000.0,23.43,11.37,8.02,28.54,13.89,8207996000000.0,1849630000000.0,6200297000000.0,39333812000000.0,20540824000000.0,0.4,0.77,1.79,0.53,10.86,6340063000000.0,-3300451000000.0,3039612000000.0,1.23,31.18,22.0,96.8,7.4,41.3,2.0,0.0
BINA,Bank Ina Perdana Tbk.,Financial Services,Banks - Regional,2026-06-30,TTM-gabungan,IDR,2026-09-02,6134716665.0,-53.5826,484.3192,,722972000000.0,-328714000000.0,,,,,-45.47,-9.97,-1.11,35646000000.0,4824360000000.0,-4788714000000.0,34445349000000.0,2971161000000.0,0.01,,,,,4937465000000.0,-101538000000.0,4730377000000.0,-15.02,0.0,11.2,-16.3,4.1,,1.0,0.0
TKIM,Pabrik Kertas Tjiwi Kimia Tb,Basic Materials,Paper & Paper Products,2026-06-30,TTM-gabungan,USD,2026-09-02,3113223570.0,2509.6392,18302.1998,30.0,18166970400000.0,7813068000000.0,8634876480000.0,8617933440000.0,15.31,6.48,43.01,14.7,10.9,13293484320000.0,1242738240000.0,12048561600000.0,74212717440000.0,56978839680000.0,0.23,1.4,1.35,0.82,13.56,-828468480000.0,-1946052000000.0,-2774520480000.0,-0.11,1.18,4.6,83.2,-4.9,-15.9,1.0,0.0
BSIM,Bank Sinarmas Tbk.,Financial Services,Banks - Regional,2026-06-30,TTM-gabungan,IDR,2026-09-02,19716162403.0,13.7232,422.6712,,2949756000000.0,270569000000.0,,,,,9.17,3.3,0.49,744731000000.0,12546056000000.0,-11801325000000.0,60916854000000.0,8333455000000.0,0.09,,,,,-206364000000.0,-101175000000.0,-307539000000.0,-0.76,0.0,-9.5,65.7,-1.1,8.9,1.0,0.0
SRTG,Saratoga Investama Sedaya Tb,Financial Services,Asset Management,2026-03-31,TTM-gabungan,IDR,2026-09-02,13549832900.0,1381.2847,4739.8147,103.3,20692605000000.0,18716177000000.0,20455765000000.0,20451022000000.0,99.35,98.85,90.45,32.28,29.59,795960000000.0,870895000000.0,484105000000.0,68674133000000.0,64223697000000.0,0.01,0.02,29.78,29.78,149.59,1604910000000.0,-10081000000.0,1601187000000.0,0.09,42.16,609.9,376.0,3.4,16.6,2.0,0.04
MDIY,Daya Intiguna Yasa Tbk.,Consumer Cyclical,Department Stores,2026-06-30,TTM-gabungan,IDR,2026-09-02,25190392000.0,47.3691,171.2432,35.24,8835580000000.0,1193245000000.0,2797246000000.0,1741659000000.0,53.11,19.55,13.5,31.4,16.22,2291644000000.0,911480000000.0,390305000000.0,8288984000000.0,4313683000000.0,0.53,0.14,1.3,0.5,9.91,2193073000000.0,-697989000000.0,1495084000000.0,1.84,37.2,26.4,26.0,52.9,121.3,3.0,0.0
BTPN,Bank SMBC Indonesia Tbk.,Financial Services,Banks - Regional,2026-03-31,TTM,IDR,2026-09-02,10645945748.0,42.426,4497.237,9.5,18119559000000.0,451665000000.0,,,,,2.49,0.94,0.18,52593249000000.0,18510153000000.0,33678939000000.0,250018949000000.0,47877341000000.0,1.1,,,,,4661527000000.0,-648420000000.0,4013107000000.0,10.32,125.82,-1.6,-10.6,11.5,-45.3,1.0,0.0
LIFE,MSIG Life Insurance Indonesi,Financial Services,Insurance - Life,2026-06-30,TTM-gabungan,IDR,2026-09-02,2100000000.0,136.8776,3901.4671,96.0,3122772000000.0,287443000000.0,,,,,9.2,3.62,1.93,11136000000.0,787277000000.0,-776141000000.0,15107253000000.0,8193081000000.0,0.0,,,,,266089000000.0,-38199000000.0,227890000000.0,0.93,72.18,16.1,2103.2,-4.0,-17.5,1.0,0.0
PNBN,Bank Pan Indonesia Tbk,Financial Services,Banks - Regional,2026-06-30,TTM-gabungan,IDR,2026-09-02,24071873098.0,113.5376,2215.4727,42.0,10427477000000.0,2733063000000.0,,,,,26.21,5.13,1.19,12674296000000.0,11213247000000.0,1461049000000.0,229285529000000.0,53330578000000.0,0.24,,,,,9633965000000.0,-548894000000.0,9085071000000.0,3.52,73.98,3.5,-9.1,-2.2,-3.3,2.0,-0.04
AVIA,Avia Avian Tbk.,Basic Materials,Specialty Chemicals,2026-03-31,TTM-gabungan,IDR,2026-09-02,59125458700.0,30.5037,167.6481,23.0,8462968000000.0,1803546000000.0,2490850000000.0,2252016000000.0,43.87,23.57,21.31,18.46,15.91,23180000000.0,2214410000000.0,-2191230000000.0,11612427000000.0,9912270000000.0,0.0,-0.88,5.15,4.09,940.69,2011082000000.0,-501803000000.0,1509279000000.0,1.12,71.63,14.1,-0.2,6.7,7.7,3.0,-2.74
NSSS,Nusantara Sawit Sejahtera Tb,Consumer Defensive,Farm Products,2026-06-30,TTM-gabungan,IDR,2026-09-02,23801568645.0,28.0707,95.5648,10.0,2117578745631.0,668126188017.0,942364113055.0,937177530835.0,51.16,45.25,31.55,35.16,16.53,1596153000000.0,402311000000.0,1181166000000.0,4297847000000.0,2274593000000.0,0.7,1.25,1.65,1.09,6.74,814375966883.0,-135417000000.0,659103936701.0,1.22,28.5,11.9,18.9,21.1,109.7,2.0,0.0
MKPI,Metropolitan Kentjana Tbk,Real Estate,Real Estate Services,2026-03-31,TTM-gabungan,IDR,2026-09-02,948194000.0,1229.8966,8496.1665,950.0,2641773789307.0,1166180585410.0,1204099792132.0,1202395044120.0,54.43,37.68,44.14,15.16,12.4,2195456847.0,3175760511173.0,-3173565054326.0,9872185873877.0,8056014062870.0,0.0,-2.64,2.51,2.5,19424.8,1627078993691.0,-305609963768.0,1321469029923.0,1.4,59.19,-0.8,-2.0,10.1,17.0,3.0,0.0
MGLV,NexAI Digital Infrastruktur ,Consumer Cyclical,"Furnishings, Fixtures & Appliances",,Tahunan,IDR,2026-09-02,1904883411.0,-4.7349,66.7743,,127866478461.0,-9019490202.0,-1748982655.0,-5806928268.0,36.79,-5.65,-7.05,-6.85,-3.96,16361068.0,3156869509.0,-3140508441.0,187913019699.0,127197337830.0,0.0,,3.6,0.8,-2.26,-32858488716.0,-93775600.0,-32952264316.0,3.64,0.0,,,-8.4,,1.0,0.0
MAPA,Map Aktif Adiperkasa Tbk.,Consumer Cyclical,Specialty Retail,2026-06-30,TTM-gabungan,IDR,2026-09-02,28504000000.0,67.4593,335.6901,4.0,20608043000000.0,1922861000000.0,4219530000000.0,2665917000000.0,47.22,13.35,9.33,22.69,13.3,2546173000000.0,1160435000000.0,1385738000000.0,15743440000000.0,9568511000000.0,0.27,0.33,2.12,0.65,18.36,3000372000000.0,-995431000000.0,2004941000000.0,1.56,11.76,19.6,15.8,25.3,13.5,2.0,0.0
SMAR,Sinar Mas Agro Resources and,Consumer Defensive,Farm Products,2026-06-30,TTM-gabungan,IDR,2026-09-02,2872193366.0,1428.7464,8397.6292,270.0,87410098000000.0,4103636000000.0,6308125000000.0,6062281000000.0,14.62,6.42,4.69,18.58,8.49,17900241000000.0,1586141000000.0,16297748000000.0,50398674000000.0,24119615000000.0,0.74,2.58,1.59,0.76,6.7,6610969000000.0,-3558045000000.0,3052924000000.0,1.61,18.89,8.7,1028.3,5.0,-22.3,2.0,0.0
PACK,Abadi Nusantara Hijau Invest,Consumer Cyclical,Packaging & Containers,,Tahunan,IDR,2026-09-02,1597398988.0,17.8908,65.9603,,216588323439.0,28578766364.0,32364994940.0,32239746019.0,2.04,0.64,13.19,35.06,1.86,1150019744.0,65361870398.0,-64211850654.0,2999626692839.0,105364902399.0,0.01,-1.98,0.05,0.05,534.64,-22471937167.0,-2349256786.0,-24821193953.0,-0.79,0.0,,,69.9,140.6,2.0,3.52
MSIN,MNC Digital Entertainment Tb,Communication Services,Entertainment,2026-06-30,TTM-gabungan,IDR,2026-09-02,60676178205.0,15.7912,112.7774,,4043989000000.0,958151000000.0,1251846000000.0,1028561000000.0,25.88,15.09,23.69,14.18,11.76,259041000000.0,795098000000.0,-536057000000.0,8598549000000.0,6842901000000.0,0.04,-0.43,2.97,2.24,101.42,605960000000.0,-944596000000.0,-338636000000.0,0.63,0.0,3.7,13.8,2.9,42.1,2.0,0.0
BBHI,Allo Bank Indonesia Tbk.,Financial Services,Banks - Regional,2026-06-30,TTM-gabungan,IDR,2026-09-02,21617303942.0,26.8703,339.5553,13.28,2165111892608.0,580863997602.0,,,,,26.83,7.89,4.03,9477378730.0,2402544008636.0,-2393066629906.0,15571418074955.0,7340269094743.0,0.0,,,,,-374195902090.0,-29227883682.0,-403423785772.0,-0.64,48.91,38.3,15.2,37.3,28.6,3.0,-0.51
ADES,Akasha Wira International Tb,Consumer Defensive,Beverages - Non-Alcoholic,2026-06-30,TTM-gabungan,IDR,2026-09-02,589896800.0,1619.4816,5985.6724,,3567807000000.0,955327000000.0,1218316000000.0,1208047000000.0,51.41,30.96,26.78,32.19,26.37,7000000.0,950446000000.0,-950439000000.0,4352224000000.0,3530929000000.0,0.0,-0.78,3.38,2.69,604023.5,622149000000.0,-444759000000.0,177390000000.0,0.65,0.0,90.7,87.9,28.3,26.7,3.0,0.0
SUPA,Super Bank Indonesia Tbk.,Financial Services,Banks - Regional,2026-06-30,TTM-gabungan,IDR,2026-09-02,33897017650.0,7.7229,243.5428,,1952353000000.0,261784000000.0,,,,,13.41,3.88,1.36,28966000000.0,1821559000000.0,-1792593000000.0,27005584000000.0,8255373000000.0,0.0,,,,,4335313000000.0,-271271000000.0,4064042000000.0,16.56,0.0,,,118.6,,2.0,0.0
DSNG,Dharma Satya Nusantara Tbk.,Consumer Defensive,Farm Products,2026-06-30,TTM-gabungan,IDR,2026-09-02,10599842400.0,181.7199,1130.5908,47.0,12524098000000.0,1926202000000.0,3009241000000.0,2930428000000.0,30.74,22.7,15.38,17.45,10.87,3434109000000.0,676925000000.0,2734139000000.0,17814315000000.0,11984084000000.0,0.29,0.91,1.34,0.67,8.78,2589835000000.0,-1842811000000.0,747024000000.0,1.34,25.86,27.1,55.1,8.5,15.1,2.0,0.0
BBSI,Krom Bank Indonesia Tbk.,Financial Services,Banks - Regional,2026-06-30,TTM-gabungan,IDR,2026-09-02,3674723301.0,61.4822,970.2424,,2793710474562.0,225929894819.0,,,,,8.09,6.53,1.86,6870605988.0,1346075704763.0,-1339205098775.0,15942960738956.0,3565372235443.0,0.0,,,,,1118228571584.0,-31764130470.0,1086464441114.0,4.95,0.0,306.1,242.4,135.9,24.2,2.0,0.0
AUTO,Astra Otoparts Tbk,Consumer Cyclical,Auto Parts,2026-06-30,TTM-gabungan,IDR,2026-09-02,4819733000.0,501.5815,3317.761,229.0,21176143000000.0,2417489000000.0,3082629000000.0,2897524000000.0,16.64,6.25,11.42,15.66,10.53,590363000000.0,4296374000000.0,-3706011000000.0,23881905000000.0,15990722000000.0,0.04,-1.2,2.03,1.5,87.77,1612079000000.0,-564257000000.0,1047822000000.0,0.67,45.71,14.3,17.2,2.3,18.5,3.0,0.0
AALI,Astra Agro Lestari Tbk.,Consumer Defensive,Farm Products,2026-06-30,TTM-gabungan,IDR,2026-09-02,1924688333.0,970.7972,12468.559,458.0,29466906000000.0,1868482000000.0,2965405000000.0,2798650000000.0,16.67,10.61,6.34,7.97,6.38,0.0,5149236000000.0,-5149236000000.0,28854423000000.0,23998090000000.0,0.0,-1.74,3.33,2.17,68.78,3703202000000.0,-866751000000.0,2836451000000.0,1.98,47.18,10.4,161.9,9.5,-5.2,2.0,0.0
ULTJ,Ultrajaya Milk Industry & Tr,Consumer Defensive,Beverages - Non-Alcoholic,2026-06-30,TTM-gabungan,IDR,2026-09-02,10398175200.0,172.9596,762.3023,130.0,10180057000000.0,1798464000000.0,2370183000000.0,2301950000000.0,33.37,20.9,17.67,23.01,20.31,40611000000.0,2435024000000.0,-2394413000000.0,9066914000000.0,7926553000000.0,0.01,-1.01,5.56,3.67,19508.05,2098609000000.0,-432212000000.0,1667443000000.0,1.17,75.14,18.7,51.7,4.6,12.1,2.0,0.0
SOHO,Soho Global Health Tbk.,Healthcare,Medical Distribution,2026-06-30,TTM,IDR,2026-09-02,12691682390.0,53.8056,193.4025,72.6,10972612000000.0,682883000000.0,929260000000.0,879101000000.0,18.36,7.78,6.22,26.47,12.34,4504000000.0,720577000000.0,-716073000000.0,5594308000000.0,2454603000000.0,0.0,-0.77,1.69,1.18,6922.06,939657000000.0,-38726000000.0,900931000000.0,1.38,135.7,9.2,16.5,13.9,18.9,3.0,0.0
CARE,Metro Healthcare Indonesia T,Healthcare,Medical Care Facilities,2026-06-30,TTM-gabungan,IDR,2026-09-02,33250000000.0,0.1804,90.958,,493131441794.0,5999726764.0,107994561623.0,107994561623.0,49.9,18.88,1.22,0.2,0.15,1061875186934.0,414279818127.0,647595368807.0,4156631939319.0,3024353450287.0,0.35,6.0,0.87,0.86,1.11,39754268693.0,-210756461260.0,-172791755485.0,6.63,0.0,18.4,107.5,19.1,,2.0,0.0
BNII,Bank Maybank Indonesia Tbk.,Financial Services,Banks - Regional,2026-06-30,TTM-gabungan,IDR,2026-09-02,76215195821.0,23.3465,414.8697,7.61,9495293000000.0,1779361000000.0,,,,,18.74,5.69,0.88,20240958000000.0,23013530000000.0,4387843000000.0,213807986000000.0,31619377000000.0,0.64,,,,,2166409000000.0,-388888000000.0,1777521000000.0,1.22,32.6,3.4,5.9,1.8,4.1,2.0,0.0
PSAB,J Resources Asia Pasifik Tbk,Basic Materials,Gold,2026-03-31,TTM-gabungan,USD,2026-09-02,26460000000.0,195.1753,405.9389,105.0,5214706899840.0,5164337461920.0,7164334449600.0,6863118864480.0,64.37,32.81,99.03,64.0,31.43,1594675053120.0,7369949038080.0,3710084654880.0,17474083766880.0,10741142736480.0,0.15,0.52,2.92,2.6,26.73,2374550397120.0,-489430008960.0,1885120388160.0,0.46,0.0,15.2,5259.0,42.3,,3.0,0.0
POWR,Cikarang Listrindo Tbk.,Utilities,Utilities - Independent Power Producers,2026-06-30,TTM-gabungan,USD,2026-09-02,15851499100.0,77.9238,790.4784,73.73,9891263422080.0,1235208372960.0,3239807562720.0,2100652569120.0,44.3,20.49,12.49,9.72,4.82,6120678421440.0,2201384340960.0,3900452532000.0,21166137244320.0,12530267642880.0,0.49,1.2,7.11,6.02,5.91,2496836042400.0,-1112787343200.0,1384048699200.0,2.02,96.09,8.2,15.7,0.2,-0.2,1.0,0.14
MLBI,Multi Bintang Indonesia Tbk,Consumer Defensive,Beverages - Brewers,2026-06-30,TTM-gabungan,IDR,2026-09-02,2107000000.0,610.6844,524.3246,561.0,3790443000000.0,1286712000000.0,1688122000000.0,1674097000000.0,64.87,43.96,33.95,98.38,34.27,102549000000.0,1290928000000.0,-1188379000000.0,4014827000000.0,1104752000000.0,0.09,-0.7,0.86,0.76,209.47,1421945000000.0,-216849000000.0,1205096000000.0,1.11,91.82,43.5,54.1,4.4,8.6,3.0,0.0
SINI,Singaraja Putra Tbk.,Basic Materials,Lumber & Wood Production,2026-03-31,TTM,IDR,2026-09-02,713678861.0,-41.0803,-1066.0077,,709778208158.0,-29318133817.0,36251701617.0,35698192882.0,18.75,5.09,-4.13,3.93,-2.26,953567993741.0,74429360209.0,877071967730.0,1647768740947.0,-760787134214.0,-1.25,24.19,0.41,0.34,0.72,5695891929.0,-67619364467.0,-61923472538.0,-0.19,0.0,179.0,124.8,8.9,,0.0,0.0
JRPT,Jaya Real Property Tbk,Real Estate,Real Estate - Development,2026-06-30,TTM,IDR,2026-09-02,12829358600.0,107.9703,853.8246,31.0,3468654486000.0,1385190051000.0,1454752474000.0,1444631847000.0,55.41,41.44,39.93,13.2,9.1,3198553000.0,1769993551000.0,-1766794998000.0,15776746686000.0,10954021915000.0,0.0,-1.21,1.26,0.45,1270.36,1064711281000.0,-14921716000.0,1049789565000.0,0.77,28.76,12.2,12.0,13.2,14.8,3.0,-0.47
ARKO,Arkora Hydro Tbk.,Utilities,Utilities - Renewable,2026-06-30,TTM,IDR,2026-09-02,2928495000.0,21.7426,188.394,,333797154288.0,63673016245.0,149242325088.0,141496926114.0,25.77,3.1,19.08,12.26,3.93,1061418321764.0,67227112073.0,994191209691.0,1742160654641.0,551710966558.0,1.92,6.66,0.58,0.58,1.67,-99839664192.0,-14497379522.0,-114717573220.0,-1.57,0.0,-9.1,22.8,11.5,6.7,2.0,0.0
POLU,Golden Flower Tbk.,Consumer Cyclical,Apparel Manufacturing,2026-06-30,TTM-gabungan,IDR,2026-09-02,750000000.0,-17.2238,162.9384,,165834317422.0,-12917844747.0,-14988306836.0,-15123930149.0,7.22,-8.14,-7.79,-10.06,-5.69,47807338375.0,106746415244.0,-58939076869.0,261801097552.0,122203807529.0,0.39,,1.3,1.1,-5.01,31501051726.0,-3568887410.0,27934915877.0,-2.44,0.0,-8.9,-29.7,7.3,,1.0,0.0
BFIN,BFI Finance  Indonesia Tbk,Financial Services,Credit Services,2026-06-30,TTM-gabungan,IDR,2026-09-02,14749383620.0,111.7688,742.0625,70.0,6597843000000.0,1648521000000.0,2465587000000.0,2260256000000.0,66.92,34.74,24.99,15.26,6.5,12953463000000.0,1392586000000.0,11560877000000.0,25060166000000.0,10944964000000.0,1.18,4.69,2.97,2.97,11.0,2474911000000.0,-156185000000.0,2318726000000.0,1.5,64.81,3.8,17.0,8.0,-4.3,1.0,-1.93
INDY,Indika Energy Tbk,Energy,Thermal Coal,2026-06-30,TTM-gabungan,USD,2026-09-02,5202692000.0,47.7178,4097.1659,10.25,39445476816000.0,248261108160.0,3084178654080.0,2865641552160.0,14.35,7.03,0.63,1.16,0.46,22260563855520.0,10799562516000.0,11222688211200.0,57331176057600.0,21316292201280.0,1.04,3.64,2.07,1.98,2.61,1837174817280.0,-2572028081760.0,-734853264480.0,7.4,20.5,33.5,9.4,-22.3,-76.3,0.0,0.0
RLCO,Abadi Lestari Indonesia Tbk.,Consumer Defensive,Farm Products,2026-06-30,TTM-gabungan,IDR,2026-09-02,3125000000.0,13.8644,104.0048,,636225640892.0,43326339484.0,91824220926.0,90768735027.0,18.05,13.93,6.81,22.26,5.88,498747000000.0,65768096690.0,432978903310.0,835822289074.0,325014861619.0,1.53,4.72,1.49,0.87,2.48,-53626742851.0,-32858700000.0,-58371847593.0,-1.24,0.0,,,18.7,67.1,2.0,0.0
RISE,Jaya Sukses Makmur Sentosa T,Real Estate,Real Estate - Development,2026-06-30,TTM,IDR,2026-09-02,16198599990.0,10.9642,172.7228,,484289713667.0,177605060697.0,209901243128.0,199742117216.0,59.14,36.67,36.67,7.2,4.59,664047777881.0,258576605054.0,404648017717.0,4276489622196.0,2797867608691.0,0.24,1.93,2.31,0.75,10.05,9047577994.0,6780339162.0,15827917156.0,0.05,0.0,31.7,57.0,8.7,33.2,2.0,-0.0
BSDE,Bumi Serpong Damai Tbk,Real Estate,Real Estate - Development,2026-06-30,TTM-gabungan,IDR,2026-09-02,20913395112.0,89.7021,2143.0898,,11149348949010.0,1875975340821.0,3878533945128.0,3790657553523.0,64.83,28.4,16.83,4.34,2.38,18691113561104.0,8457918412228.0,10184084186108.0,81942880583837.0,44819283644651.0,0.42,2.63,3.56,1.45,2.37,-1307120350520.0,-219081733672.0,-1526202084192.0,-0.7,0.0,-11.8,6.7,7.7,1.5,1.0,0.0
STAA,Sumber Tani Agung Resources ,Consumer Defensive,Farm Products,2026-03-31,TTM-gabungan,IDR,2026-09-02,10901428700.0,146.3364,621.0905,75.0,10488483000000.0,1595276000000.0,2427928000000.0,2415918000000.0,31.74,22.16,15.21,26.07,17.56,1574773000000.0,2517534000000.0,564315000000.0,10091054000000.0,6770774000000.0,0.23,0.23,2.95,2.15,23.22,2007640000000.0,-477894000000.0,1529746000000.0,1.26,37.67,23.1,-34.9,16.9,13.0,2.0,-0.02
MCOL,Prima Andalan Mandiri Tbk.,Energy,Thermal Coal,2026-06-30,TTM-gabungan,USD,2026-09-02,3555560000.0,401.2274,2763.1063,280.0,13089981182400.0,1426587948480.0,2201798752800.0,2041164330240.0,22.03,14.61,10.9,14.46,10.69,1032183867360.0,2683050068640.0,-1650866201280.0,13203889240320.0,9824390220000.0,0.11,-0.75,2.59,2.46,23.44,2982623866080.0,-218511864960.0,2780641606080.0,2.09,70.87,47.2,152.1,-14.4,-42.6,0.0,0.0
PWON,Pakuwon Jati Tbk.,Real Estate,Real Estate - Diversified,2026-06-30,TTM-gabungan,IDR,2026-09-02,48159602400.0,46.0213,474.3374,13.0,7111498504000.0,2216369235000.0,3053476156000.0,2988105226000.0,56.05,41.73,31.17,10.1,6.01,5937497643000.0,4461085075000.0,1476412568000.0,37695717111000.0,22843899845000.0,0.26,0.48,3.02,1.7,9.66,3074783160000.0,-479866019000.0,2594917141000.0,1.39,28.25,11.1,104.3,5.9,15.1,2.0,0.0
CITA,Cita Mineral Investindo Tbk,Basic Materials,Other Industrial Metals & Mining,2026-06-30,TTM-gabungan,IDR,2026-09-02,3960361250.0,346.4824,2046.1324,351.0,3200635766925.0,1372195605140.0,2131088653842.0,2114434007934.0,36.26,20.62,42.87,16.34,15.59,0.0,795417176377.0,-795417176377.0,8544332333936.0,8103423347320.0,0.0,-0.37,5.54,3.17,,571323836866.0,-106608294973.0,464715541893.0,0.42,101.15,57.8,-67.3,-22.1,36.2,1.0,0.0
SCMA,Surya Citra Media Tbk,Communication Services,Broadcasting,2026-06-30,TTM-gabungan,IDR,2026-09-02,63504703280.0,15.5381,99.438,21.0,7111725920000.0,986745252000.0,1543642571000.0,1287598458000.0,40.71,17.03,13.87,14.14,9.13,760262857000.0,1104003864000.0,-343741007000.0,10415521811000.0,6314778627000.0,0.12,-0.22,2.45,1.97,87.2,1288050321000.0,-146795264000.0,1141255057000.0,1.31,135.05,-3.2,48.9,-1.2,-3.1,2.0,0.06
CMNT,Cemindo Gemilang Tbk.,Basic Materials,Building Materials,2026-06-30,TTM-gabungan,IDR,2026-09-02,17125504000.0,-13.8345,131.7917,,9495268000000.0,-236923000000.0,396311000000.0,331622000000.0,21.21,9.49,-2.5,-9.89,-1.41,9092816000000.0,509088000000.0,8351311000000.0,16609303000000.0,2256999000000.0,4.03,21.07,0.5,0.26,0.59,1232502000000.0,-405606000000.0,826896000000.0,-5.2,0.0,30.3,42.4,-2.5,,2.0,0.0
TSPC,Tempo Scan Pacific Tbk,Industrials,Conglomerates,2026-06-30,TTM-gabungan,IDR,2026-09-02,4509864300.0,328.0225,2159.209,150.0,14516249062463.0,1479336826164.0,2155918719007.0,1948955287334.0,38.15,12.27,10.19,15.7,10.79,1214533541243.0,5367042204715.0,-4152508663472.0,14198435026984.0,9737739799932.0,0.12,-1.93,2.91,2.2,30.93,523944046029.0,-538088902080.0,1246581937255.0,0.35,45.73,12.9,3.3,4.6,12.0,2.0,0.0
BKSL,Sentul City Tbk.,Real Estate,Real Estate - Development,2026-06-30,TTM-gabungan,IDR,2026-09-02,167708902705.0,5.3995,91.3989,,3018101611317.0,905550594420.0,1187310432861.0,1165438585602.0,55.82,37.73,30.0,6.09,4.21,2819981444518.0,234834974477.0,2584502030041.0,21820632062927.0,15328405464885.0,0.18,2.18,2.12,1.12,4.61,81314639254.0,-59440773517.0,21873865737.0,0.09,0.0,37.7,6450.7,60.0,,2.0,0.0
STTP,Siantar Top Tbk.,Consumer Defensive,Packaged Foods,2026-06-30,TTM-gabungan,IDR,2026-09-02,1310000000.0,944.5152,6026.1066,,5464203414185.0,1237314856067.0,1361803354680.0,1343638359346.0,31.13,21.26,22.64,17.29,15.53,0.0,4114792575851.0,-4114792575851.0,8757125693051.0,7894199621895.0,0.0,-3.02,9.59,8.78,,1350925472106.0,-54794573202.0,1296130898904.0,1.09,0.0,20.2,17.4,2.0,23.6,2.0,0.0
BSSR,Baramulti Suksessarana Tbk.,Energy,Thermal Coal,2026-03-31,TTM-gabungan,USD,2026-09-02,2616500000.0,610.5355,2028.1788,836.13,12757946278560.0,1597466196960.0,1979678979360.0,1977310274880.0,29.89,15.14,12.52,31.96,23.17,22880580960.0,1082615163360.0,-1059734582400.0,6987283393440.0,5306729700480.0,0.0,-0.54,2.78,2.34,1513.44,2704112380800.0,-366916378560.0,2337196002240.0,1.69,129.27,-26.9,25.5,-11.9,-29.5,0.0,0.0
ALII,Ancara Logistics Indonesia T,Industrials,Marine Shipping,2026-06-30,TTM-gabungan,IDR,2026-09-02,15825800000.0,27.262,135.4366,13.0,1005059700000.0,431442600000.0,600263038000.0,600263038000.0,44.94,36.1,42.93,21.43,14.73,310543148000.0,58599450000.0,220308550000.0,3163802320000.0,2143392470000.0,0.14,0.37,1.62,1.62,23.2,77086865000.0,-57768337000.0,19318528000.0,0.18,47.69,23.4,41.6,13.1,31.8,3.0,0.0
TCPI,Transcoal Pacific Tbk.,Industrials,Marine Shipping,2026-06-30,TTM-gabungan,IDR,2026-09-02,5000000000.0,27.8894,429.799,6.5,2034667000000.0,139447000000.0,264333000000.0,246852000000.0,24.27,14.2,6.85,6.63,3.54,1256327000000.0,88318000000.0,1151271000000.0,4186608000000.0,2148995000000.0,0.58,4.36,0.95,0.81,2.63,857311000000.0,-771082000000.0,86229000000.0,6.15,24.07,20.4,10.9,2.9,2.5,2.0,0.0
COIN,Indokripto Koin Semesta Tbk.,Financial Services,Financial Data & Stock Exchanges,2026-06-30,TTM,IDR,2026-09-02,14705882400.0,-1.0657,102.7622,,246243359720.0,-15671573481.0,78509154789.0,12583810944.0,66.35,-1.14,-6.36,-1.12,-1.03,5073538068.0,290821556746.0,-285748018678.0,1530727893240.0,1511208104843.0,0.0,-3.64,20.86,20.86,33.04,-34363392612.0,-8826515313.0,-43189907925.0,2.19,0.0,-47.0,-182.5,,,2.0,0.0
CTRA,Ciputra Development Tbk,Real Estate,Real Estate - Development,2026-06-30,TTM-gabungan,IDR,2026-09-02,18535695255.0,136.2146,1321.6936,36.0,11928887000000.0,2524833000000.0,3776443000000.0,3573259000000.0,47.76,29.54,21.17,10.74,5.42,7940360000000.0,8602401000000.0,-662041000000.0,46623520000000.0,24498510000000.0,0.32,-0.18,2.29,1.13,6.39,148466000000.0,-847085000000.0,-698619000000.0,0.06,26.47,-3.5,-12.4,11.4,12.7,2.0,0.0
GOOD,Garudafood Putra Putri Jaya ,Consumer Defensive,Packaged Foods,2026-06-30,TTM-gabungan,IDR,2026-09-02,36877600855.0,19.0181,105.9112,9.5,14343919795778.0,701342008855.0,1256745206596.0,1136890386360.0,27.23,7.37,4.89,18.32,7.82,2409738154351.0,912625466839.0,1420398424624.0,9383726690103.0,3905750606875.0,0.62,1.13,1.27,0.69,7.72,1093074730460.0,-714450367102.0,378624363358.0,1.56,49.97,19.6,-5.6,7.7,17.4,3.0,-0.0
YUPI,Yupi Indo Jelly Gum Tbk.,Consumer Defensive,Confectioners,2026-06-30,TTM-gabungan,IDR,2026-09-02,8544488700.0,72.7176,203.648,68.7,2968730975175.0,621334474492.0,860582995284.0,855102980758.0,38.92,27.49,20.93,26.13,18.73,772130862254.0,880531045455.0,-108400183201.0,3149880337977.0,1740068031795.0,0.44,-0.13,3.19,2.41,17.74,629476387394.0,-29933347802.0,599543039592.0,1.01,70.8,0.3,-13.1,0.7,14.9,2.0,0.0
WIFI,Solusi Sinergi Digital Tbk.,Communication Services,Telecom Services,2026-06-30,TTM,IDR,2026-09-02,5308549015.0,96.4107,1437.4773,2.0,2716828723769.0,511800853211.0,1433085681490.0,1415034969106.0,62.02,50.92,18.84,10.41,3.91,10057971475866.0,8285838461863.0,1609312908111.0,20949132568978.0,7630918521915.0,1.32,1.12,2.12,1.53,3.04,-2668441892192.0,-3355609925459.0,-6024051817651.0,-5.21,0.0,179.3,14.7,,,2.0,125.0
PRAY,Famon Awal Bros Sedaya Tbk.,Healthcare,Medical Care Facilities,2026-06-30,TTM-gabungan,IDR,2026-09-02,13959422300.0,13.2428,235.7896,,2769209000000.0,184862000000.0,348045000000.0,341397000000.0,26.65,15.45,6.68,6.13,3.28,1987507000000.0,522532000000.0,1272869000000.0,6313594000000.0,3291487000000.0,0.6,3.66,1.61,1.52,5.99,327980000000.0,-575993000000.0,-248013000000.0,1.77,0.0,35.9,-10.3,17.0,50.1,2.0,0.0
ADMF,Adira Dinamika Multi Finance,Financial Services,Credit Services,2026-06-30,TTM-gabungan,IDR,2026-09-02,1225986955.0,1598.6296,12619.6139,630.0,11022164000000.0,1959899000000.0,1690244000000.0,1389070000000.0,59.04,12.6,17.78,14.74,5.54,19570063000000.0,1391600000000.0,18081111000000.0,38617652000000.0,15471482000000.0,1.26,10.7,1.32,1.32,,1183902000000.0,-148926000000.0,1034976000000.0,0.6,42.0,10.6,65.8,14.8,-1.3,1.0,22.6
HEAL,Medikaloka Hermina Tbk.,Healthcare,Medical Care Facilities,2026-06-30,TTM-gabungan,IDR,2026-09-02,15245698700.0,26.0977,361.7184,13.5,7354386000000.0,397878000000.0,1235427000000.0,950725000000.0,33.88,12.42,5.41,7.88,3.49,3638122000000.0,571787000000.0,3050370000000.0,11992249000000.0,5514650000000.0,0.66,2.47,1.27,1.2,4.12,1208342000000.0,-1552094000000.0,-343752000000.0,3.04,52.1,7.9,-26.3,13.3,12.9,2.0,2.39
MDIA,Intermedia Capital Tbk.,Communication Services,Broadcasting,2026-03-31,TTM,IDR,2026-09-02,39215538400.0,0.0663,23.4133,,579954740000.0,2600395000.0,57376363000.0,31920211000.0,50.72,14.13,0.45,0.28,0.07,661177506000.0,11667698000.0,647994117000.0,3129717378000.0,918164178000.0,0.72,11.29,0.87,0.54,1.44,109845291000.0,-10172025000.0,99673266000.0,42.24,0.0,-15.2,85.8,-21.8,,2.0,0.0
BBKP,Bank KB Indonesia Tbk.,Financial Services,Banks - Regional,2026-03-31,TTM-gabungan,IDR,2026-09-02,187887539870.0,-1.4662,42.949,,1468588000000.0,-275490000000.0,,,,,-18.76,-3.43,-0.32,22015851000000.0,8110880000000.0,13904971000000.0,86588323000000.0,8069588000000.0,2.73,,,,,-2960302000000.0,-960137000000.0,-3920439000000.0,10.75,0.0,293.1,100.3,-0.5,,1.0,0.0
SGER,Sumber Global Energy Tbk.,Energy,Thermal Coal,2026-03-31,TTM-gabungan,IDR,2026-09-02,15586909438.0,13.5495,149.5318,37.0,6780087180127.0,211195022818.0,405729884152.0,387286654419.0,8.12,4.39,3.11,9.48,3.91,2113699290841.0,84016049271.0,2029683241570.0,6152699077914.0,2330739093122.0,0.91,5.0,1.66,1.66,2.48,-174067949736.0,-390169798187.0,-564237747923.0,-0.82,0.0,-35.4,-17.9,-13.6,-29.4,1.0,0.0
SMSM,Selamat Sempurna Tbk,Consumer Cyclical,Auto Parts,2026-06-30,TTM-gabungan,IDR,2026-09-02,5758675440.0,198.8166,696.1101,160.0,5432118000000.0,1144920000000.0,1625365000000.0,1579998000000.0,37.5,28.31,21.08,29.52,21.02,162075000000.0,1239077000000.0,-1077002000000.0,5716543000000.0,4008672000000.0,0.04,-0.66,4.39,2.74,112.55,1092567000000.0,-222239000000.0,870328000000.0,0.95,70.35,13.0,14.2,2.9,9.9,3.0,0.0
SSMS,Sawit Sumbermas Sarana Tbk.,Consumer Defensive,Packaged Foods,2026-03-31,TTM-gabungan,IDR,2026-09-02,9525000000.0,119.3996,273.7751,83.99,14738182492000.0,1137281020000.0,2619576732000.0,2537480185000.0,35.2,16.14,7.72,43.49,8.86,8356820271000.0,909513461000.0,7188031911000.0,13789765557000.0,2607707791000.0,3.2,2.74,1.36,0.99,4.02,988684514000.0,-547843503000.0,440841011000.0,0.87,51.16,12.0,51.3,9.6,-14.2,2.0,0.0
CMNP,Citra Marga Nusaphala Persad,Industrials,Infrastructure Operations,2026-03-31,TTM-gabungan,IDR,2026-09-02,6696354391.0,161.7748,2260.2985,,5740574615000.0,1083301400000.0,1806610034000.0,1793791690000.0,33.65,29.13,18.87,7.68,4.28,6831723351000.0,377412152000.0,6454311199000.0,26666007932000.0,15135759684000.0,0.45,3.57,1.0,1.0,4.02,1419491248000.0,-2656500750000.0,-1237009502000.0,1.31,0.0,-26.5,133.6,9.1,4.3,2.0,11.35
RMKE,RMK Energy Tbk.,Energy,Thermal Coal,2026-06-30,TTM-gabungan,IDR,2026-09-02,21875000000.0,14.5813,88.3978,6.0,3233965567262.0,318965209281.0,464752171743.0,462451776342.0,16.26,13.59,9.86,17.21,11.1,1073050515844.0,547270597945.0,524844165828.0,3484591001963.0,1933701673079.0,0.55,1.13,2.79,2.74,8.37,289648627694.0,-276327365390.0,13321262304.0,0.91,41.11,130.8,105.5,-6.7,-14.7,0.0,0.0
BIPI,Astrindo Nusantara Infrastru,Energy,Thermal Coal,2026-06-30,TTM-gabungan,USD,2026-09-02,63710196917.0,4.3022,131.2519,,3320747679360.0,274094218080.0,1592651052480.0,1584538710720.0,21.65,14.88,8.25,3.28,0.96,10624999032000.0,373722774240.0,10248529744800.0,27267863223840.0,8362087355520.0,1.27,6.43,1.22,1.21,1.42,-1170516773760.0,-778037787840.0,-1948554561600.0,-4.27,0.0,-32.0,26.6,75.2,74.3,1.0,0.0
DMAS,Puradelta Lestari Tbk.,Real Estate,Real Estate - Development,2026-06-30,TTM-gabungan,IDR,2026-09-02,48198111100.0,32.357,145.3753,16.5,2499179915182.0,1559544915123.0,1646176577032.0,1617418464986.0,68.61,63.51,62.4,21.4,17.97,1054170512.0,2085029615467.0,-2083975444955.0,8790484116231.0,7006813446025.0,0.0,-1.27,4.12,1.53,106.4,1543458041828.0,-82307605844.0,1461150435984.0,0.99,50.99,47.7,5.2,-12.2,-13.0,1.0,0.0
AGII,Samator Indo Gas Tbk.,Basic Materials,Chemicals,2026-06-30,TTM,IDR,2026-09-02,3066660000.0,32.9247,1234.6145,11.42,3134889000000.0,100969000000.0,629214000000.0,459877000000.0,46.68,14.6,3.22,2.7,1.21,3926152000000.0,627665000000.0,3095838000000.0,8424518000000.0,3786143000000.0,1.04,4.92,1.82,1.37,1.44,505499000000.0,-338715000000.0,166784000000.0,5.01,34.61,9.9,102.0,4.8,-12.9,1.0,0.0
MIDI,Midi Utama Indonesia Tbk.,Consumer Defensive,Grocery Stores,2026-06-30,TTM-gabungan,IDR,2026-09-02,33435294800.0,26.5531,138.5259,11.85,21518673000000.0,887811000000.0,2146997000000.0,1154397000000.0,26.31,4.07,4.13,19.84,9.44,622707000000.0,533369000000.0,89338000000.0,9272359000000.0,4631655000000.0,0.13,0.04,0.99,0.3,25.42,1749985000000.0,-1184740000000.0,565245000000.0,1.97,44.63,-2.9,15.8,9.7,25.7,3.0,0.0
BMAS,Bank Kasikorn Indonesia Tbk.,Financial Services,Banks - Regional,2026-03-31,TTM-gabungan,IDR,2026-09-02,18102662304.0,0.205,359.2762,,780661597000.0,3711009000.0,,,,,0.48,0.06,0.02,4521420035000.0,3579757382000.0,923785118000.0,25123018467000.0,6503855693000.0,0.7,,,,,-7885282132000.0,-4628104000.0,-7889910236000.0,-2124.84,0.0,-2.1,100.9,16.5,-34.8,1.0,0.0
SGRO,Prime Agri Resources Tbk.,Consumer Defensive,Farm Products,2026-06-30,TTM,IDR,2026-09-02,1818622000.0,143.2519,2818.4081,193.0,6076343000000.0,260521000000.0,925682000000.0,903266000000.0,30.78,12.54,4.29,4.82,2.74,1132141000000.0,1523094000000.0,62581000000.0,8676575000000.0,5125619000000.0,0.22,0.07,1.0,0.66,6.89,1816332000000.0,-448129000000.0,1368203000000.0,6.97,69.42,3.1,32.1,4.4,-30.0,1.0,0.0
FILM,MD Entertainment Tbk.,Communication Services,Entertainment,2026-06-30,TTM-gabungan,IDR,2026-09-02,10887566758.0,-18.8239,286.0471,,480353184940.0,-204946918210.0,-179528219688.0,-225148098171.0,26.38,-41.33,-42.67,-7.22,-5.36,389220000000.0,268149864505.0,121070135495.0,3774450230739.0,3114357088513.0,0.12,,1.54,0.73,-24.81,37488358753.0,2181443640.0,-107834648176.0,-0.18,0.0,12.5,77.8,4.4,,0.0,3.86
DUTI,Duta Pertiwi Tbk,Real Estate,Real Estate - Development,2026-06-30,TTM-gabungan,IDR,2026-09-02,1850000000.0,340.8186,5562.3613,480.0,2965607361576.0,630514353699.0,974342941408.0,954263294652.0,69.22,27.59,21.26,6.06,4.03,3005514836.0,3629033995782.0,-3626028480946.0,16849864468616.0,10290368327825.0,0.0,-3.72,2.76,1.5,8.22,38872760457.0,-5030233779.0,33842526678.0,0.06,140.84,72.4,239.6,-3.2,-17.4,1.0,0.0
SSIA,Surya Semesta Internusa Tbk,Industrials,Engineering & Construction,2026-06-30,TTM,IDR,2026-09-02,4705249440.0,43.6815,1229.144,5.0,5668831813991.0,205532254634.0,809999060788.0,625802074929.0,27.57,12.56,3.63,3.64,1.69,2473836443872.0,1093012561282.0,1175834079461.0,13025798658952.0,5783429133928.0,0.43,1.45,1.56,1.38,4.24,40002512591.0,-1542293119357.0,-1502290606766.0,0.19,11.47,82.8,1730.9,7.0,,2.0,1.36
BJBR,Bank Pembangunan Daerah Jawa,Financial Services,Banks - Regional,2026-06-30,TTM-gabungan,IDR,2026-09-02,10521443686.0,137.1204,1536.5138,85.54,11240515000000.0,1442705000000.0,,,,,12.83,8.75,0.64,21327380000000.0,28372804000000.0,3631209000000.0,228249017000000.0,16166343000000.0,1.32,,,,,26714266000000.0,-467215000000.0,26247051000000.0,18.52,62.38,1.7,-6.5,2.8,-20.6,0.0,0.0
INPP,Indonesian Paradise Property,Real Estate,Real Estate Services,2026-06-30,TTM,IDR,2026-09-02,11181971732.0,-43.4084,512.9078,4.5,1726662000000.0,-485392000000.0,-94393000000.0,-190800000000.0,57.44,15.91,-28.11,-8.28,-4.77,2262829000000.0,742644000000.0,1485914000000.0,10199705000000.0,5735321000000.0,0.39,,2.84,1.84,-1.26,260467000000.0,-23264319731.0,237203000000.0,-0.54,187.27,-9.3,-42.2,22.1,,2.0,0.0
BBMD,Bank Mestika Dharma Tbk.,Financial Services,Banks - Regional,2026-06-30,TTM-gabungan,IDR,2026-09-02,4029124600.0,74.6958,1329.1415,22.33,987587615793.0,300958618528.0,,,,,30.47,5.71,1.85,141191755225.0,800275462140.0,-659083706915.0,16214525048021.0,5355276808218.0,0.03,,,,,457753925074.0,-46368296594.0,411385628480.0,1.52,29.89,1.3,-3.4,-3.8,-15.1,0.0,0.05
ERAA,Erajaya Swasembada Tbk.,Consumer Cyclical,Specialty Retail,2026-06-30,TTM-gabungan,IDR,2026-09-02,15642296878.0,90.2487,606.0471,25.0,84456070239000.0,1411697210000.0,4271014760000.0,2767411601000.0,10.87,2.09,1.67,15.82,4.89,7980815824000.0,1312396735000.0,4845553666000.0,29348807617000.0,9479968966000.0,0.84,1.13,1.26,0.4,4.41,7000281261000.0,-1047262921000.0,5953018340000.0,4.96,0.0,29.0,63.0,15.7,5.7,2.0,-0.89
TMAS,Temas Tbk.,Industrials,Marine Shipping,2026-06-30,TTM-gabungan,IDR,2026-09-02,56868856000.0,11.5105,56.9645,4.0,4956549000000.0,654588000000.0,843157000000.0,827144000000.0,20.76,17.26,13.21,21.4,12.24,1941504000000.0,381401000000.0,1413633000000.0,5996884000000.0,3239504000000.0,0.6,1.68,1.17,0.94,8.5,1005580000000.0,-1352389000000.0,-346809000000.0,1.54,33.33,48.4,109.6,-3.8,-28.5,0.0,0.0
BJTM,Bank Pembangunan Daerah Jawa,Financial Services,Banks - Regional,2026-06-30,TTM-gabungan,IDR,2026-09-02,15015498082.0,104.3648,867.8961,56.62,9663482000000.0,1567090000000.0,,,,,16.22,12.1,1.12,5677666000000.0,18611709000000.0,-12934043000000.0,162057151000000.0,13031892000000.0,0.44,,,,,-10145718000000.0,-92264000000.0,-10237982000000.0,-6.47,54.25,35.9,14.6,14.6,0.1,1.0,0.0
TLDN,Teladan Prima Agro Tbk.,Consumer Defensive,Farm Products,2026-06-30,TTM-gabungan,IDR,2026-09-02,12946530200.0,84.1135,285.1419,85.15,5585973861000.0,1088977379000.0,1446591116000.0,1418808736000.0,34.0,22.81,19.49,30.87,17.68,787400994000.0,258018162000.0,96219476000.0,6342799138000.0,3691598827000.0,0.21,0.07,1.24,0.5,32.99,1196076050000.0,7636158000.0,1203712208000.0,1.1,64.37,5.2,65.3,14.5,24.5,2.0,0.0
INET,Sinergi Inti Andalan Prima T,Communication Services,Telecom Services,2026-03-31,TTM,IDR,2026-09-02,22374111088.0,1.6365,162.5672,0.04,463320510152.0,36614433881.0,68633082367.0,65952664667.0,18.28,12.35,7.9,1.89,1.23,1542564584166.0,4490291870699.0,-2947727286533.0,5690551419774.0,3637297437905.0,0.42,-42.95,3.7,3.7,3.47,351470707287.0,-372595130668.0,-21124423381.0,9.6,2.09,3069.6,790.6,66.3,161.2,2.0,78.68
ABMM,ABM Investama Tbk.,Energy,Thermal Coal,2026-06-30,TTM-gabungan,USD,2026-09-02,2753165000.0,530.5985,5730.9754,97.0,18425687388480.0,1460825339040.0,3012947148000.0,2896303836960.0,10.79,4.88,7.93,9.4,4.0,16380816173280.0,3803830424160.0,11516212082400.0,36528037389120.0,15778320924960.0,1.04,3.82,1.14,1.06,2.35,4800064073280.0,-1510162565760.0,3289901507520.0,3.29,18.19,13.4,16.3,-10.4,-36.0,1.0,0.0
BTPS,Bank BTPN Syariah Tbk.,Financial Services,Banks - Regional,2026-06-30,TTM-gabungan,IDR,2026-09-02,7703700000.0,157.4355,1331.6197,120.2,4691353000000.0,1212836000000.0,,,,,25.85,12.2,5.39,321130000000.0,1542474000000.0,-1221344000000.0,23301720000000.0,10258399000000.0,0.03,,,,,1318743000000.0,-186497000000.0,1132246000000.0,1.09,54.59,0.5,8.1,-2.1,-12.3,1.0,0.0
CNMA,Nusantara Sejahtera Raya Tbk,Communication Services,Entertainment,2026-06-30,TTM-gabungan,IDR,2026-09-02,83279924292.0,7.0755,44.8807,11.9,5613000000000.0,589249000000.0,1766093000000.0,972359000000.0,60.57,16.36,10.5,15.28,9.06,1650525000000.0,1389479000000.0,261046000000.0,6209444000000.0,3737664000000.0,0.44,0.15,2.64,2.47,6.57,1511193000000.0,-602428000000.0,908765000000.0,2.56,168.81,65.0,361.0,10.0,15.2,2.0,-1.2
GMFI,Garuda Maintenance Facility ,Industrials,Aerospace & Defense,2026-03-31,TTM,USD,2026-09-02,124835258434.0,5.2504,19.9728,,9083538302400.0,655439832960.0,1130355606240.0,1130355606240.0,20.99,14.18,7.22,-65.21,5.58,6974128437120.0,995110027200.0,5539585464960.0,16164953052480.0,2493309581280.0,2.8,4.9,1.07,0.87,3.2,1212243076800.0,-80393179680.0,1131849897120.0,1.85,0.0,20.5,77.9,27.3,111.8,3.0,117.67
FORE,Fore Kopi Indonesia Tbk.,Consumer Cyclical,Restaurants,2026-06-30,TTM-gabungan,IDR,2026-09-02,8918359270.0,11.7276,82.7163,,2002640150262.046,104590768399.0,391244306269.0,155554221040.0,56.78,7.09,5.22,21.11,11.01,245381004796.0,263964211784.0,-18583206988.0,1259374902924.0,737693464824.0,0.33,-0.05,1.23,0.84,10.24,342573118202.0,-241679029007.0,100894089195.0,3.28,0.0,148.0,700.6,73.5,,3.0,0.0
CYBR,ITSEC Asia Tbk.,Technology,Software - Infrastructure,2026-03-31,TTM-gabungan,IDR,2026-09-02,13430497494.0,1.0217,18.9292,,477874458603.0,13722099405.0,50529503852.0,38005022796.0,48.24,13.98,2.87,7.81,3.76,44119566358.0,7598632966.0,2672933324.0,463362507923.0,254228594710.0,0.17,0.05,2.36,2.36,6.93,-19019068210.0,-34733184159.0,-53752252369.0,-1.39,0.0,-45.5,-136.3,41.3,,2.0,2.4
NATO,Olympus Strategic Indonesia ,Consumer Cyclical,Lodging,2026-03-31,TTM,IDR,2026-09-02,8001111504.0,-10.3166,261.5947,,354328620562.0,-82543881555.0,-175366286626.0,-178578542220.0,-52.78,-65.86,-23.3,-5.71,-3.22,116955532000.0,529646607961.0,-412691075961.0,4320822617478.0,2093048146797.0,0.06,,0.88,0.73,-64.69,982859899181.0,-531306900.0,982328592281.0,-11.91,0.0,9678.6,-3439.4,50.7,,2.0,0.0
PNLF,Panin Financial Tbk,Financial Services,Banks - Regional,2026-03-31,TTM-gabungan,IDR,2026-09-02,32022073293.0,66.1154,984.0852,,11492940000000.0,2117152000000.0,,9787506000000.0,,,18.42,6.94,0.85,11381528000000.0,20277578000000.0,-8896050000000.0,239275013000000.0,31512448000000.0,0.36,,,,1.53,3511855000000.0,-359768000000.0,3152087000000.0,1.66,0.0,-4.0,121.5,0.5,-4.7,2.0,0.0
KPIG,MNC Tourism Indonesia Tbk.,Real Estate,Real Estate Services,2026-06-30,TTM-gabungan,IDR,2026-09-02,107312842189.0,6.0122,275.1529,,2764469991231.0,645186560465.0,779692344905.0,772952306059.0,39.33,23.36,23.34,2.24,1.78,5551443639810.0,154734799652.0,5385384018429.0,36676489446838.0,29527438807722.0,0.19,6.91,1.04,0.53,6.2,240486709089.0,-615034511740.0,-374547802651.0,0.37,0.0,12.8,375.1,32.6,59.2,3.0,10.0
BULL,Buana Lintas Lautan Tbk.,Industrials,Marine Shipping,2026-03-31,TTM,USD,2026-09-02,15494436593.0,37.491,246.3141,,2664107963040.0,580901432640.0,743840996640.0,739046826720.0,31.8,27.05,21.8,17.23,8.66,2264068243200.0,348819347040.0,1915248896160.0,7242196669440.0,3816498685440.0,0.59,2.57,0.6,0.56,4.69,1362779003520.0,-838206625440.0,77908378080.0,2.35,0.0,11.8,142.3,8.5,,2.0,10.0
CLAY,Citra Putra Realty Tbk.,Consumer Cyclical,Lodging,2026-06-30,TTM,IDR,2026-09-02,2570000000.0,10.2608,11.1127,,175055365614.0,26370200974.0,57798907622.0,52901660250.0,54.63,29.01,15.06,166.13,5.04,267461446847.0,23897303283.0,243564143564.0,514682060439.0,28559546710.0,9.37,4.21,0.41,0.4,2.86,56887632693.0,-11418849819.0,45468782874.0,2.16,0.0,84.7,418.0,4.0,,2.0,0.0
SMMT,Golden Eagle Energy Tbk.,Energy,Thermal Coal,2026-03-31,TTM,USD,2026-09-02,3425000000.0,14.7982,171.4533,,1731925416480.0,50683843200.0,102313743840.0,102313743840.0,7.63,3.24,2.93,6.52,2.81,478672386240.0,182252462880.0,296419923360.0,2155294352640.0,587227438080.0,0.82,2.9,0.89,0.68,4.49,333048999840.0,-228422655360.0,104626344480.0,6.57,0.0,-20.9,-62.9,15.4,-44.1,1.0,8.73
OMED,Jayamas Medica Industri Tbk.,Healthcare,Medical Instruments & Supplies,2026-06-30,TTM-gabungan,IDR,2026-09-02,27008119900.0,16.0196,104.7645,4.08,2304764243821.0,432658133716.0,586376042441.0,562426820838.0,35.75,19.81,18.77,16.13,13.63,262643945729.0,1264486619840.0,-1001842674111.0,3412388491400.0,2829491182510.0,0.09,-1.71,8.29,5.89,27.88,373885512373.0,-128859128610.0,245026383763.0,0.86,47.78,36.3,66.4,5.9,8.7,2.0,-0.19
BOGA,Apollo Global Interactive Tb,Consumer Cyclical,Auto & Truck Dealerships,2026-03-31,TTM,IDR,2026-09-02,3803526210.0,1.0852,119.1866,,323949408651.0,4127670012.0,39989597112.0,35181739436.0,15.12,4.2,1.27,0.91,0.52,269110231992.0,195607441653.0,73502790339.0,784898587251.0,453329506437.0,0.59,1.84,1.27,1.16,1.44,43136446752.0,-323973556.0,41560055618.0,10.45,0.0,-29.7,17.6,-21.0,-45.3,1.0,0.0
EPMT,Enseval Putera Megatrading T,Healthcare,Medical Distribution,2026-06-30,TTM-gabungan,IDR,2026-09-02,2708640000.0,306.4488,3048.4188,179.0,35175639243769.0,830059505174.0,1290845182400.0,1091745278020.0,10.03,3.23,2.36,10.33,6.16,16882464449.0,442588599550.0,-425706135101.0,14269725478746.0,8257069074059.0,0.0,-0.33,2.12,1.24,82.75,449550957356.0,-238876730761.0,210674226595.0,0.54,0.0,10.9,-40.7,5.6,-2.3,2.0,0.0
ELPI,Pelayaran Nasional Ekalya Pu,Industrials,Marine Shipping,2026-06-30,TTM-gabungan,IDR,2026-09-02,8864540926.0,15.0762,286.6705,14.21,907070000000.0,133644000000.0,144782000000.0,142719000000.0,20.36,14.29,14.73,5.81,4.38,388175000000.0,154737000000.0,227964000000.0,3427245000000.0,2541202000000.0,0.15,1.57,4.03,3.7,7.04,217980000000.0,-225283000000.0,-21688000000.0,1.63,94.29,10.2,-27.8,17.0,27.4,2.0,0.0
WBSA,BSA Logistics Indonesia Tbk.,Industrials,Integrated Freight & Logistics,,,,2026-08-10,8675000000.0,,,,,,,,,,,,,,,,,,,,,,,,,,,,,,,,,
SHIP,Sillo Maritime Perdana Tbk.,Energy,Oil & Gas Equipment & Services,2026-06-30,TTM,USD,2026-09-02,2719790000.0,103.005,994.4027,35.0,3569842584000.0,280151834400.0,728113966080.0,696664202880.0,26.53,20.24,7.85,10.55,2.84,6378889747200.0,881656607520.0,5407420428960.0,11133760055040.0,2704566557280.0,2.36,7.43,1.32,1.32,2.22,1432619173440.0,-3372173251200.0,-1939554077760.0,5.11,33.79,31.4,-46.3,8.9,-1.6,1.0,0.0
MTDL,Metrodata Electronics Tbk,Technology,Electronics & Computer Distribution,2026-06-30,TTM-gabungan,IDR,2026-09-02,12276884585.0,67.8844,382.3876,27.0,29132361000000.0,833409000000.0,1620819000000.0,1620819000000.0,8.17,5.35,2.86,18.44,6.17,3341596000000.0,1269398000000.0,2072198000000.0,15284097000000.0,4694528000000.0,0.71,1.28,1.66,0.87,15.84,-1713826000000.0,-10520000000.0,-1724346000000.0,-2.06,39.71,25.2,0.7,9.0,11.9,3.0,0.0
VICI,Victoria Care Indonesia Tbk.,Consumer Defensive,Household & Personal Products,2026-03-31,TTM,IDR,2026-09-02,6708000000.0,18.6285,166.6619,8.0,1449234286495.0,124959915136.0,191821776139.0,169019156032.0,55.18,12.1,8.62,11.47,9.38,78813514412.0,51170641068.0,25460080555.0,1352617099655.0,1117968169105.0,0.07,0.13,5.29,3.08,25.31,172145178938.0,-22590141347.0,149555037591.0,1.38,53.12,11.9,-30.9,10.5,11.9,1.0,0.0
DMND,Diamond Food Indonesia Tbk.,Consumer Defensive,Packaged Foods,2026-06-30,TTM-gabungan,IDR,2026-09-02,9468359000.0,51.0393,703.4755,7.5,12248396000000.0,483258000000.0,691105000000.0,616272000000.0,20.4,4.86,3.95,7.5,5.92,42014000000.0,460513000000.0,-418499000000.0,8474495000000.0,6660759000000.0,0.01,-0.61,3.35,1.86,259.81,380344000000.0,-549175000000.0,-168831000000.0,0.79,14.42,24.0,126.0,9.5,4.5,2.0,0.0
APIC,Pacific Strategic Financial ,Financial Services,Insurance - Life,2026-03-31,TTM-gabungan,IDR,2026-09-02,11766313488.0,8.7969,275.5022,,1979304905624.0,103507593185.0,340367645850.0,332913145417.0,13.04,10.38,5.23,3.69,1.33,1729423882079.0,308554830686.0,1410985045925.0,8254769446767.0,3241644933241.0,0.53,4.15,1.63,1.63,1.54,-697158361384.0,-866365747.0,-697158361384.0,-6.74,0.0,-28.9,9606.8,-4.3,-13.7,1.0,0.0
YULE,Yulie Sekuritas Indonesia Tb,Financial Services,Capital Markets,2026-03-31,TTM-gabungan,IDR,2026-09-02,1587286800.0,84.3538,435.4458,10.0,72258950088.0,133893643341.0,146954284791.0,145690823713.0,81.7,197.83,185.3,21.23,19.66,2373958000.0,82258311579.0,-79884353579.0,772860498155.0,691177310663.0,0.0,-0.54,9.06,9.06,1953.67,16594855592.0,-10501746.0,16584353846.0,0.12,22.61,-74.4,-120.5,-4.3,32.9,2.0,0.0
UNIC,Unggul Indah Cahaya Tbk,Basic Materials,Chemicals,2026-06-30,TTM-gabungan,USD,2026-09-02,383331363.0,2601.4819,14419.348,2110.0,7401534629760.0,997229612160.0,1284455485440.0,1267931918880.0,21.17,16.63,13.47,18.52,15.58,100319775360.0,2827159290720.0,-2726839515360.0,6612075989760.0,5527388323200.0,0.02,-2.12,6.47,4.54,223.81,1336319107680.0,-214255645440.0,1122063462240.0,1.34,64.14,21.4,248.7,-0.9,-1.3,1.0,0.0
SAME,Sarana Meditama Metropolitan,Healthcare,Medical Care Facilities,2026-06-30,TTM-gabungan,IDR,2026-09-02,17164632545.0,1.175,222.9047,,1976828817263.0,20167986664.0,195288847344.0,116538161767.0,29.05,5.42,1.02,0.53,0.36,898047025763.0,128062031460.0,769197332284.0,5712516495098.0,3826077410805.0,0.23,3.94,0.42,0.38,1.68,349131024359.0,-244282085862.0,104848938497.0,17.31,0.0,15.9,-45.2,10.1,90.5,2.0,0.1
BALI,Bali Towerindo Sentra Tbk.,Communication Services,Telecom Services,2026-06-30,TTM-gabungan,IDR,2026-09-02,3934592500.0,45.4594,617.8938,30.0,1239043029871.0,178864162135.0,513971775026.0,494850859549.0,52.01,43.69,14.44,7.07,2.83,3528460565684.0,343866499806.0,3177831275917.0,6453574675847.0,2431160439654.0,1.45,6.18,0.63,0.51,1.78,708376880460.0,-330712432185.0,377664448275.0,3.96,65.99,-1.9,-26.2,8.2,-4.9,1.0,0.0
BSWD,Bank Of India Indonesia Tbk.,Financial Services,Banks - Regional,2026-06-30,TTM-gabungan,IDR,2026-09-02,3688866845.0,18.8926,966.925,,295959053520.0,69692165006.0,,,,,23.55,1.98,0.99,2216338728.0,736758329936.0,-734541991208.0,7306694976531.0,3566857460971.0,0.0,,,,,107552955175.0,22095029227.0,129647984402.0,1.54,0.0,1.8,120.0,26.5,42.8,2.0,0.0
NICL,PAM Mineral Tbk.,Basic Materials,Other Industrial Metals & Mining,2026-06-30,TTM-gabungan,IDR,2026-09-02,10635644907.0,10.1667,78.1565,36.0,890842795346.0,108129870172.0,164862886083.0,156342586057.0,32.45,16.71,12.14,11.38,9.7,1398883674.0,245102648898.0,-243703765224.0,962049457755.0,831244696896.0,0.0,-1.48,2.98,2.78,823.0,197590739564.0,-34180942207.0,163409797357.0,1.83,206.49,-67.0,-98.6,8.6,32.0,2.0,0.0
ANJT,Austindo Nusantara Jaya Tbk.,Consumer Defensive,Farm Products,2026-06-30,TTM,IDR,2026-09-02,3354175000.0,-227.5368,1267.6192,,4360589571425.8516,-763198119398.8713,-141537554885.6931,-143569389519.99634,36.17,24.81,-17.5,-14.09,-9.22,2094705497053.0,1604370464675.0,490335032378.0,7051871645477.0,4251816571889.0,0.49,,2.49,2.11,-2.35,838446226243.2275,-174864394284.74606,663581831958.4814,-1.1,0.0,33.4,52.5,-1.9,,0.0,0.0
ELSA,Elnusa Tbk,Energy,Oil & Gas Equipment & Services,2026-06-30,TTM-gabungan,IDR,2026-09-02,7298500000.0,111.8901,743.169,44.29,15119072000000.0,816630000000.0,1049287000000.0,1042859000000.0,9.55,6.0,5.4,15.54,7.28,442210000000.0,2885629000000.0,-2443419000000.0,11401182000000.0,5424019000000.0,0.08,-2.33,1.45,1.36,21.24,1796043000000.0,-582513000000.0,1213530000000.0,2.2,39.58,6.5,31.3,5.6,23.9,3.0,0.0
MAYA,Bank Mayapada Internasional ,Financial Services,Banks - Regional,2026-03-31,TTM-gabungan,IDR,2026-09-02,26167857730.0,2.1351,727.8491,,3319622000000.0,55871000000.0,,,,,1.68,0.31,0.04,174747000000.0,22785812000000.0,-22611065000000.0,169051630000000.0,19046253000000.0,0.01,,,,,5416753000000.0,-34116000000.0,5382637000000.0,96.95,0.0,0.9,254.6,19.9,4.9,2.0,0.0
SMDR,Samudera Indonesia  Tbk,Industrials,Marine Shipping,2026-06-30,TTM,USD,2026-09-02,16375600000.0,59.9423,605.957,12.0,14996157258240.0,981591328320.0,2174152311360.0,2131122530880.0,17.71,10.8,6.55,10.12,3.94,9377580534720.0,6573056275200.0,2804524259520.0,26319924644640.0,9922909752960.0,0.95,1.29,2.31,2.29,3.74,2878481108640.0,-1840366005120.0,1038115103520.0,2.93,22.73,20.0,62.3,-11.4,-37.5,1.0,0.0
HATM,Habco Trans Maritima Tbk.,Industrials,Marine Shipping,2026-06-30,TTM,IDR,2026-09-02,8680000000.0,4.4764,188.6971,2.0,965157672959.0,38855566106.0,55064020629.0,50720929525.0,9.79,5.8,4.03,2.39,2.05,132008749974.0,159655712016.0,28282406122.0,1903735243418.0,1637890971214.0,0.08,0.51,3.46,2.06,4.27,173660616875.0,-361647611276.0,154795280394.0,4.47,36.76,6.2,-26.2,37.5,-12.0,1.0,0.0
JECX,Nitrasanata Dharma Tbk.,Healthcare,Medical Care Facilities,,Tahunan,IDR,2026-09-02,3253222300.0,22.2841,204.9165,,926763000000.0,72495000000.0,196638000000.0,129195000000.0,62.23,13.56,7.82,10.93,5.04,325594000000.0,244132000000.0,81462000000.0,1451329000000.0,666639000000.0,0.49,0.41,0.69,0.63,4.8,173359000000.0,-103472000000.0,69887000000.0,2.39,0.0,,,,,1.0,0.0
MBSS,Mitrabahtera Segara Sejati T,Industrials,Marine Shipping,2026-06-30,TTM-gabungan,IDR,2026-09-02,1750026639.0,212.0031,2346.9528,,769344583547.0,371011133926.0,434108566673.0,428686061073.0,22.74,11.18,48.22,9.51,8.33,536697667269.0,2143663675475.0,-1606966008206.0,4790095932760.0,4107229924883.0,0.13,-3.7,8.68,8.61,16.77,241196094498.0,-782032100542.0,-540836006044.0,0.65,0.0,-5.0,-4.5,-15.1,-1.8,1.0,0.0
TOBA,TBS Energi Utama Tbk.,Energy,Thermal Coal,2026-03-31,TTM-gabungan,USD,2026-09-02,8249360331.0,-237.3677,395.918,18.56,6759948555840.0,-1958131819200.0,-1542014006880.0,-1845583573440.0,8.67,-7.41,-28.97,-40.74,-13.16,7077930504480.0,1563506430720.0,4340406146880.0,13888223154720.0,3266070517920.0,2.17,,1.27,1.2,-7.3,321127440000.0,-732755169120.0,-411627729120.0,-0.16,0.0,-20.8,-42.4,-16.8,,1.0,1.0
TOTL,Total Bangun Persada Tbk,Industrials,Engineering & Construction,2026-06-30,TTM-gabungan,IDR,2026-09-02,3410000000.0,149.4345,359.7817,110.0,4284180500000.0,509571562000.0,452009205000.0,442983388000.0,17.47,10.34,11.89,40.89,12.83,0.0,864911414000.0,-864911414000.0,4195416440000.0,1226855465000.0,0.0,-1.91,1.12,1.1,,255921108000.0,-75064943000.0,180856165000.0,0.5,73.61,44.0,118.6,19.7,65.3,3.0,0.0
TUGU,Asuransi Tugu Pratama Indone,Financial Services,Insurance - Diversified,2026-06-30,TTM,IDR,2026-09-02,3555575600.0,234.5083,2582.3249,99.99,2780646175000.0,833811855000.0,,1091679904000.0,,,29.99,8.7,2.69,707624517000.0,389680741000.0,307641587000.0,29487507699000.0,9181651262000.0,0.08,,,,22.27,787438898000.0,-320742029000.0,466696869000.0,0.94,38.61,-117.5,94.8,17.7,27.0,2.0,0.0
GJTL,Gajah Tunggal Tbk,Consumer Cyclical,Auto Parts,2026-06-30,TTM-gabungan,IDR,2026-09-02,3484458600.0,456.0493,3159.1373,80.0,18142596000000.0,1589085000000.0,2541168000000.0,2425778000000.0,21.31,11.89,8.76,15.25,7.05,5805786000000.0,859070000000.0,4946716000000.0,23591378000000.0,11007883000000.0,0.53,1.95,1.47,1.03,6.57,2424903000000.0,-2572566000000.0,-147663000000.0,1.53,17.51,9.0,17.6,0.9,,3.0,0.0
MASB,Bank Multiarta Sentosa Tbk.,Financial Services,Banks - Regional,2026-06-30,TTM-gabungan,IDR,2026-09-02,1402010763.0,151.934,2938.7062,23.0,1121731102383.0,213013063329.0,,,,,18.99,5.27,0.68,5802894000.0,4521361249983.0,-4515558355983.0,32061610597665.0,4120097664537.0,0.0,,,,,-196601799365.0,-55387485988.0,-251989285353.0,-0.92,0.0,14.2,5.0,7.8,-12.3,0.0,0.0
BPII,Batavia Prosperindo Internas,Financial Services,Asset Management,2026-03-31,TTM-gabungan,IDR,2026-09-02,9884153240.0,11.3535,148.1026,6.32,1535843354297.0,112219527619.0,319542437475.0,288401615395.0,41.98,15.25,7.31,7.83,1.87,1572535308588.0,271626537752.0,1291323122760.0,6488026599775.0,1463869130266.0,1.07,4.04,1.29,1.29,2.25,114634159166.0,-628277832367.0,-513643673201.0,1.02,79.86,-14.9,-38.0,18.8,-39.2,1.0,0.0
DRMA,Dharma Polimetal Tbk.,Consumer Cyclical,Auto Parts,2026-06-30,TTM-gabungan,IDR,2026-09-02,4705882300.0,147.7725,579.9845,70.0,6323088493470.0,695400197239.0,938685350274.0,912017651027.0,18.03,12.34,11.0,26.75,16.41,362465292848.0,539468498050.0,34632512016.0,4426846216351.0,2729338967881.0,0.13,0.04,1.84,1.29,34.83,877576118660.0,-315993816576.0,561582302084.0,1.26,47.3,10.2,-3.2,15.0,18.3,2.0,0.0
PALM,Provident Investasi Bersama ,Financial Services,Asset Management,2026-06-30,TTM,IDR,2026-09-02,15732874458.0,35.4719,318.2984,3.2,2034171474000.0,558074549000.0,863012480000.0,861398009000.0,98.79,48.11,27.43,11.74,6.38,3324526838000.0,251255830000.0,3073271008000.0,8410160188000.0,5007748686000.0,0.66,3.56,6.2,6.2,2.84,665518271000.0,-714200000.0,664230208000.0,1.19,9.02,-98.6,-275.2,147.7,97.6,2.0,0.0
KRAS,Krakatau Steel (Persero) Tbk,Basic Materials,Steel,2026-06-30,TTM-gabungan,USD,2026-09-02,19346396900.0,405.5248,622.8431,,19922244480000.0,7845444480000.0,12810359040000.0,12564010080000.0,7.54,-5.59,39.38,83.68,15.43,20927531520000.0,1587548640000.0,19288763040000.0,49891036800000.0,12049769280000.0,1.74,1.51,0.85,0.53,5.44,-2234474400000.0,-619912800000.0,-2854387200000.0,-0.28,0.0,53.5,114.0,-24.6,155.7,1.0,0.0
TRIM,Trimegah Sekuritas Indonesia,Financial Services,Capital Markets,2026-03-31,TTM,IDR,2026-09-02,7109300000.0,86.6383,311.0766,1.0,969642139000.0,615937824000.0,955169638000.0,936991968000.0,84.17,6.67,63.52,32.37,9.28,3430930411000.0,823312820000.0,2572573305000.0,8844879492000.0,2211537084000.0,1.55,2.69,2.09,2.09,4.52,-1269643434000.0,-15558575000.0,-1285202009000.0,-2.06,0.99,47.8,18.6,23.0,49.5,2.0,0.0
TGKA,Tigaraksa Satria Tbk,Consumer Defensive,Food Distribution,2026-06-30,TTM-gabungan,IDR,2026-09-02,918492750.0,461.9198,2467.7451,315.0,13969186000000.0,424270000000.0,603112000000.0,531016000000.0,9.13,3.22,3.04,18.48,8.52,184114000000.0,493038000000.0,-308924000000.0,4991385000000.0,2266606000000.0,0.08,-0.51,1.88,1.23,33.65,721942000000.0,-62002000000.0,659940000000.0,1.7,68.33,9.7,-13.4,0.2,-5.1,0.0,0.0
MPMX,Mitra Pinasthika Mustika Tbk,Consumer Cyclical,Auto & Truck Dealerships,2026-06-30,TTM-gabungan,IDR,2026-09-02,4386142591.0,123.4953,1269.1751,170.0,16254272000000.0,541668000000.0,856176000000.0,764643000000.0,8.67,2.8,3.33,9.09,6.27,50956000000.0,1451680000000.0,-1400724000000.0,7868387000000.0,5566783000000.0,0.01,-1.64,1.61,1.42,13.04,957999000000.0,-115290000000.0,842709000000.0,1.77,144.07,-11.0,1.4,8.2,-11.3,1.0,0.16
PKPK,Paragon Karya Perkasa Tbk.,Industrials,Engineering & Construction,2026-06-30,TTM,IDR,2026-09-02,1200000000.0,79.9802,271.4726,,1078952186000.0,95976210000.0,177153338000.0,174750735000.0,32.51,15.28,8.9,34.54,10.45,878059000.0,229570938000.0,-228692879000.0,1078472348000.0,325767091000.0,0.0,-1.29,0.88,0.63,2935.31,204699119000.0,-44877150000.0,159821969000.0,2.13,0.0,95.5,426.8,204.4,,3.0,0.0
LPKR,Lippo Karawaci Tbk,Healthcare,Medical Care Facilities,2026-06-30,TTM-gabungan,IDR,2026-09-02,70877317769.0,10.1171,429.2231,,8345823000000.0,717070000000.0,2178934000000.0,1701692000000.0,37.29,9.09,8.59,2.37,1.43,9937421000000.0,1411564000000.0,4932533000000.0,49221347000000.0,30422180000000.0,0.33,2.26,3.79,0.41,2.13,-1018687000000.0,-148815000000.0,-1167502000000.0,-1.42,0.0,-12.4,64.2,-15.5,,2.0,0.0
MSTI,Mastersystem Infotama Tbk.,Technology,Information Technology Services,2026-06-30,TTM-gabungan,IDR,2026-09-02,3139416200.0,177.6595,691.0077,240.0,5485756068930.0,557746997487.0,734120756297.0,723792619810.0,17.97,12.18,10.17,25.09,17.37,99923497110.0,932278996083.0,-832355498973.0,3160161962664.0,2169360617053.0,0.05,-1.13,3.42,2.51,81.1,628296088529.0,14720169200.0,643016257729.0,1.13,68.67,-15.6,-14.3,15.8,11.2,3.0,0.0
KIJA,Kawasan Industri Jababeka Tb,Real Estate,Real Estate - Development,2026-06-30,TTM-gabungan,IDR,2026-09-02,20796830969.0,-3.1416,291.0643,2.03,4859489000000.0,-65336000000.0,744441000000.0,726716000000.0,36.16,22.13,-1.34,-1.1,-0.45,4863072000000.0,3205192000000.0,1653209000000.0,14911351000000.0,6053216000000.0,0.8,2.22,5.65,2.29,1.8,1521497000000.0,-244682000000.0,1276815000000.0,-23.29,8.31,-3.6,-645.0,23.3,,3.0,1.29
AMAR,Bank Amar Indonesia Tbk.,Financial Services,Banks - Regional,2026-06-30,TTM-gabungan,IDR,2026-09-02,18013673305.0,15.2768,190.8562,11.55,1930738000000.0,275191000000.0,,,,,14.25,8.04,4.68,10336000000.0,681081000000.0,-670745000000.0,6611755000000.0,3438022000000.0,0.0,,,,,164586000000.0,-24859000000.0,139727000000.0,0.6,67.81,24.4,7.3,29.2,,3.0,0.0
BANK,Bank Aladin Syariah Tbk.,Financial Services,Banks - Regional,2026-06-30,TTM-gabungan,IDR,2026-09-02,14089731085.0,7.5211,234.7991,,754001000000.0,105970000000.0,,,,,14.05,3.27,0.84,1008580000000.0,3083316000000.0,999482000000.0,15142009000000.0,3308256000000.0,0.3,,,,,4477555000000.0,-3000000000.0,4474555000000.0,42.25,0.0,-8.0,-55.0,126.9,,3.0,-3.64
LINK,Link Net Tbk.,Communication Services,Telecom Services,2026-03-31,TTM,IDR,2026-09-02,2753953884.0,-555.9047,1138.3931,,2932671000000.0,-1530936000000.0,713704000000.0,-1057455000000.0,50.68,-34.13,-52.2,-39.33,-10.98,8125406000000.0,488603000000.0,7630966000000.0,13669601000000.0,3135082000000.0,2.59,10.69,0.22,0.22,-2.25,357234000000.0,-1373483000000.0,-1016249000000.0,-0.23,0.0,-18.4,-23.1,-11.0,,0.0,0.09
JTPE,Jasuindo Tiga Perkasa Tbk,Industrials,Specialty Business Services,2026-03-31,TTM-gabungan,IDR,2026-09-02,6794330000.0,48.2146,204.2257,31.0,2699371153868.0,327586051267.0,464027598028.0,460069477197.0,25.09,18.79,12.14,25.79,13.97,8000509798.0,847978712260.0,-839978202462.0,2632434598352.0,1387576942535.0,0.01,-1.81,1.67,1.17,182.18,611739723237.0,-117687732464.0,494051990773.0,1.87,60.56,-73.3,-76.9,25.0,40.3,3.0,-0.84
TFCO,Tifico Fiber Indonesia Tbk.,Consumer Cyclical,Textile Manufacturing,2026-06-30,TTM,USD,2026-09-02,4823076400.0,-5.9484,1160.8578,,3433127187360.0,-28689592800.0,25984212000.0,24753923520.0,0.77,-0.88,-0.84,-0.51,-0.47,15605712000.0,543964291200.0,-528358579200.0,6110001482400.0,5598905765280.0,0.0,-20.33,6.2,3.37,21.77,-356003533440.0,-32268836640.0,-388272370080.0,12.41,0.0,7.1,246.1,-5.8,,0.0,0.0
MARK,Mark Dynamics Indonesia Tbk.,Healthcare,Medical Instruments & Supplies,2026-06-30,TTM-gabungan,IDR,2026-09-02,3800000310.0,88.5547,234.6719,90.0,1028702898530.0,336508039121.0,447657803271.0,435408217142.0,47.27,39.57,32.71,36.98,32.94,3366350000.0,43210400397.0,-39844050397.0,1024525000893.0,891753183643.0,0.0,-0.09,4.2,2.6,390.57,329822235614.0,-33797824245.0,296024411369.0,0.98,101.64,58.3,43.5,0.5,5.3,1.0,0.0
SOCI,Soechi Lines Tbk.,Industrials,Marine Shipping,2026-03-31,TTM-gabungan,USD,2026-09-02,7059000000.0,25.3027,1035.2994,2.0,2654879067840.0,178611716160.0,466415926080.0,418729491360.0,28.64,21.43,6.73,2.48,1.68,2745830603040.0,156254504640.0,2185825657440.0,10580716514400.0,7308178514880.0,0.38,4.69,0.68,0.55,2.01,751652963520.0,-575087607840.0,176565355680.0,4.21,8.2,-21.7,7.3,2.5,5.8,2.0,0.0
BIRD,Blue Bird Tbk.,Industrials,Railroads,2026-06-30,TTM-gabungan,IDR,2026-09-02,2502100000.0,248.1719,2443.3896,166.0,6006504000000.0,620951000000.0,962164000000.0,925550000000.0,30.73,11.32,10.34,10.21,6.59,2181901000000.0,1358091000000.0,815088000000.0,10085667000000.0,6113605000000.0,0.36,0.85,1.14,1.13,7.56,1386968000000.0,-1775827000000.0,-388859000000.0,2.23,66.94,16.7,-0.2,16.7,21.1,3.0,0.0
NOBU,Bank Nationalnobu Tbk.,Financial Services,Banks - Regional,2026-06-30,TTM,IDR,2026-09-02,7478443899.0,78.5185,594.8451,,1849079000000.0,587196000000.0,,,,,31.76,14.07,1.48,10193000000.0,4100277000000.0,-4090084000000.0,43160198000000.0,4448516000000.0,0.0,,,,,3212247000000.0,-472968000000.0,2739279000000.0,5.47,0.0,30.4,50.4,30.6,66.7,3.0,0.0
BWPT,Eagle High Plantations Tbk.,Consumer Defensive,Packaged Foods,2026-06-30,TTM-gabungan,IDR,2026-09-02,31122368200.0,12.8855,96.3861,,6237928000000.0,401026000000.0,1227973000000.0,1217913000000.0,25.81,19.3,6.43,14.61,4.06,4666313000000.0,199759000000.0,4396156000000.0,9943233000000.0,2999763000000.0,1.56,3.58,0.77,0.48,2.94,1026293000000.0,-338219000000.0,673072000000.0,2.56,0.0,46.7,96.1,8.0,174.6,3.0,0.0
MTLA,Metropolitan Land Tbk.,Real Estate,Real Estate Services,2026-03-31,TTM-gabungan,IDR,2026-09-02,7655126330.0,52.2247,724.6763,9.7,1777119000000.0,399787000000.0,475015000000.0,464449000000.0,51.02,29.02,22.5,7.47,5.12,1222979000000.0,441098000000.0,771401000000.0,8185659000000.0,5547489000000.0,0.22,1.62,3.26,0.74,501.56,37100000000.0,-122658000000.0,-85558000000.0,0.09,19.89,-49.4,-60.0,8.7,1.5,2.0,0.0
PBID,Panca Budi Idaman Tbk.,Consumer Cyclical,Packaging & Containers,2026-06-30,TTM-gabungan,IDR,2026-09-02,7500000000.0,82.3387,393.7758,53.0,5762894648000.0,617540535000.0,853358805000.0,822875279000.0,21.85,13.51,10.72,20.55,17.04,209911231000.0,183643970000.0,17117465000.0,3686511847000.0,2953318454000.0,0.07,0.02,3.79,1.41,56.06,583985809000.0,-60925447000.0,523060362000.0,0.95,64.37,43.0,179.4,1.1,4.3,2.0,0.0
SURE,Super Energy Tbk.,Energy,Oil & Gas Integrated,2026-06-30,TTM-gabungan,IDR,2026-09-02,1497576771.0,1.6225,-214.7392,,681344553310.0,2429858151.0,89561056529.0,33379306080.0,31.2,4.11,0.36,-0.79,0.17,1272859188010.0,26462974761.0,1220516958116.0,1682730847897.0,-321588497915.0,-3.96,13.63,0.63,0.61,0.76,41534715482.0,-392536189184.0,-351001473702.0,17.09,0.0,89.9,81.3,11.2,,1.0,0.0
CASS,Cahaya Aero Services Tbk.,Industrials,Airports & Air Services,2026-06-30,TTM-gabungan,IDR,2026-09-02,2086950000.0,230.7985,844.5291,,3329044000000.0,481665000000.0,1154153000000.0,1154153000000.0,29.88,29.04,14.47,32.73,16.24,147720000000.0,1584592000000.0,-1436872000000.0,3185475000000.0,1762490000000.0,0.08,-1.24,3.61,3.54,80.41,957319000000.0,-106016000000.0,851303000000.0,1.99,0.0,14.7,38.8,23.6,53.4,3.0,0.0
IATA,Karya Pacific Energy Tbk.,Energy,Thermal Coal,2026-06-30,TTM-gabungan,USD,2026-09-02,31275829981.0,1.7618,74.8842,,1297417212960.0,55100595360.0,167956320000.0,162769636320.0,44.03,17.01,4.25,2.36,1.32,1024413938400.0,21468341280.0,840559115040.0,4141365742080.0,2342064213600.0,0.44,5.0,0.77,0.23,1.72,168479103360.0,-273251417280.0,-104772313920.0,3.06,0.0,-48.1,-70.3,-25.4,-39.1,0.0,0.0
GGRP,Gunung Raja Paksi Tbk.,Basic Materials,Steel,2026-03-31,TTM,USD,2026-09-02,12111376157.0,-44.7471,960.2394,28.0,3375846054720.0,-541948833120.0,-645366787200.0,-645366787200.0,-9.35,-18.68,-16.05,-4.55,-3.86,1242543093120.0,968322583680.0,274220509440.0,13744409689920.0,11629821061920.0,0.11,,4.39,1.85,-9.76,152498388960.0,-99948946560.0,52549442400.0,-0.28,0.0,6.3,125.1,-41.7,,1.0,0.0
AGRO,Bank Raya Indonesia Tbk.,Financial Services,Banks - Regional,2026-06-30,TTM-gabungan,IDR,2026-09-02,24669559394.0,-21.0599,118.1791,,944222737000.0,-519537384000.0,,,,,-55.02,-16.28,-3.96,32814036000.0,1206894168000.0,-1174080132000.0,12925804016000.0,2915426980000.0,0.01,,,,,-1018152628000.0,-58451686000.0,-1076604314000.0,1.96,0.0,8.7,-69.1,-11.9,,2.0,-0.03
TBLA,Tunas Baru Lampung Tbk,Consumer Defensive,Packaged Foods,2026-06-30,TTM-gabungan,IDR,2026-09-02,6004151372.0,147.1155,1610.3873,60.0,24010222000000.0,883304000000.0,2705198000000.0,2574640000000.0,16.86,10.62,3.68,9.61,2.96,19114830000000.0,529194000000.0,18561224000000.0,31759505000000.0,9669009000000.0,1.98,6.86,1.23,0.82,1.77,-535558000000.0,-1520846000000.0,-2056404000000.0,-0.61,40.82,-1.2,-43.7,11.3,4.0,2.0,-0.35
HEXA,Hexindo Adiperkasa Tbk,Industrials,Industrial Distribution,2026-06-30,TTM,USD,2026-09-02,840000000.0,296.0516,3592.4924,429.07,8975464297920.0,248683369920.0,532529532960.0,432557835840.0,14.8,4.15,2.77,8.05,3.16,1574160264000.0,308973934560.0,1262356380000.0,7277161349760.0,3017693632320.0,0.52,2.37,1.65,0.59,3.84,1823765964000.0,-41677463040.0,1782088500960.0,7.33,152.26,-8.1,-28.7,-6.5,-32.3,1.0,0.0
MMIX,Multi Medika Internasional T,Healthcare,Pharmaceutical Retailers,,Tahunan,IDR,2026-09-02,4800000000.0,5.2176,5.4995,,181842177291.0,25044692169.0,33578895203.0,33092867897.0,37.23,18.19,13.77,94.88,22.92,416240848.0,1624244003.0,-1208003155.0,109267361311.0,26397567356.0,0.02,-0.04,1.26,0.81,37.6,6055318259.0,-4826959676.0,1228358583.0,0.24,0.0,,,,,,
BBYB,Bank Neo Commerce Tbk.,Financial Services,Banks - Regional,2026-06-30,TTM-gabungan,IDR,2026-09-02,13350482346.0,43.7806,331.0363,,2377881000000.0,584492000000.0,,,,,24.58,14.34,3.28,34885000000.0,2825240000000.0,-2790355000000.0,17453519000000.0,4419494000000.0,0.01,,,,,2250478000000.0,-57176000000.0,2193302000000.0,3.85,0.0,-11.2,-1.3,12.3,,3.0,0.0
ARGO,Argo Pantes Tbk,Consumer Cyclical,Textile Manufacturing,2026-06-30,TTM,IDR,2026-09-02,3174339029.0,8.227,50.2605,,109555901875.0,26115145051.0,34310125806.0,16878916047.0,121.16,13.29,23.84,17.83,2.24,687171143780.0,72465372190.0,614483689750.0,1182309653588.0,159543863030.0,4.31,17.91,0.52,0.51,1.31,94014379062.0,-28697291463.0,65317087599.0,3.6,0.0,-7.0,-248.1,6.7,,3.0,0.0
RDTX,Roda Vivatex Tbk,Real Estate,Real Estate Services,2026-06-30,TTM-gabungan,IDR,2026-09-02,268800000.0,1552.2475,12849.7929,588.0,600368044093.0,417244128617.0,418761306307.0,418572436230.0,67.16,61.67,69.5,12.72,11.39,0.0,770906195811.0,-770906195811.0,3843123443309.0,3454024331958.0,0.0,-1.84,5.01,4.99,,508016215191.0,-21831564229.0,486184650962.0,1.22,37.78,21.9,54.1,3.8,9.0,2.0,0.0
PSGO,Palma Serasih Tbk.,Consumer Defensive,Farm Products,2026-06-30,TTM-gabungan,IDR,2026-09-02,18850000000.0,21.2201,147.7974,6.0,2472103641056.0,399999350719.0,564600126123.0,553023189361.0,33.08,22.97,16.18,15.04,11.04,139852173747.0,559379327402.0,62009749974.0,3203027103620.0,2785980595460.0,0.05,0.11,2.91,2.16,10.99,728829210281.0,-164138774953.0,564690435328.0,1.82,28.28,16.6,1.9,9.0,19.8,2.0,0.0
DKFT,Central Omega Resources Tbk.,Basic Materials,Other Industrial Metals & Mining,2026-06-30,TTM-gabungan,IDR,2026-09-02,5513485875.0,121.4482,278.9821,70.0,1632331515159.0,669602916415.0,829672086845.0,721836738675.0,52.75,38.11,41.02,53.02,22.7,519153216134.0,659664734928.0,145434374839.0,3219670929659.0,1538163945576.0,0.34,0.18,2.74,2.45,417.33,552796370694.0,-46295456497.0,506500914197.0,0.83,50.08,19.0,21.7,26.6,114.0,3.0,0.0
MKAP,Multikarya Asia Pasifik Raya,Energy,Oil & Gas Equipment & Services,2026-06-30,TTM,IDR,2026-09-02,3250000000.0,13.0241,104.5854,5.0,385837800323.0,42328274845.0,72173652360.0,66266638736.0,31.57,13.59,10.97,13.27,8.58,123614275676.0,32349756574.0,89418108280.0,509095244521.0,339902498017.0,0.36,1.24,2.45,1.53,5.02,101687459622.0,-71345049517.0,38627644323.0,2.4,55.87,25.4,-5.3,27.7,,3.0,0.0
BEEF,Estika Tata Tiara Tbk.,Consumer Defensive,Packaged Foods,2026-06-30,TTM-gabungan,IDR,2026-09-02,8120249598.0,9.5812,45.54,,5396756238692.0,77801875863.0,229853255929.0,184991170940.0,7.18,3.44,1.44,23.08,3.58,1427396436164.0,19221578185.0,1403828914934.0,2163074224101.0,369795857700.0,3.86,6.11,1.0,0.24,2.0,-33811245027.0,-466882388299.0,-500693633326.0,-0.43,0.0,-53.3,-97.4,449.0,,3.0,0.0
NIRO,City Retail Developments Tbk,Real Estate,Real Estate Services,2026-03-31,TTM,IDR,2026-09-02,22198871804.0,-8.7517,75.3387,,1575531835856.0,-194276817070.0,469025179819.0,382134342381.0,50.65,23.07,-12.33,-11.02,-1.35,7558725879053.0,1147586687330.0,6407315515083.0,14339431804885.0,1672433565411.0,4.52,13.66,0.9,0.88,0.54,-563251354762.0,-7491030294.0,-570742385056.0,2.9,0.0,16.5,19.6,18.6,,1.0,0.0
SMIL,Sarana Mitra Luas Tbk.,Industrials,Rental & Leasing Services,2026-06-30,TTM-gabungan,IDR,2026-09-02,8709668469.0,8.6973,91.4489,3.69,449859046026.0,75750235404.0,131239168342.0,127897140576.0,39.1,27.12,16.84,9.8,6.55,376463502412.0,7981253788.0,368482248624.0,1197964694007.0,796490018860.0,0.47,2.81,4.07,2.76,3.91,249501265639.0,-303567462947.0,-54066197308.0,3.29,0.0,21.5,8.2,15.9,4.1,1.0,-0.46
ARNA,Arwana Citramulia Tbk,Industrials,Building Products & Equipment,2026-06-30,TTM-gabungan,IDR,2026-09-02,7029976876.0,59.3173,253.0283,45.0,3021123223358.0,416998910396.0,557712009883.0,553918465727.0,30.6,18.61,13.8,22.48,15.0,14153474812.0,125038474878.0,-110885000066.0,2780293040761.0,1778782909748.0,0.01,-0.2,1.64,1.45,112.5,782699738783.0,-359037329208.0,423662409575.0,1.88,76.19,30.1,30.9,4.1,-11.4,0.0,-0.51
KEJU,Mulia Boga Raya Tbk.,Consumer Defensive,Packaged Foods,2026-06-30,TTM-gabungan,IDR,2026-09-02,5619216099.0,34.4314,151.8316,16.0,1785035822928.0,193477297396.0,247075851208.0,246936186657.0,27.75,13.0,10.84,23.48,16.02,100000000000.0,166673078923.0,-66673078923.0,1338082633118.0,853174480968.0,0.12,-0.27,1.77,0.99,178.67,153186891796.0,-291291192895.0,-138104301099.0,0.79,46.48,31.4,-10.3,13.0,15.2,2.0,-0.1
EURO,Estee Gold Feet Tbk.,Consumer Defensive,Household & Personal Products,,Tahunan,IDR,2026-09-02,2548826428.0,0.7802,20.7941,0.8,22958676000.0,1988619000.0,693103000.0,245346000.0,21.77,1.07,8.66,3.68,3.32,,7181500000.0,,59233564000.0,53000668000.0,,,9.03,9.03,5.14,1166178000.0,-3824819000.0,-2658641000.0,0.59,111.11,,,-8.9,-30.3,0.0,0.0
FPNI,Lotte Chemical Titan Tbk.,Basic Materials,Specialty Chemicals,2026-06-30,TTM,USD,2026-09-02,5566414000.0,52.8325,353.8878,,6108818400000.0,294087840000.0,336090240000.0,329483520000.0,5.1,2.18,4.81,16.11,10.55,2610720000.0,514240800000.0,-511630080000.0,3222747360000.0,1969885920000.0,0.0,-1.52,1.53,0.79,265.03,441780000000.0,-55127040000.0,386652960000.0,1.5,0.0,41.9,394.6,-12.2,13.7,1.0,0.0
WIIM,Wismilak Inti Makmur Tbk.,Consumer Defensive,Tobacco,2026-06-30,TTM-gabungan,IDR,2026-09-02,2086903760.0,275.1653,1098.9882,104.4,6735437680984.0,574243524613.0,782346632397.0,759563775919.0,23.27,11.1,8.53,26.85,17.34,191637097350.0,199617349150.0,1499076796.0,3395753959222.0,2293482571440.0,0.08,0.0,2.48,0.58,43.14,490328491484.0,-273493446294.0,216835045190.0,0.85,37.87,19.1,112.3,19.9,18.9,2.0,0.54
IRSX,Folago Global Nusantara Tbk.,Technology,Software - Application,2026-03-31,TTM,IDR,2026-09-02,8539117013.0,3.4184,35.4027,0.17,529638949952.0,29189983502.0,43466963206.0,42737788176.0,13.59,7.97,5.51,12.55,10.89,1805768464.0,99487728080.0,-97681959616.0,369473651432.0,302308062771.0,0.01,-2.25,5.72,5.63,-420.02,31663602255.0,-35507357639.0,-26721210117.0,1.08,0.0,233.4,624.6,36.3,83.8,2.0,23.89
KEEN,Kencana Energi Lestari Tbk.,Utilities,Utilities - Independent Power Producers,2026-06-30,TTM,USD,2026-09-02,3666312500.0,27.7208,871.9071,8.22,570909159360.0,101633180640.0,244564328640.0,243043539840.0,54.99,44.48,17.8,3.21,1.59,1804099516800.0,27114103200.0,1776985413600.0,6411593046720.0,3196683778560.0,0.56,7.27,1.56,1.56,2.26,105864180960.0,-1140067680.0,139529166720.0,1.04,30.53,-13.9,-37.4,-6.4,-14.8,2.0,0.0
CBRE,Cakra Buana Resources Energi,Industrials,Marine Shipping,2026-03-31,TTM,IDR,2026-09-02,4538067441.0,-14.3437,11.7911,,100825413526.0,-65092678409.0,-36709883084.0,-44760671638.0,7.91,-31.12,-64.56,-75.7,-5.5,192278401613.0,5724580336.0,180497147228.0,2024817352940.0,53508621219.0,3.59,,0.11,0.1,-2.34,-52256913719.0,-35030513895.0,-87287427614.0,0.8,0.0,210.5,393.6,18.7,,0.0,0.0
ROTI,Nippon Indosari Corpindo Tbk,Consumer Defensive,Packaged Foods,2026-06-30,TTM-gabungan,IDR,2026-09-02,5622275488.0,33.918,283.7427,80.04,3758776254508.0,190696149628.0,355576167515.0,307926169624.0,52.83,7.95,5.07,9.79,5.31,994998377395.0,168660100381.0,794332087119.0,3471188331300.0,1595279769447.0,0.62,2.23,0.86,0.66,5.13,472600038424.0,-102535200085.0,370064838339.0,2.48,236.8,4.8,-92.4,-1.5,-15.7,1.0,-0.75
DAAZ,Daaz Bara Lestari Tbk.,Basic Materials,Other Industrial Metals & Mining,2026-03-31,TTM-gabungan,IDR,2026-09-02,1997000000.0,125.5795,839.8855,39.0,13894201971300.0,250782248123.0,558126408443.0,552980978545.0,6.29,4.39,1.8,15.39,4.29,2909200288487.0,701016306291.0,2208183982196.0,6554482086832.0,1677251342479.0,1.73,3.96,1.63,1.33,2.57,113294051067.0,-340574268831.0,-227280217764.0,0.45,28.47,,,27.4,-11.5,1.0,0.0
SDRA,Bank Woori Saudara Indonesia,Financial Services,Banks - Regional,2026-06-30,TTM-gabungan,IDR,2026-09-02,14692189889.0,-37.4308,758.6385,8.0,1759314000000.0,-549940000000.0,,,,,-31.26,-4.4,-1.03,7493406000000.0,4613699000000.0,2850301000000.0,49130145000000.0,11146061000000.0,0.67,,,,,4391461000000.0,-50310000000.0,4341151000000.0,-7.99,0.0,5.1,215.7,-5.0,,0.0,0.0
CENT,Centratama Telekomunikasi In,Communication Services,Telecom Services,2026-06-30,TTM-gabungan,IDR,2026-09-02,31183464900.0,-76.2411,78.4825,,2488412000000.0,-2377461000000.0,-592402000000.0,-613906000000.0,40.89,25.93,-95.54,-76.2,-8.47,22390878000000.0,651074000000.0,21534732000000.0,28469341000000.0,2447355000000.0,9.15,,0.1,0.09,-0.41,1535019000000.0,-619756000000.0,915263000000.0,-0.65,0.0,-2.9,-37.5,3.0,,1.0,0.0
SAMF,Saraswanti Anugerah Makmur T,Basic Materials,Agricultural Inputs,2026-06-30,TTM-gabungan,IDR,2026-09-02,10250000000.0,26.7509,180.0356,10.5,4389531216651.0,274196784407.0,450610921706.0,442678428841.0,20.92,10.62,6.25,16.15,7.42,1509985297476.0,150556640197.0,1359428657279.0,4461386195252.0,1845365287877.0,0.82,3.02,1.47,0.81,5.95,-143672776264.0,-38189265776.0,-181862042040.0,-0.52,39.25,90.7,90.3,3.4,-8.6,1.0,0.0
JSPT,Jakarta Setiabudi Internasio,Real Estate,Real Estate Services,2026-03-31,TTM,IDR,2026-09-02,2318736000.0,163.6266,1104.1575,25.0,2573134418000.0,379406929000.0,1017952769000.0,788358722000.0,69.02,28.54,14.74,15.86,5.86,2362143143000.0,1848001503000.0,172384983000.0,6585961826000.0,2560249635000.0,0.92,0.17,1.73,1.55,4.16,1005909523000.0,-98711176000.0,907198347000.0,2.65,12.82,29.8,174.1,20.6,,3.0,0.0
INPC,Bank Artha Graha Internasion,Financial Services,Banks - Regional,2026-03-31,TTM,IDR,2026-09-02,20223412907.0,-26.0878,189.1489,,1322453000000.0,-527585000000.0,,,,,-39.89,-12.89,-1.74,200000000000.0,6152766000000.0,-5952766000000.0,30312535000000.0,3825237000000.0,0.05,,,,,1343107000000.0,-77624000000.0,1265483000000.0,-2.55,0.0,10.3,214.0,5.0,,2.0,0.0
GOLF,Intra Golflink Resorts Tbk.,Consumer Cyclical,Leisure,2026-06-30,TTM-gabungan,IDR,2026-09-02,19486760000.0,2.7354,411.5785,0.53,238059672812.0,53304238099.0,67951830220.0,64475818367.0,58.49,29.29,22.39,0.67,0.61,484076460389.0,235494358132.0,243178551379.0,8686464348686.0,8020331057708.0,0.06,3.58,5.86,3.26,25.79,-18485931349.0,-194179255273.0,-212665186622.0,-0.35,44.78,124.2,746.8,24.5,26.6,2.0,0.0
APLN,Agung Podomoro Land Tbk.,Real Estate,Real Estate - Development,2026-06-30,TTM,IDR,2026-09-02,22699326779.0,17.9015,516.5313,,5537710395000.0,406351026000.0,1340894355000.0,1305441580000.0,37.31,18.95,7.34,3.55,1.63,5143056326000.0,1126866889000.0,4016189437000.0,24154525395000.0,11724913828000.0,0.44,3.0,1.97,0.74,2.83,1463132670000.0,-22165795000.0,1440966875000.0,3.6,0.0,-7.0,30.8,-25.6,-61.6,0.0,0.0
BESS,Batulicin Nusantara Maritim ,Industrials,Marine Shipping,2026-03-31,TTM-gabungan,IDR,2026-09-02,3440455528.0,8.2499,194.3259,4.36,304944168619.0,28383310953.0,31494727264.0,30992032380.0,30.49,8.65,9.31,4.49,4.08,12767303183.0,187991212333.0,-175223909150.0,729404335517.0,668569561934.0,0.02,-5.56,6.49,6.49,11.79,78187435003.0,-2521050633.0,75181399371.0,2.75,134.15,,,,,1.0,0.0
UANG,Pakuan Tbk.,Real Estate,Real Estate - Development,2026-03-31,TTM,IDR,2026-09-02,1210000000.0,75.9843,283.1909,,351590000000.0,91941000000.0,85917000000.0,80135000000.0,54.28,18.31,26.15,29.06,5.37,771579000000.0,49808000000.0,718693000000.0,1802735000000.0,342661000000.0,2.25,8.36,1.49,0.71,12.71,-218183000000.0,-4011000000.0,-222062000000.0,-2.37,0.0,557.7,30.7,,,2.0,0.0
LPCK,Lippo Cikarang Tbk,Real Estate,Real Estate - Development,2026-06-30,TTM-gabungan,IDR,2026-09-02,5134685692.0,45.944,1338.9277,,3820755000000.0,235908000000.0,378704000000.0,335326000000.0,19.15,6.78,6.17,3.63,2.01,790000000000.0,264084000000.0,525916000000.0,10774989000000.0,6874973000000.0,0.11,1.39,2.95,0.26,5.56,-554783000000.0,-18289000000.0,-573072000000.0,-2.35,0.0,-21.0,4.5,52.6,-11.3,1.0,89.64
BGTG,Bank Ganesha Tbk.,Financial Services,Banks - Regional,2026-06-30,TTM-gabungan,IDR,2026-09-02,23970997103.0,9.7377,156.9418,,490342000000.0,233423000000.0,,,,,47.6,6.43,2.23,3321000000.0,1182447000000.0,-1179126000000.0,11126456000000.0,3762052000000.0,0.0,,,,,1201323000000.0,-6766000000.0,1194557000000.0,5.15,0.0,-12.3,3.7,11.8,70.2,3.0,0.0
VISI,Satu Visi Putra Tbk.,Industrials,Industrial Distribution,2026-03-31,TTM,IDR,2026-09-02,3075000000.0,-1.3591,58.2645,1.0,325941482687.0,-4179269456.0,10052593301.0,4475507682.0,12.15,3.46,-1.28,-2.29,-1.47,79676754094.0,5729943135.0,73946810959.0,278978689869.0,179163369548.0,0.44,7.36,1.86,1.12,0.57,26023030317.0,-26044048138.0,-21017821.0,-6.23,0.0,-3.5,-1547.0,0.7,,1.0,0.0
CPRO,Central Proteina Prima Tbk.,Consumer Defensive,Farm Products,2026-06-30,TTM-gabungan,IDR,2026-09-02,59572382787.0,5.419,66.8189,,10253318000000.0,322822000000.0,706989000000.0,650967000000.0,19.2,7.53,3.15,8.38,4.61,1575296000000.0,83880000000.0,1396324000000.0,7198718000000.0,3980562000000.0,0.4,1.98,1.19,0.47,4.66,294413000000.0,-176647000000.0,117766000000.0,0.91,0.0,8.2,-42.2,6.5,4.3,2.0,0.0
CBUT,Citra Borneo Utama Tbk.,Consumer Defensive,Packaged Foods,2026-03-31,TTM,IDR,2026-09-02,3125000000.0,35.5011,372.7046,,13952874000000.0,110941000000.0,324250000000.0,308453000000.0,14.37,2.51,0.8,10.07,2.69,2183035000000.0,342315000000.0,1661844000000.0,4035432000000.0,1164702000000.0,1.87,5.13,1.23,0.91,2.06,508882000000.0,-250404000000.0,258478000000.0,4.59,0.0,-0.5,11.6,13.2,-21.9,1.0,0.0
PNIN,Paninvest Tbk,Financial Services,Insurance - Life,2026-06-30,TTM-gabungan,IDR,2026-09-02,4068323920.0,264.7643,5451.0114,,11160913000000.0,1077147000000.0,,9722323000000.0,,,9.65,4.95,0.44,3635309000000.0,15786415000000.0,-12151106000000.0,244643100000000.0,22176480000000.0,0.16,,,,1.81,10882559000000.0,-544533000000.0,10338026000000.0,10.1,0.0,2.0,-109.5,-1.3,-20.4,1.0,0.0
ISSP,Steel Pipe Industry of Indon,Basic Materials,Steel,2026-06-30,TTM-gabungan,IDR,2026-09-02,7051478435.0,79.6183,817.7871,20.0,6155032000000.0,561427000000.0,854841000000.0,852724000000.0,19.61,15.58,9.12,10.31,5.95,3575790000000.0,680732000000.0,2894231000000.0,10451274000000.0,5766608000000.0,0.62,3.39,2.05,0.65,5.9,-588056000000.0,-626239000000.0,-1214295000000.0,-1.05,25.14,26.1,93.4,-1.8,20.4,3.0,-0.2
FISH,FKS Multi Agro Tbk,Consumer Defensive,Food Distribution,2026-03-31,TTM-gabungan,USD,2026-09-02,4800000000.0,43.0763,649.5362,14.0,20502436098720.0,206766306720.0,546281971200.0,526623462720.0,5.78,2.77,1.01,6.81,2.31,2759750322720.0,1605823200480.0,1091691837600.0,8657508811680.0,3117773807520.0,0.89,2.0,1.42,0.74,3.74,299056040160.0,-185087136480.0,113968903680.0,1.45,130.0,-6.6,4424.1,-9.1,-35.3,0.0,0.0
ASGR,Astra Graphia Tbk,Industrials,Specialty Business Services,2026-06-30,TTM-gabungan,IDR,2026-09-02,1348780500.0,224.551,1442.77,241.0,3021185000000.0,302870000000.0,378437000000.0,378437000000.0,24.68,10.05,10.02,15.46,10.46,25367000000.0,1676345000000.0,-1650978000000.0,2928267000000.0,1945980000000.0,0.01,-4.36,2.68,2.47,136.32,500368000000.0,-17762000000.0,482606000000.0,1.65,107.34,10.4,46.3,0.9,40.7,3.0,0.0
AGRS,Bank IBK Indonesia Tbk.,Financial Services,Banks - Regional,2026-03-31,TTM-gabungan,IDR,2026-09-02,47864384874.0,3.7609,122.1991,,698882000000.0,180014000000.0,,,,,25.76,3.15,0.82,5312770000000.0,2317666000000.0,2950629000000.0,23638002000000.0,5848986000000.0,0.91,,,,,509461000000.0,-39329000000.0,470132000000.0,2.83,0.0,,,10.0,24.0,2.0,0.0
MDLA,Medela Potentia Tbk.,Healthcare,Medical Distribution,2026-06-30,TTM,IDR,2026-09-02,14012825000.0,29.6352,219.444,12.6,15644515000000.0,415273000000.0,638744000000.0,553428000000.0,9.51,3.35,2.65,13.72,6.45,72075000000.0,242578000000.0,-170503000000.0,6605424000000.0,3075031000000.0,0.02,-0.27,1.78,1.22,67.97,131388000000.0,-139019000000.0,-7631000000.0,0.32,42.84,17.6,19.0,8.4,7.9,2.0,0.0
ROCK,Rockfields Properti Indonesi,Real Estate,Real Estate Services,2026-06-30,TTM,IDR,2026-09-02,1435185100.0,21.0579,582.5972,,138229716676.0,30221943557.0,46340170576.0,45149686337.0,51.65,32.01,21.86,3.67,3.2,43988335713.0,60602818489.0,7527005563.0,939650763958.0,836134817102.0,0.05,0.16,2.61,2.61,98.48,75111741386.0,-2690859416.0,72420881970.0,2.49,0.0,-6.8,-22.8,11.6,65.8,2.0,0.0
RANS,Rans Entertainmen Indonesia ,Industrials,Conglomerates,,Tahunan,IDR,2026-09-02,12609250000.0,4.8416,26.022,,353377040895.0,61049565722.0,88970777899.0,80213306229.0,43.22,21.17,17.28,16.05,11.61,37300000000.0,100129258609.0,-62829258609.0,461034721642.0,328118184873.0,0.11,-0.71,2.63,2.56,18.0,37680607042.0,-580814717.0,37099792325.0,0.62,0.0,,,,,1.0,0.0
PYFA,Pyridam Farma Tbk,Healthcare,Drug Manufacturers - Specialty & Generic,2026-03-31,TTM,IDR,2026-09-02,11236694464.0,-32.9236,64.0233,,2841499289345.0,-369952882815.0,-86890206226.0,-200691201594.0,20.96,-6.04,-13.02,-43.74,-5.68,5060593294847.0,49067364018.0,3768859740316.0,7066339231821.0,719410248387.0,7.03,,0.86,0.55,-0.62,-457777760172.0,-127906514841.0,-585684275013.0,1.24,0.0,11.8,10.7,56.8,,0.0,0.0
OMRE,Indonesia Prima Property Tbk,Real Estate,Real Estate Services,2026-06-30,TTM,IDR,2026-09-02,2945211000.0,-61.2611,1088.7126,,42687000968.0,-180426832102.0,-175707859732.0,-179459968422.0,31.63,-288.91,-422.67,-5.48,-4.5,8257231442.0,18943066481.0,5193376357.0,3990323459694.0,3206488388042.0,0.0,,0.12,0.1,-103.77,-111919950241.0,-6246527777.0,-118217408040.0,0.62,0.0,-6.4,7.1,-21.4,,2.0,0.0
SFAN,Surya Fajar Capital Tbk.,Financial Services,Asset Management,2026-06-30,Tahunan,IDR,2026-09-02,1359934021.0,-34.9888,70.2365,,1171568874.0,-47582425384.0,-48344521738.0,-54430950815.0,14.68,-3635.97,-4061.43,-42.9,-25.69,289040363.0,78916983749.0,-78627943386.0,191491798280.0,95517022832.0,0.0,,2.42,2.42,-281.07,-8583632500.0,-365267678.0,-8948900178.0,0.18,0.0,-134.3,66.8,-53.7,,1.0,0.0
GTSI,GTS Internasional Tbk.,Industrials,Marine Shipping,2026-06-30,TTM-gabungan,USD,2026-09-02,15819142767.0,-4.38,55.964,1.0,628461362880.0,-69288544320.0,-6914909280.0,-13299309600.0,5.12,-7.66,-11.03,-7.44,-3.04,867214566240.0,336662857920.0,520569753600.0,2541370965120.0,885303090720.0,0.98,,1.28,1.09,-0.24,36142932000.0,-533363418240.0,-495077458080.0,-0.52,0.0,27.6,-163.9,-5.6,-13.0,2.0,0.0
SKRN,Superkrane Mitra Utama Tbk.,Industrials,Rental & Leasing Services,2026-03-31,TTM-gabungan,IDR,2026-09-02,7117999826.0,25.1043,96.0197,58.0,794130955602.0,178692236739.0,253604116470.0,246613773681.0,31.19,22.6,22.5,25.7,11.66,245112797157.0,147381739694.0,97731057463.0,1461652046411.0,683468068376.0,0.36,0.39,1.33,1.33,8.3,431023867260.0,-24602218283.0,406421648977.0,2.41,71.54,-17.8,15.3,7.3,31.3,1.0,0.0
MINA,Sanurhasta Mitra Tbk.,Consumer Cyclical,Lodging,2026-06-30,TTM,IDR,2026-09-02,9843750000.0,-0.0794,25.4503,,9273467099.0,-781662736.0,1694972886.0,540011455.0,66.16,-47.73,-8.43,-0.46,-0.44,125984075.0,153299169511.0,3349774158.0,253650633212.0,250526701661.0,0.0,1.98,135.3,117.31,1.29,1010122634.0,-190685942.0,819436692.0,-1.29,0.0,-9.5,158.7,-1.0,,2.0,21.19
DAYA,Duta Intidaya Tbk.,Consumer Cyclical,Specialty Retail,2026-06-30,TTM-gabungan,IDR,2026-09-02,2420547025.0,40.6992,78.9301,,3083241793000.0,98514291000.0,332912347000.0,169713538000.0,34.18,5.95,3.2,74.16,8.82,400590016000.0,72051411000.0,122948589000.0,1231917326000.0,191054128000.0,2.1,0.37,0.86,0.32,5.63,113070273000.0,-120096410000.0,-7026137000.0,1.15,0.0,30.7,160.5,33.6,,3.0,0.0
PNGO,AEP Pinago Plantations Tbk.,Consumer Defensive,Farm Products,2026-06-30,TTM-gabungan,IDR,2026-09-02,781250000.0,422.2676,1617.3247,220.0,2209046168949.0,329896533939.0,453283798885.0,441693529105.0,28.69,18.14,14.93,28.46,19.67,236970712999.0,23206649839.0,212754658248.0,1714967584206.0,1263534907162.0,0.19,0.47,1.58,0.24,19.39,383812764487.0,-120621661297.0,263191103190.0,1.16,52.01,-24.7,37.0,4.2,22.9,3.0,0.0
MCOR,Bank China Construction Bank,Financial Services,Banks - Regional,2026-06-30,TTM-gabungan,IDR,2026-09-02,37919730514.0,7.9917,191.8667,,1091280000000.0,303045000000.0,,,,,27.77,4.27,0.82,307893000000.0,3243663000000.0,-2935770000000.0,39235203000000.0,7275533000000.0,0.04,,,,,3526331000000.0,-82320000000.0,3444011000000.0,11.64,0.0,4.1,2.0,5.7,30.5,3.0,0.0
HUMI,Humpuss Maritim Internasiona,Industrials,Marine Shipping,2026-03-31,TTM-gabungan,USD,2026-09-02,18062555417.0,0.4401,149.6045,0.17,2285086048800.0,7949642400.0,216487811040.0,195222377760.0,19.33,7.63,0.35,0.29,0.14,2321979056640.0,663193138560.0,1219016403360.0,6215615265120.0,2702239020480.0,0.86,5.63,1.35,1.24,1.12,286578450240.0,-720285375840.0,-433706925600.0,36.05,0.0,-7.1,-83.4,11.9,-25.9,2.0,0.09
MNCN,Media Nusantara Citra Tbk,Communication Services,Advertising Agencies,2026-06-30,TTM-gabungan,IDR,2026-09-02,13227161510.0,85.1081,1680.8048,,7123635000000.0,1125738000000.0,1783579000000.0,1422542000000.0,40.62,14.68,15.8,5.09,4.48,1224140000000.0,812681000000.0,385327000000.0,25248445000000.0,22232276000000.0,0.06,0.22,8.55,5.59,5.94,784886000000.0,-1270008000000.0,-485122000000.0,0.7,0.0,-28.8,-89.0,-5.5,-13.7,2.0,0.0
BUKK,Bukaka Teknik Utama Tbk.,Industrials,Engineering & Construction,2026-06-30,TTM-gabungan,IDR,2026-09-02,2640452000.0,97.0314,2789.2076,,5048241442000.0,256206697000.0,1149594290000.0,1134411389000.0,46.97,39.86,5.08,4.08,1.45,15276119614000.0,847934264000.0,14381612521000.0,26046792800000.0,7364768914000.0,2.07,12.51,1.56,1.38,1.53,445187767000.0,-822661748000.0,-377473981000.0,1.74,0.0,105.7,-13.8,-1.7,-4.3,1.0,0.0
BNBA,Bank Bumi Arta Tbk,Financial Services,Banks - Regional,2026-03-31,TTM,IDR,2026-09-02,3388000000.0,0.6681,956.4976,,333649345899.0,2263390932.0,,,,,0.68,0.07,0.03,28565442928.0,1267835864494.0,-1239270421566.0,8453477003505.0,3240613745673.0,0.01,,,,,487043579781.0,-20175009900.0,466868569881.0,215.18,0.0,-3.1,-36.0,-2.7,-37.6,2.0,0.0
SMDM,Suryamas Dutamakmur Tbk,Real Estate,Real Estate - Development,2026-06-30,TTM,IDR,2026-09-02,4772138237.0,3.8153,489.6663,,399592128061.0,18206991310.0,36523418523.0,29876230393.0,66.4,8.78,4.56,0.79,0.51,30763989090.0,157811507270.0,-127047518180.0,3646522130342.0,2336755224863.0,0.01,-3.48,4.46,0.97,2.65,-53773848822.0,-6009410537.0,-59783259359.0,-2.95,0.0,-16.7,-306.4,-12.0,-48.7,1.0,0.0
MSJA,Multi Spunindo Jaya Tbk.,Consumer Cyclical,Textile Manufacturing,2026-06-30,TTM-gabungan,USD,2026-09-02,5732224400.0,16.214,248.8142,15.0,1213555736160.0,92942289120.0,134643390720.0,128261228160.0,18.49,9.07,7.66,6.33,4.81,239080164960.0,200774171520.0,38305993440.0,1903270415520.0,1426258589280.0,0.17,0.28,2.21,1.65,9.42,24210432000.0,-5797130400.0,18413301600.0,0.26,93.33,30.2,112.7,-6.7,5.9,2.0,-2.55
ALDO,Alkindo Naratama Tbk.,Basic Materials,Paper & Paper Products,2026-06-30,TTM,IDR,2026-09-02,2695415944.0,33.4253,411.32,0.5,2312208381776.0,90095182610.0,172369835099.0,165132504450.0,17.54,7.58,3.9,8.45,4.27,642131892975.0,64926602836.0,577205290139.0,2178604750252.0,1108678493318.0,0.58,3.35,1.24,0.72,3.59,54808349546.0,-31488936393.0,23319413153.0,0.61,1.5,27.1,15752.5,14.8,-18.7,1.0,-0.11
PSKT,Red Planet Indonesia Tbk.,Consumer Cyclical,Lodging,2026-06-30,TTM,IDR,2026-09-02,10351231636.0,-1.0955,30.6761,,51756442289.0,-11339360737.0,-4863013133.0,-6706444710.0,54.53,-15.23,-21.91,-3.52,-3.04,3973550657.0,19155201199.0,500947076.0,361774523343.0,317535659416.0,0.01,,1.11,1.11,-14.7,-5381217332.0,-6292763178.0,-11673980510.0,0.47,0.0,-3.8,12.8,-3.8,,1.0,0.0
PORT,Nusantara Pelabuhan Handal T,Industrials,Marine Shipping,2026-06-30,TTM,IDR,2026-09-02,2813941985.0,55.5153,444.1213,,1260791109000.0,156216965000.0,323664200000.0,312951832000.0,30.93,24.01,12.39,13.66,6.66,895913536000.0,534951920000.0,360961616000.0,2402156513000.0,1249731511000.0,0.72,1.12,3.83,3.5,4.08,341619422000.0,-7179927000.0,334439495000.0,2.19,0.0,13.3,99.6,-0.3,84.4,2.0,0.0
BCIC,Bank JTrust Indonesia Tbk.,Financial Services,Banks - Regional,2026-06-30,TTM-gabungan,IDR,2026-09-02,18109922009.0,-25.4585,216.5041,,922583000000.0,-461052000000.0,,,,,-49.97,-11.81,-1.14,693221000000.0,2634648000000.0,-1941427000000.0,39835863000000.0,3920873000000.0,0.18,,,,,-625098000000.0,-29510000000.0,-654608000000.0,1.36,,-28.6,-37.6,-7.2,,0.0,0.0
MYOH,Samindo Resources Tbk.,Energy,Thermal Coal,2026-03-31,TTM-gabungan,USD,2026-09-02,2206312500.0,120.0379,1449.9998,65.48,2911867297920.0,264841080480.0,382999301760.0,356257199520.0,15.32,8.41,9.1,8.48,6.67,283182365280.0,1090022166720.0,-806839801440.0,3957187278240.0,3199152596160.0,0.09,-2.11,5.78,4.94,12.37,522891767040.0,-105991502400.0,416900264640.0,1.97,56.43,-6.8,262.7,5.0,2.0,1.0,0.0
CTBN,Citra Tubindo Tbk,Energy,Oil & Gas Equipment & Services,2026-06-30,TTM-gabungan,USD,2026-09-02,800371500.0,108.1655,2279.4758,465.0,3309151234080.0,86572594080.0,128451082560.0,122049597120.0,17.6,3.86,2.62,3.94,2.76,41586549600.0,1079958427200.0,-1038371877600.0,2658433944960.0,1824427435200.0,0.02,-8.08,2.89,2.08,-363.88,677783866560.0,-68900186400.0,608883680160.0,7.83,518.42,-73.4,-98.9,27.4,,2.0,0.0
ABDA,Asuransi Bina Dana Arta Tbk.,Financial Services,Insurance - Property & Casualty,2026-06-30,TTM-gabungan,IDR,2026-09-02,620806680.0,209.3184,2898.0792,,1073798126000.0,129946251000.0,,,,,12.1,7.7,4.63,,438318306000.0,,2843120268000.0,1799146949000.0,,,,,,69379006000.0,-8715942000.0,60663064000.0,0.53,0.0,29.4,128.4,9.6,3.1,1.0,0.0
DATA,Remala Abadi Tbk.,Communication Services,Telecom Services,2026-06-30,TTM,IDR,2026-09-02,1375000000.0,91.9865,301.3748,,474690868218.0,126481411985.0,216640870646.0,207646664610.0,74.04,43.05,26.65,37.24,15.95,473500726261.0,9786961354.0,460842040597.0,1111678383877.0,414390341969.0,1.14,2.13,0.38,0.26,8.03,197714873853.0,-371016208067.0,-173301334214.0,1.56,0.0,50.4,137.4,27.1,57.8,3.0,0.0
ASRI,Alam Sutera Realty Tbk.,Real Estate,Real Estate - Development,2026-06-30,TTM-gabungan,IDR,2026-09-02,19649411888.0,14.469,585.8605,1.5,3138165287000.0,284306929000.0,989289769000.0,959914813000.0,49.06,32.35,9.06,2.5,1.25,5982703163000.0,880138005000.0,5102565158000.0,23274438386000.0,11511814962000.0,0.52,5.16,0.77,0.38,1.46,933552071000.0,-83233193000.0,850318878000.0,3.28,10.37,17.9,-118.1,-13.2,-33.9,1.0,0.0
KETR,Ketrosden Triasmitra Tbk.,Technology,Communication Equipment,2026-03-31,TTM-gabungan,IDR,2026-09-02,2841262838.0,58.7955,426.0901,,864452876063.0,167053394744.0,273494220114.0,253144531183.0,47.29,32.0,19.32,14.93,7.88,585049191923.0,25531833088.0,556777051282.0,2170821930422.0,1210633960367.0,0.48,2.04,2.33,1.0,4.22,333798489543.0,-112101405489.0,221697084054.0,2.0,0.0,,,28.6,27.0,3.0,0.0
TOTO,Surya Toto Indonesia Tbk,Industrials,Building Products & Equipment,2026-03-31,TTM-gabungan,IDR,2026-09-02,10320000000.0,30.0997,253.2802,26.0,2261906931336.0,310628495615.0,444332697019.0,402864202472.0,25.59,15.47,13.73,12.24,9.05,204138706728.0,319538640559.0,-115399933831.0,3411741735558.0,2613851626407.0,0.08,-0.26,6.28,3.08,25.11,320489288558.0,-83531588389.0,236957700169.0,1.03,88.02,-19.7,-61.0,4.1,3.9,2.0,0.0
PBSA,Paramita Bangun Sarana Tbk.,Industrials,Engineering & Construction,2026-03-31,TTM,IDR,2026-09-02,2984886300.0,98.993,305.106,60.0,1722166992724.0,295482781026.0,346758505971.0,339485648783.0,19.25,15.66,17.16,34.53,23.63,359243304.0,64427107916.0,-64067864612.0,1403748608050.0,910706628306.0,0.0,-0.18,2.44,2.32,219.03,132131014395.0,-19135282487.0,112995731908.0,0.45,0.0,46.8,-94.5,29.6,33.7,3.0,-0.5
WINS,Wintermar Offshore Marine Tb,Industrials,Marine Shipping,2026-06-30,TTM-gabungan,USD,2026-09-02,4469785110.0,86.1323,691.2991,8.9,1675764939840.0,384992666400.0,680641734720.0,676144103520.0,46.15,36.09,22.97,13.1,6.94,1224946716000.0,700939283520.0,524007432480.0,6677189282400.0,3089958326400.0,0.4,0.77,3.77,3.67,17.83,866259575520.0,-743589444000.0,122670131520.0,2.25,8.52,50.2,116.3,10.1,162.3,2.0,1.02
KAEF,Kimia Farma (Persero) Tbk.,Healthcare,Medical Distribution,2026-06-30,Tahunan,IDR,2026-09-02,5566589678.0,-60.1732,316.6619,,9555670058000.0,-334959336000.0,561076416000.0,148236955000.0,32.06,-1.1,-3.51,-16.3,-2.25,7081424387000.0,445472376000.0,6531783841000.0,14698071465000.0,1762727124000.0,4.02,11.64,1.03,0.72,0.25,234364426000.0,-133336394000.0,101028032000.0,-0.7,0.0,23.2,84.7,-0.0,,2.0,0.0
MAHA,Mandiri Herindo Adiperkasa T,Industrials,Trucking,2026-06-30,TTM-gabungan,IDR,2026-09-02,16394970000.0,22.6752,111.8723,12.0,3342606831000.0,371759537000.0,544750586000.0,534728379000.0,20.98,16.5,11.12,20.16,13.23,558743482000.0,270881380000.0,287862102000.0,2840478359000.0,1834142352000.0,0.3,0.53,1.67,1.56,10.71,672866965000.0,-125786181000.0,492457060000.0,1.81,52.98,44.6,399.9,21.2,-21.5,1.0,-0.04
KOTA,DMS Propertindo Tbk.,Real Estate,Real Estate Services,2026-03-31,TTM,IDR,2026-09-02,10546043868.0,5.0114,117.7351,,150327517371.0,52850235615.0,92508503515.0,79593465603.0,71.39,39.48,35.16,4.35,2.97,434199802533.0,11398729177.0,422801073356.0,1894011974180.0,1241639909811.0,0.35,4.57,2.38,2.24,3.21,48490912037.0,-222655922141.0,-174165010104.0,0.92,0.0,472.1,202.1,80.2,,2.0,-0.0
BACA,Bank Capital Indonesia Tbk.,Financial Services,Banks - Regional,2026-06-30,TTM-gabungan,IDR,2026-09-02,19953024885.0,7.1454,341.32,,1302320000000.0,142572000000.0,,,,,10.95,2.11,0.59,33576000000.0,2045754000000.0,-2012178000000.0,25605800000000.0,6810367000000.0,0.0,,,,,1037219000000.0,-38991000000.0,998228000000.0,7.28,0.0,30.4,45.0,31.1,57.7,3.0,0.0
ASSA,Adi Sarana Armada Tbk.,Industrials,Rental & Leasing Services,2026-06-30,TTM-gabungan,IDR,2026-09-02,3691137517.0,112.0035,612.5153,50.0,6217896056610.0,413420390553.0,1115751291511.0,1023241688452.0,31.32,15.81,6.65,19.15,4.8,4385387534441.0,1124492275976.0,3219202689859.0,9015923836764.0,2260878191223.0,1.94,2.89,0.99,0.92,3.6,1097842164724.0,-361704487852.0,736137676872.0,2.66,44.64,10.1,0.7,0.7,59.5,3.0,0.0
PRDA,Prodia Widyahusada Tbk.,Healthcare,Diagnostics & Research,2026-06-30,TTM-gabungan,IDR,2026-09-02,889775500.0,241.2856,2629.325,162.68,2369031000000.0,214690000000.0,473106000000.0,278566000000.0,57.52,10.57,9.06,8.88,7.88,20978000000.0,542734000000.0,-521756000000.0,2642712000000.0,2339509000000.0,0.01,-1.1,5.35,5.1,155.8,454973000000.0,-137499000000.0,317474000000.0,2.12,68.21,27.0,773.2,1.5,-17.8,1.0,-5.09
MGRO,Mahkota Group Tbk.,Consumer Defensive,Packaged Foods,2026-06-30,TTM-gabungan,IDR,2026-09-02,3488375600.0,-10.4951,89.444,,6659076413801.0,-36610929066.0,56821167047.0,46357730839.0,4.78,0.73,-0.55,-10.02,-1.23,2215179137897.0,143291032193.0,2071614630980.0,2858298930212.0,312014430720.0,7.1,36.46,0.61,0.32,0.45,275883385280.0,-5368705956.0,270514679324.0,-7.54,0.0,53.0,44.6,-5.5,,1.0,-1.05
RALS,Ramayana Lestari Sentosa Tbk,Consumer Cyclical,Department Stores,2026-06-30,TTM-gabungan,IDR,2026-09-02,6134777300.0,39.0932,565.2174,50.0,2175205000000.0,239828000000.0,644811000000.0,288615000000.0,53.63,2.21,11.03,6.61,4.67,420727000000.0,1121563000000.0,-700836000000.0,4531442000000.0,3467483000000.0,0.12,-1.09,4.4,3.9,10.13,610366000000.0,-367997000000.0,242369000000.0,2.55,125.53,-71.4,-94.7,-7.6,-9.0,1.0,3.43
VICO,Victoria Investama Tbk.,Financial Services,Asset Management,2026-03-31,TTM,IDR,2026-09-02,15217075658.0,31.6054,244.9249,,2584225042000.0,480942093000.0,2424641845000.0,2385932277000.0,90.86,73.73,18.61,13.84,1.39,3363350011000.0,2098303391000.0,1234839174000.0,35333726750000.0,3727041411000.0,0.9,0.51,1.02,1.02,1.39,-1694470059000.0,-29931357000.0,-1724401416000.0,-3.52,0.0,-1.5,32.9,4.7,61.5,2.0,0.0
ASLI,Asri Karya Lestari Tbk.,Industrials,Engineering & Construction,2026-03-31,TTM,IDR,2026-09-02,6250000000.0,-17.3657,59.2533,,58774500222.0,-108535656417.0,-92769851774.0,-100799006440.0,-97.75,-171.01,-184.66,-25.57,-22.56,23843910024.0,5601562125.0,5981844573.0,405645247393.0,370333433577.0,0.06,,3.32,1.52,-18.4,44826273383.0,-3391107779.0,41704723823.0,-0.41,0.0,-74.3,44.2,-11.9,,1.0,0.0
FUTR,Futura Energi Global Tbk.,Utilities,Utilities - Renewable,2026-03-31,TTM,IDR,2026-09-02,6635551959.0,-6.8958,26.0804,,21917368803.0,-45757221609.0,-29284535722.0,-44246500545.0,24.71,-176.12,-208.77,-23.39,-20.8,5512787805.0,30741803730.0,-25229015925.0,201443988832.0,173057545792.0,0.03,,7.07,7.07,-161.84,-881564003.0,294943477.0,-586620526.0,0.02,0.0,-77.3,-264.5,-10.8,,2.0,0.0
JAWA,Jaya Agra Wattie Tbk.,Consumer Defensive,Farm Products,2026-06-30,TTM,IDR,2026-09-02,16232951842.0,-3.1816,84.1216,,1602591390172.0,-51646175623.0,140383303410.0,139868236169.0,9.66,3.65,-3.22,-3.73,-1.29,1001152247681.0,167807914.0,1000263328917.0,4064181302440.0,1365541137066.0,0.73,7.13,0.88,0.27,0.81,136264664711.0,-193868627203.0,-57603962492.0,-2.64,0.0,-3.9,195.1,21.5,,2.0,0.0
DNAR,Bank Oke Indonesia Tbk.,Financial Services,Banks - Regional,2026-06-30,TTM-gabungan,IDR,2026-09-02,16892391185.0,13.2017,231.4483,,804456442843.0,223007495392.0,,,,,27.72,5.89,1.68,407954033186.0,991003444556.0,-583049411370.0,14381163362028.0,3909714671294.0,0.1,,,,,359096155133.0,-22479487609.0,336616667524.0,1.61,0.0,23.1,93.9,16.4,129.6,3.0,0.0
BABP,Bank MNC Internasional Tbk.,Financial Services,Banks - Regional,2026-06-30,TTM,IDR,2026-09-02,44458997354.0,1.843,85.2651,,753910000000.0,81936000000.0,,,,,10.87,2.19,0.38,867000000.0,1953443000000.0,-1952576000000.0,21681618000000.0,3790803000000.0,0.0,,,,,-1243622000000.0,-31444000000.0,-1275066000000.0,-15.18,0.0,0.9,8.0,-1.4,15.9,2.0,0.0
DWGL,Dwi Guna Laksana Tbk.,Energy,Thermal Coal,2026-03-31,TTM-gabungan,IDR,2026-09-02,9252820991.0,24.086,58.1652,,3423931555000.0,222863468000.0,330299636000.0,326686821000.0,11.44,9.71,6.51,54.81,14.01,299965880000.0,422659881000.0,6641294000.0,1581400249000.0,538192098000.0,0.56,0.02,1.63,1.58,6.86,219164592000.0,-1018486000.0,218146106000.0,0.98,0.0,-9.1,52.7,7.9,304.3,3.0,0.0
BHIT,MNC Asia Holding Tbk.,Communication Services,Entertainment,2026-06-30,TTM,IDR,2026-09-02,83542741759.0,4.5154,197.0792,,13881575000000.0,377226000000.0,2822471000000.0,2405821000000.0,38.78,16.75,2.72,2.22,0.51,9654585000000.0,2709104000000.0,6912625000000.0,71502232000000.0,16464537000000.0,0.59,2.45,1.12,0.97,2.18,751930000000.0,-923077000000.0,-171147000000.0,1.99,0.0,-7.6,-117.3,-7.1,-13.1,1.0,0.0
BISI,BISI International Tbk,Basic Materials,Agricultural Inputs,2026-06-30,TTM-gabungan,IDR,2026-09-02,3000000000.0,81.5543,1166.842,26.0,2017444000000.0,244663000000.0,319147000000.0,303776000000.0,36.78,14.35,12.13,7.07,6.57,16806000000.0,341461000000.0,-324655000000.0,3811412000000.0,3500526000000.0,0.0,-1.02,11.15,3.68,3197.64,-108860000000.0,-65771000000.0,-174631000000.0,-0.44,31.93,76.7,27.6,-11.1,-28.6,2.0,0.0
FAST,Fast Food Indonesia Tbk,Consumer Cyclical,Restaurants,2026-03-31,Tahunan,IDR,2026-09-02,4520402492.0,-176.248,65.0905,,4875792516000.0,-796711869000.0,130986573000.0,-241682788000.0,58.26,-14.31,-16.34,-465.1,-18.27,2342591412000.0,243906769000.0,1892694372000.0,5194225559000.0,294235230000.0,7.96,14.45,0.35,0.25,-2.87,148560138000.0,-284481023000.0,-135920885000.0,-0.19,0.0,10.7,105.6,0.2,,1.0,13.38
TEBE,Dana Brata Luhur Tbk.,Industrials,Infrastructure Operations,2026-06-30,TTM-gabungan,IDR,2026-09-02,1285000000.0,97.3684,807.0416,156.0,489155043000.0,125118439000.0,169326626000.0,168970508000.0,35.42,28.91,25.58,11.8,11.14,0.0,433412670000.0,-433412670000.0,1094844372000.0,1037048454000.0,0.0,-2.56,12.83,12.56,-706.2,128330579000.0,-3273434000.0,125057145000.0,1.03,160.21,28.9,7555.5,-14.8,-25.8,0.0,0.0
BCAP,MNC Kapital Indonesia Tbk.,Financial Services,Financial Conglomerates,2026-06-30,TTM,IDR,2026-09-02,42618850927.0,6.7071,106.4605,,3891715000000.0,285850000000.0,1693475000000.0,1635379000000.0,61.12,46.55,7.35,5.94,0.95,3677778000000.0,2409295000000.0,1268483000000.0,30316862000000.0,4537224000000.0,0.81,0.75,2.63,2.63,1.27,1612472000000.0,-46764000000.0,-134002000000.0,5.64,0.0,7.8,27.0,11.4,23.4,2.0,0.0
UCID,Uni-Charm Indonesia Tbk.,Consumer Defensive,Household & Personal Products,2026-06-30,TTM-gabungan,IDR,2026-09-02,4156572300.0,-247.8737,1143.7886,6.67,8159652000000.0,-1030305000000.0,-600777000000.0,-693026000000.0,19.26,-3.01,-12.63,-19.36,-12.15,968475000000.0,2142235000000.0,-1173760000000.0,8385486000000.0,4754240000000.0,0.2,,2.29,1.78,-46.76,516635000000.0,-38991000000.0,477644000000.0,-0.5,2.04,9.5,397.7,-8.2,,1.0,0.0
KMTR,Kirana Megatara Tbk.,Consumer Cyclical,Auto Parts,2026-06-30,TTM-gabungan,IDR,2026-09-02,8215366379.0,-3.8908,258.4357,,11948261438833.0,-31964594098.0,128462203230.0,117874882302.0,4.86,1.79,-0.27,-1.51,-0.55,3026750342046.0,313619456853.0,2713130885193.0,5472080263841.0,2123144070660.0,1.43,21.12,1.31,0.59,0.87,-179629649522.0,-44490603341.0,-224120252863.0,5.62,0.0,-8.2,-108.6,3.8,,1.0,0.0
BRAM,Indo Kordsa Tbk,Consumer Cyclical,Textile Manufacturing,2026-06-30,TTM-gabungan,USD,2026-09-02,450056980.0,234.7592,8427.2317,200.0,2584594418400.0,105655003680.0,210378974880.0,199817902080.0,13.05,4.46,4.09,2.77,2.09,43904496000.0,432772944960.0,-388868448960.0,5020930061760.0,3792734437920.0,0.01,-1.85,2.31,1.55,73.13,491514127200.0,-182879923680.0,308634203520.0,4.65,84.46,8.9,-9.5,-28.2,,0.0,0.0
IFSH,Ifishdeco Tbk.,Basic Materials,Other Industrial Metals & Mining,2026-03-31,TTM-gabungan,IDR,2026-09-02,1923147400.0,30.8723,439.3147,26.0,1090446111501.0,59371908478.0,201169109566.0,171270567373.0,30.01,21.49,5.44,7.19,5.69,31194736604.0,172194802282.0,-141000065678.0,1077493275496.0,844866939311.0,0.04,-0.7,3.71,3.7,49.19,109825202833.0,-31430444884.0,78394757949.0,1.85,40.65,12.7,-115.4,2.2,-28.7,1.0,0.0
OASA,Maharaksa Biru Energi Tbk.,Industrials,Engineering & Construction,2026-03-31,TTM,IDR,2026-09-02,6347220000.0,-9.2032,84.7845,,14512909427.0,-58414460849.0,-47100059516.0,-53628666624.0,13.58,-324.31,-402.5,-10.3,-8.76,23805531739.0,2520831457.0,19789261570.0,608807253764.0,538145819515.0,0.04,,1.9,1.9,-30.71,50569088334.0,-496899977.0,50072188357.0,-0.87,0.0,-88.3,-193.5,-7.2,,1.0,0.0
IPCC,Indonesia Kendaraan Terminal,Industrials,Integrated Freight & Logistics,2026-06-30,TTM-gabungan,IDR,2026-09-02,1818384820.0,135.2566,718.4661,112.85,927910580000.0,245948590000.0,352315792000.0,350242223000.0,42.01,31.55,26.51,18.67,12.47,475727236000.0,1110986539000.0,-635259303000.0,2045844272000.0,1306447831000.0,0.36,-1.8,3.83,3.83,9.82,366779466000.0,-6346572000.0,363752218000.0,1.49,83.43,3.9,-1.4,8.6,16.6,3.0,0.0
UDNG,Agro Bahari Nusantara Tbk.,Consumer Defensive,Farm Products,,Tahunan,IDR,2026-09-02,1750040072.0,-1.9605,29.5966,,21623836809.0,-3430893669.0,-3661025388.0,-4003204909.0,-4.55,-18.72,-15.87,-6.41,-6.04,619255215.0,2700274197.0,-2081018982.0,55989856216.0,51795286301.0,0.01,,2.7,1.26,-81.56,166495522.0,-5165081959.0,-4998586437.0,-0.05,0.0,,,75.7,,2.0,0.0
MMLP,Mega Manunggal Property Tbk.,Real Estate,Real Estate Services,2026-06-30,TTM,IDR,2026-09-02,6889134608.0,15.1577,686.8514,11.61,370237002000.0,104423439000.0,257435916000.0,255745844000.0,96.06,53.6,28.2,2.23,1.58,1594900801000.0,179229459000.0,1362508956000.0,6676166544000.0,4731811884000.0,0.34,5.29,1.62,1.62,1.83,122028164000.0,-343823000.0,121684341000.0,1.17,0.0,9.0,125.5,2.1,-16.2,1.0,0.0
NETV,MDTV Media Technologies Tbk.,Communication Services,Broadcasting,2026-06-30,TTM,IDR,2026-09-02,41360517722.0,-5.6761,8.9924,,83042385428.0,-234768437143.0,-177609496104.0,-193826718092.0,-76.85,-185.12,-282.71,-47.95,-25.85,392576640000.0,10257818373.0,382318821627.0,826753625175.0,371928990004.0,1.06,,1.12,0.15,-33.33,-181593716443.0,-4906818194.0,-186500534637.0,0.77,0.0,41.7,49.5,-42.6,,1.0,0.0
PMJS,Putra Mandiri Jembar Tbk.,Consumer Cyclical,Auto & Truck Dealerships,2026-03-31,TTM-gabungan,IDR,2026-09-02,13755600000.0,9.6683,199.9414,3.5,10851265929741.0,132992834397.0,314509536920.0,229321499044.0,6.48,1.87,1.23,4.93,2.1,497440057533.0,1513236143457.0,-1015796085924.0,8086389919046.0,2750314439491.0,0.18,-3.23,1.26,0.53,26.91,594703646270.0,-123434755612.0,471268890658.0,4.47,24.51,-10.4,47.3,-3.5,-24.9,1.0,0.0
DGWG,Delta Giri Wacana Tbk.,Basic Materials,Agricultural Inputs,2026-03-31,TTM-gabungan,IDR,2026-09-02,5882353000.0,41.1975,189.4334,24.0,4447580000000.0,242338000000.0,456530000000.0,418972000000.0,25.75,9.94,5.45,25.88,7.03,1201471000000.0,53846000000.0,1092284000000.0,3987401000000.0,1114314000000.0,1.08,2.39,1.14,0.53,4.51,95679000000.0,-107854000000.0,-12175000000.0,0.39,32.61,,,35.0,15.4,2.0,0.0
NICE,Adhi Kartiko Pratama Tbk.,Basic Materials,Other Industrial Metals & Mining,2026-03-31,TTM,IDR,2026-09-02,6082020000.0,-3.1308,34.3334,,1309575484692.0,-19041524388.0,50837105695.0,45552686354.0,21.48,3.94,-1.45,-8.72,-2.98,236800847135.0,62591906389.0,174208940746.0,803295931002.0,208816633528.0,1.13,3.43,0.53,0.33,5.01,147596902339.0,-230363931636.0,-82767029297.0,-7.75,0.0,53.2,14.5,10.7,,0.0,0.0
MTMH,Murni Sadar Tbk.,Healthcare,Medical Care Facilities,2026-06-30,TTM-gabungan,IDR,2026-09-02,2068526950.0,23.2771,740.6019,2.42,1506066007227.0,48149394944.0,226332823339.0,140833654942.0,29.91,8.64,3.2,3.29,1.81,911740460581.0,2199042992.0,846015371039.0,2861432982762.0,1531955009698.0,0.6,3.74,0.5,0.42,2.3,239155488731.0,-413244316270.0,-174088827539.0,4.97,10.4,31.9,106.4,18.2,-12.9,2.0,0.0
MBAP,Mitrabara Adiperdana Tbk.,Energy,Thermal Coal,2026-03-31,TTM,USD,2026-09-02,1227271952.0,24.4438,2669.9184,38.0,2859178119840.0,29999161920.0,100284415200.0,60407904960.0,12.88,1.09,1.05,0.91,0.66,637113431040.0,938653491360.0,-301540060320.0,4505704682880.0,3276716021760.0,0.19,-3.01,5.2,4.2,6.79,-136366821120.0,-381447202080.0,-517814023200.0,-4.55,0.0,-7.7,8.7,-28.4,-79.5,0.0,0.0
JGLE,Graha Andrasentra Propertind,Consumer Cyclical,Leisure,2026-06-30,TTM,IDR,2026-09-02,22581909405.0,-1.9048,47.4079,,156219000000.0,-43014000000.0,-20727000000.0,-39763000000.0,64.15,-1.38,-27.53,-3.98,-2.84,205886000000.0,6988000000.0,198204000000.0,1500291000000.0,1070562000000.0,0.19,,0.83,0.19,-12.23,2605000000.0,-2761000000.0,-156000000.0,-0.06,0.0,-0.7,-247.2,-6.7,,2.0,0.0
STAR,Calculus Global Ventures Tbk,Financial Services,Asset Management,2026-03-31,TTM,IDR,2026-09-02,4800000602.0,5.1045,113.1107,,7657845023.0,24501537085.0,26532205739.0,26004991205.0,45.18,-6.73,319.95,4.62,4.6,913954417.0,29732296477.0,13376838042.0,545717655054.0,542931644535.0,0.0,0.5,268.84,268.84,23.62,-1457029859.0,-27570000.0,-1484599859.0,-0.06,0.0,69.9,46.3,13.5,135.8,3.0,0.0
PNBS,Bank Panin Dubai Syariah Tbk,Financial Services,Banks - Regional,2026-06-30,TTM-gabungan,IDR,2026-09-02,38813641319.0,1.9236,77.5274,,520943574000.0,74663193000.0,,,,,14.33,2.54,0.39,10284157000.0,1148689238000.0,-1138405081000.0,20460630487000.0,3009121630000.0,0.0,,,,,-524481965000.0,-23463913000.0,-547945878000.0,-7.02,0.0,51.0,135.4,-9.8,-56.9,0.0,0.0
BKSW,Bank QNB Indonesia Tbk.,Financial Services,Banks - Regional,2026-06-30,TTM-gabungan,IDR,2026-09-02,35158048365.0,-0.8376,133.5589,,448682000000.0,-29447000000.0,,,,,-6.56,-0.62,-0.22,68267000000.0,1894194000000.0,-1825927000000.0,14429358000000.0,4695671000000.0,0.01,,,,,1054091000000.0,-45416000000.0,1008675000000.0,-35.8,0.0,-0.3,23.2,-15.8,,1.0,0.0
SCCO,Supreme Cable Manufacturing ,Industrials,Electrical Equipment & Parts,2026-06-30,TTM-gabungan,IDR,2026-09-02,822333600.0,408.3592,6975.638,100.0,7492755169785.0,335807525629.0,382648121226.0,378268408877.0,8.86,5.05,4.48,5.99,5.59,,1164324099773.0,,6215057697721.0,5736301540807.0,,,6.56,4.6,,215919058567.0,-25437768794.0,190481289773.0,0.64,24.45,-1.3,21.5,10.7,43.3,3.0,0.0
IFII,Indonesia Fibreboard Industr,Basic Materials,Lumber & Wood Production,2026-06-30,TTM-gabungan,IDR,2026-09-02,9412000000.0,16.2107,149.4588,12.0,1199278457467.0,152574694698.0,217644619329.0,214260021589.0,31.36,17.14,12.72,10.94,8.63,193328284440.0,149332779100.0,42970201100.0,1743270460347.0,1406706303195.0,0.14,0.2,2.56,1.13,11.24,359113820129.0,-60622115721.0,298491704408.0,2.35,80.0,-35.2,-57.0,13.9,23.6,3.0,0.0
AYAM,Janu Putra Sejahtera Tbk.,Consumer Defensive,Farm Products,2026-03-31,TTM,IDR,2026-09-02,4000000000.0,0.4809,53.5258,,218651476798.0,1923562689.0,7112273774.0,6711973900.0,5.19,-0.97,0.88,0.9,0.38,39651500012.0,2762341762.0,36889158250.0,520440140932.0,214103014548.0,0.19,5.19,1.0,0.1,1.59,8817493872.0,-2748604941.0,6068888931.0,4.58,0.0,-46.2,53.4,-12.3,-81.8,0.0,0.0
LPGI,Lippo General Insurance Tbk,Financial Services,Insurance - Diversified,2025-12-31,TTM,IDR,2026-09-02,3000000000.0,48.2438,372.1276,10.0,3644617534967.0,144731453092.0,,99162437471.0,,,3.97,14.1,4.03,264471501.0,15585204627.0,-15320733126.0,3550815818181.0,1116382932707.0,0.0,,,,175.74,505352898014.0,-41495407323.0,480418634574.0,3.49,18.87,30.2,314.8,17.8,25.1,2.0,0.0
AMAG,Asuransi Multi Artha Guna Tb,Financial Services,Insurance - Property & Casualty,2026-06-30,TTM,IDR,2026-09-02,4945746416.0,50.3889,439.2137,30.0,2310939847000.0,249210552000.0,,,,,10.78,12.56,4.6,,724884369000.0,,5687738682000.0,2172239539000.0,,,,,,96719293000.0,-5353382000.0,266562487000.0,0.39,66.87,-8.5,366.9,30.1,-2.7,1.0,-0.12
POLI,Pollux Hotels Group Tbk.,Real Estate,Real Estate - Development,2026-06-30,TTM,IDR,2026-09-02,2010526400.0,35.0329,1065.0241,,550080529253.0,70434584173.0,205571690365.0,193193860041.0,45.39,29.71,12.8,3.34,1.67,1386625965904.0,21002331891.0,1365623634013.0,4146691417522.0,2141259089731.0,0.65,6.64,1.85,0.3,1.93,11306976961.0,-8891390262.0,2415586699.0,0.16,0.0,-20.1,8.1,23.0,-23.4,1.0,0.0
BACH,Bach Multi Global Tbk.,Industrials,Electrical Equipment & Parts,,Tahunan,IDR,2026-09-02,4084430000.0,38.0832,131.2002,,1732944872499.0,155548239865.0,226254141638.0,220086829991.0,17.97,13.4,8.98,32.08,15.19,376612770590.0,11971028627.0,364641741963.0,1232630823230.0,535877913083.0,0.7,1.61,1.29,0.9,12.08,131883498360.0,-369431562872.0,-237548064512.0,0.85,0.0,,,,,2.0,0.0
KINO,Kino Indonesia Tbk.,Consumer Defensive,Beverages - Non-Alcoholic,2026-06-30,TTM-gabungan,IDR,2026-09-02,1378818900.0,160.3248,1332.0514,45.0,4890551260506.0,221058872944.0,429891961474.0,378230114223.0,42.99,6.34,4.52,12.54,4.74,1417037095916.0,183955663951.0,1140414200335.0,4668790441323.0,1836657649506.0,0.77,2.65,0.69,0.52,3.18,870158858225.0,-161144493062.0,709014365163.0,3.94,27.95,21.8,128.4,6.8,,3.0,0.0
LPPF,MDS Retailing Tbk.,Consumer Cyclical,Department Stores,2026-06-30,TTM-gabungan,IDR,2026-09-02,1170221600.0,660.3125,256.771,250.0,10940129000000.0,772712000000.0,1896705000000.0,1179374000000.0,34.74,9.88,7.06,118.33,13.02,2490180000000.0,240076000000.0,84986000000.0,4369056000000.0,300479000000.0,8.29,0.04,0.61,0.25,5.24,1646485000000.0,-130917000000.0,1515568000000.0,2.13,72.05,-60.5,-106.3,-3.7,-19.4,1.0,0.0
BMTR,Global Mediacom Tbk,Communication Services,Entertainment,2026-06-30,TTM-gabungan,IDR,2026-09-02,16352512086.0,34.7145,982.3846,,8972630000000.0,567670000000.0,1988027000000.0,1610950000000.0,37.8,15.29,6.33,3.48,1.59,5661678000000.0,907077000000.0,4718706000000.0,35212730000000.0,16064456000000.0,0.35,2.37,4.01,2.81,2.64,1274600000000.0,-1532740000000.0,-258140000000.0,2.25,0.0,-25.6,-170.0,-7.8,-13.2,1.0,0.0
BOLT,Garuda Metalindo Tbk.,Industrials,Tools & Accessories,2026-06-30,TTM-gabungan,IDR,2026-09-02,2343750000.0,59.3961,360.1899,50.0,1733840965113.0,139209675175.0,237003495864.0,230209658770.0,24.23,12.98,8.03,16.48,9.42,359579005587.0,44035298327.0,298948765601.0,1616593517066.0,844195024103.0,0.43,1.26,1.56,0.75,10.74,325327567442.0,-21556002319.0,303771565123.0,2.34,78.44,23.7,27.5,5.4,18.5,2.0,0.0
SMBR,Semen Baturaja (Persero) Tbk,Basic Materials,Building Materials,2026-03-31,TTM-gabungan,IDR,2026-09-02,9932534336.0,14.1239,345.3296,3.46,2273486047000.0,140285986000.0,260366409000.0,242112700000.0,28.98,9.45,6.17,4.19,2.91,521577745000.0,72613906000.0,335351683000.0,4726051246000.0,3429997910000.0,0.15,1.29,1.48,1.1,5.16,342944454000.0,-58325743000.0,284618711000.0,2.44,18.59,-35.7,-81.5,7.9,30.5,3.0,0.0
BVIC,Bank Victoria International ,Financial Services,Banks - Regional,2026-06-30,TTM-gabungan,IDR,2026-09-02,18419418828.0,3.79,235.0151,,903742954000.0,69808869000.0,,,,,7.72,1.68,0.21,3932425170000.0,2793339196000.0,1116258492000.0,34929016613000.0,4328841561000.0,0.91,,,,,361221836000.0,-24697837000.0,336523999000.0,5.17,0.0,32.5,-31.2,4.6,-16.5,2.0,16.22
BLES,Superior Prima Sukses Tbk.,Basic Materials,Building Materials,2026-06-30,TTM-gabungan,IDR,2026-09-02,8890206400.0,25.0765,140.669,1.89,1715181453068.0,222935434198.0,361176078639.0,330565318808.0,33.44,18.61,13.0,19.21,11.11,533689446787.0,162205830991.0,333679239736.0,2133306736804.0,1250576310854.0,0.43,0.92,1.11,0.89,7.27,396491505120.0,-264125516324.0,225071402699.0,1.78,7.54,63.5,9153.6,10.5,8.6,2.0,0.0
DVLA,Darya-Varia Laboratoria Tbk,Healthcare,Drug Manufacturers - Specialty & Generic,2026-06-30,TTM-gabungan,IDR,2026-09-02,1120000000.0,121.63,1339.3585,128.0,2354247520000.0,136225561000.0,224723285000.0,182294229000.0,52.15,6.9,5.79,9.01,5.45,119394000.0,471021298000.0,-470901904000.0,2606430632000.0,1500081542000.0,0.0,-2.1,2.15,1.55,10934.81,222642312000.0,-107244627000.0,115397685000.0,1.63,86.07,12.8,-51.3,5.2,3.2,2.0,0.0
INDS,Indospring Tbk,Consumer Cyclical,Auto Parts,2026-06-30,TTM,IDR,2026-09-02,6562497100.0,9.747,521.5716,5.0,3576358688541.0,63964696017.0,154716784216.0,130638602282.0,13.16,3.48,1.79,1.88,1.43,250973563667.0,57341500501.0,187081950304.0,4626400439644.0,3422811992077.0,0.07,1.21,2.68,1.13,8.28,140669225705.0,-116328254924.0,24340970781.0,2.2,51.28,25.4,63.2,-3.2,-28.4,1.0,0.0
DOID,BUMA Internasional Grup Tbk.,Energy,Thermal Coal,2026-06-30,TTM,USD,2026-09-02,7357169432.0,-223.7568,10.5388,,25626733392000.0,-1646216597760.0,-677519508960.0,-777242654880.0,4.68,-3.93,-6.42,-171.2,-6.21,18569223495360.0,2814235036800.0,14800650489600.0,25103747230560.0,77535577920.0,239.49,,0.98,0.87,-0.64,1676902379040.0,-2008841964960.0,-331939585920.0,-1.02,0.0,6.5,62.5,-1.6,,1.0,-1.19
BLTZ,Graha Layar Prima Tbk.,Communication Services,Entertainment,2026-03-31,TTM-gabungan,IDR,2026-09-02,873937142.0,78.4398,487.2158,,1279068965000.0,68551473000.0,200186462000.0,200186462000.0,44.67,14.83,5.36,16.86,3.79,1120735934000.0,133435592000.0,270564408000.0,1770342716000.0,425796014000.0,2.63,1.35,0.36,0.33,1.85,330825021000.0,-57350649000.0,273474372000.0,4.83,0.0,-23.4,69.9,5.9,,2.0,0.0
SIPD,Sreeya Sewu Indonesia Tbk.,Consumer Defensive,Farm Products,2026-06-30,TTM,IDR,2026-09-02,1839102056.0,-5.2265,643.3792,,5709930000000.0,-9612000000.0,89403000000.0,73574000000.0,8.3,1.14,-0.17,-0.81,-0.33,920993000000.0,130248000000.0,779090000000.0,2806746000000.0,1183240000000.0,0.78,8.71,1.38,0.65,1.3,-116435000000.0,-90860000000.0,-207295000000.0,12.11,0.0,16.7,-124.4,-3.5,,3.0,0.0
MERK,Merck Tbk,Healthcare,Drug Manufacturers - Specialty & Generic,2026-06-30,TTM,IDR,2026-09-02,448000000.0,743.6645,2152.4328,275.0,1350746385000.0,333161699000.0,457846459000.0,450160126000.0,49.96,31.92,24.67,37.14,29.81,17460400000.0,328000000000.0,-310539600000.0,1227685670000.0,964289915000.0,0.02,-0.68,5.0,3.38,193.22,311050443000.0,-20017631000.0,298606129000.0,0.93,37.01,31.0,400.2,2.2,10.7,1.0,0.0
INDR,Indo-Rama Synthetics Tbk.,Consumer Cyclical,Textile Manufacturing,2026-06-30,TTM-gabungan,USD,2026-09-02,654351707.0,-81.315,10270.9035,,14679627686880.0,-53208587040.0,135942694560.0,120722676480.0,4.01,1.09,-0.36,-0.78,-0.39,2144020446720.0,320228872800.0,1805615989920.0,13960860009600.0,6720783262560.0,0.32,13.28,1.01,0.39,1.22,833082279360.0,-532011278400.0,301071000960.0,-15.66,0.0,16.2,363.1,-6.0,,2.0,0.0
PSSI,IMC Pelita Logistik Tbk.,Industrials,Marine Shipping,2026-06-30,TTM-gabungan,USD,2026-09-02,5121189153.0,-11.2985,517.0186,5.0,893426283840.0,-57861920160.0,-26789752320.0,-37577442720.0,9.11,-2.7,-6.48,-2.13,-1.82,190846828800.0,853558991040.0,-662712162240.0,3040029514080.0,2647749848640.0,0.07,,6.17,5.82,-3.66,175802901120.0,-311641948320.0,-135839047200.0,-3.04,491.0,-23.1,-47.9,-21.8,-82.0,0.0,-2.23
SUNI,Sunindo Pratama Tbk.,Energy,Oil & Gas Equipment & Services,2026-06-30,TTM-gabungan,IDR,2026-09-02,2406400000.0,67.0279,366.497,10.39,868503730328.0,161296033954.0,211952200658.0,207552463123.0,32.37,23.74,18.57,18.72,13.89,168641806668.0,159644592788.0,8997213880.0,1191919072427.0,881938317564.0,0.19,0.04,3.22,2.06,824.39,111458906701.0,-161599248118.0,-50140341417.0,0.69,15.52,-46.0,-39.7,45.7,102.4,2.0,-3.74
CARS,Industri dan Perdagangan Bin,Consumer Cyclical,Auto & Truck Dealerships,2026-06-30,TTM-gabungan,IDR,2026-09-02,15000000000.0,10.5847,73.4274,,4711522469475.0,158770363601.0,335694955408.0,293316314188.0,12.98,3.72,3.37,16.26,4.86,1153062002227.0,416889107625.0,736172894602.0,3132039195975.0,1101411318803.0,1.05,2.19,0.96,0.77,8.52,90432408743.0,-34057241262.0,56375167481.0,0.57,0.0,-12.7,-29.6,-4.9,2.7,2.0,0.0
COCO,Wahana Interfood Nusantara T,Consumer Defensive,Confectioners,,,IDR,2026-09-02,14237823696.0,,,,,,,,,,,,,,,,,,,,,,,,,,,,,,,,,
CSAP,Catur Sentosa Adiprana Tbk.,Industrials,Industrial Distribution,2026-06-30,TTM-gabungan,IDR,2026-09-02,5683175151.0,32.1892,640.587,4.0,18389723287000.0,182936860000.0,1029842729000.0,552754223000.0,16.02,3.15,0.99,5.15,1.49,4427173868000.0,116546896000.0,3021361111000.0,12415985698000.0,3640568278000.0,1.22,2.93,0.99,0.38,1.86,922141837000.0,-397495490000.0,524646347000.0,5.04,12.43,20.4,1708.4,4.3,-22.2,1.0,0.0
SQMI,Wilton Makmur Indonesia Tbk.,Basic Materials,Gold,2026-03-31,TTM,IDR,2026-09-02,15537591429.0,-1.3782,6.8319,,1555603649.0,-21413531643.0,-9850385717.0,-11561808891.0,69.24,-3096.96,-1376.54,-35.18,-4.07,24992243379.0,4517853063.0,17676146937.0,515431782046.0,106151505286.0,0.24,,0.03,0.02,-3.96,-27845937694.0,-274517541.0,-28120455235.0,1.3,0.0,-34.1,33.6,-29.2,,1.0,0.0
DEPO,Caturkarda Depo Bangunan Tbk,Consumer Cyclical,Home Improvement Retail,2026-03-31,TTM-gabungan,IDR,2026-09-02,6790000000.0,11.0067,201.8798,1.5,2817430207638.0,74735365408.0,176638019598.0,110894110507.0,20.28,1.92,2.65,5.58,3.27,318006441819.0,161068531607.0,26752568392.0,2294438442176.0,1370764106005.0,0.23,0.15,1.73,0.62,5.06,183767900493.0,-91689072051.0,92078828442.0,2.46,0.0,-19.2,-65.5,4.0,-9.3,1.0,0.0
SPTO,Surya Pertiwi Tbk.,Consumer Cyclical,"Furnishings, Fixtures & Appliances",2026-06-30,TTM-gabungan,IDR,2026-09-02,2700000000.0,95.3895,635.0077,70.0,2827568212740.0,257551605977.0,392511462848.0,362778860437.0,28.51,11.96,9.11,15.11,7.57,200799096147.0,213260340965.0,60715026094.0,3363145425699.0,1714520918189.0,0.12,0.15,1.99,1.17,21.28,383612222381.0,-62413807414.0,305797681634.0,1.49,73.39,4.4,2.1,3.5,9.4,2.0,0.0
BMHS,Bundamedik Tbk.,Healthcare,Medical Care Facilities,2026-06-30,TTM,IDR,2026-09-02,8603416176.0,-0.1265,225.7544,1.03,1624085561243.0,-1088410417.0,192027916278.0,76249969743.0,46.42,5.85,-0.07,-0.06,-0.03,1497645697167.0,230699944756.0,1156380415655.0,4127237041700.0,1942259408094.0,0.77,6.02,1.71,1.65,1.2,219522901685.0,-291500519950.0,-71977618265.0,-201.69,63.11,4.7,-1634.3,-0.9,-47.0,2.0,0.0
TPMA,Trans Power Marine Tbk.,Industrials,Marine Shipping,2026-06-30,TTM-gabungan,USD,2026-09-02,3496480134.0,58.4063,634.6938,42.0,2167281713280.0,204216592320.0,371315157600.0,361343521440.0,22.62,15.85,9.42,8.8,4.33,2070218553600.0,176968560960.0,1887177617760.0,4928177822400.0,2219194211040.0,0.93,5.08,0.96,0.88,2.71,519449399520.0,-987103286400.0,-467653886880.0,2.54,71.08,37.6,-58.6,21.8,7.7,2.0,0.0
ERAL,Sinar Eka Selaras Tbk.,Consumer Cyclical,Specialty Retail,2026-06-30,TTM,IDR,2026-09-02,5187500000.0,38.3873,349.0622,8.0,7896947834690.0,199133907028.0,559764167184.0,323188671762.0,17.59,4.06,2.52,11.5,6.94,314745265058.0,297737498003.0,256820366806.0,3148220708043.0,1810760188133.0,0.17,0.46,1.95,0.76,11.27,498142014602.0,-263317726966.0,234824287636.0,2.5,24.29,41.0,35.3,28.8,-2.9,1.0,0.0
PTSN,Sat Nusapersada Tbk,Technology,Electronic Components,2026-06-30,TTM-gabungan,USD,2026-09-02,5314344000.0,39.952,433.8607,7.04,5589954423360.0,212318473440.0,351064921440.0,302989915680.0,8.2,3.28,3.8,9.72,5.67,505352808000.0,51851261280.0,453501546720.0,4537125639360.0,2305685038080.0,0.22,1.29,1.16,0.74,10.62,537496880640.0,-675552304800.0,-138055424160.0,2.53,10.96,213.3,105.6,19.9,12.2,2.0,0.0
FMII,Fortune Mate Indonesia Tbk,Real Estate,Real Estate - Development,2026-06-30,TTM-gabungan,IDR,2026-09-02,6400000000.0,-0.6374,108.3054,,5295236789.0,-4079367289.0,-3332162427.0,-3795187649.0,44.18,-72.51,-77.04,-0.59,-0.54,45268220063.0,1599289770.0,43126988566.0,747484339593.0,693154275334.0,0.07,,3.23,0.83,-35.67,-14376351050.0,-2545000.0,-14378896050.0,3.52,0.0,-83.5,-96.8,-15.1,-5.6,2.0,0.0
